trade_date,source,error,attempted_at
2020-01-02,taifex_foreign_position,TAIFEX public daily institutional query is limited to the previous three years,2026-08-10T14:15:46+00:00
2020-01-03,taifex_foreign_position,TAIFEX public daily institutional query is limited to the previous three years,2026-08-10T14:15:46+00:00
2020-01-06,taifex_foreign_position,TAIFEX public daily institutional query is limited to the previous three years,2026-08-10T14:15:46+00:00
2020-01-07,taifex_foreign_position,TAIFEX public daily institutional query is limited to the previous three years,2026-08-10T14:15:46+00:00
2020-01-08,taifex_foreign_position,TAIFEX public daily institutional query is limited to the previous three years,2026-08-10T14:15:46+00:00
2020-01-09,taifex_foreign_position,TAIFEX public daily institutional query is limited to the previous three years,2026-08-10T14:15:46+00:00
2020-01-10,taifex_foreign_position,TAIFEX public daily institutional query is limited to the previous three years,2026-08-10T14:15:46+00:00
2020-01-13,taifex_foreign_position,TAIFEX public daily institutional query is limited to the previous three years,2026-08-10T14:15:46+00:00
2020-01-14,taifex_foreign_position,TAIFEX public daily institutional query is limited to the previous three years,2026-08-10T14:15:46+00:00
2020-01-15,taifex_foreign_position,TAIFEX public daily institutional query is limited to the previous three years,2026-08-10T14:15:46+00:00
2020-01-16,taifex_foreign_position,TAIFEX public daily institutional query is limited to the previous three years,2026-08-10T14:15:46+00:00
2020-01-17,taifex_foreign_position,TAIFEX public daily institutional query is limited to the previous three years,2026-08-10T14:15:46+00:00
2020-01-20,taifex_foreign_position,TAIFEX public daily institutional query is limited to the previous three years,2026-08-10T14:15:46+00:00
2020-01-30,taifex_foreign_position,TAIFEX public daily institutional query is limited to the previous three years,2026-08-10T14:15:46+00:00
2020-01-31,taifex_foreign_position,TAIFEX public daily institutional query is limited to the previous three years,2026-08-10T14:15:46+00:00
2020-02-03,taifex_foreign_position,TAIFEX public daily institutional query is limited to the previous three years,2026-08-10T14:15:46+00:00
2020-02-04,taifex_foreign_position,TAIFEX public daily institutional query is limited to the previous three years,2026-08-10T14:15:46+00:00
2020-02-05,taifex_foreign_position,TAIFEX public daily institutional query is limited to the previous three years,2026-08-10T14:15:46+00:00
2020-02-06,taifex_foreign_position,TAIFEX public daily institutional query is limited to the previous three years,2026-08-10T14:15:46+00:00
2020-02-07,taifex_foreign_position,TAIFEX public daily institutional query is limited to the previous three years,2026-08-10T14:15:46+00:00
2020-02-10,taifex_foreign_position,TAIFEX public daily institutional query is limited to the previous three years,2026-08-10T14:15:46+00:00
2020-02-11,taifex_foreign_position,TAIFEX public daily institutional query is limited to the previous three years,2026-08-10T14:15:46+00:00
2020-02-12,taifex_foreign_position,TAIFEX public daily institutional query is limited to the previous three years,2026-08-10T14:15:46+00:00
2020-02-13,taifex_foreign_position,TAIFEX public daily institutional query is limited to the previous three years,2026-08-10T14:15:46+00:00
2020-02-14,taifex_foreign_position,TAIFEX public daily institutional query is limited to the previous three years,2026-08-10T14:15:46+00:00
2020-02-17,taifex_foreign_position,TAIFEX public daily institutional query is limited to the previous three years,2026-08-10T14:15:46+00:00
2020-02-18,taifex_foreign_position,TAIFEX public daily institutional query is limited to the previous three years,2026-08-10T14:15:46+00:00
2020-02-19,taifex_foreign_position,TAIFEX public daily institutional query is limited to the previous three years,2026-08-10T14:15:46+00:00
2020-02-20,taifex_foreign_position,TAIFEX public daily institutional query is limited to the previous three years,2026-08-10T14:15:46+00:00
2020-02-21,taifex_foreign_position,TAIFEX public daily institutional query is limited to the previous three years,2026-08-10T14:15:46+00:00
2020-02-24,taifex_foreign_position,TAIFEX public daily institutional query is limited to the previous three years,2026-08-10T14:15:46+00:00
2020-02-25,taifex_foreign_position,TAIFEX public daily institutional query is limited to the previous three years,2026-08-10T14:15:46+00:00
2020-02-26,taifex_foreign_position,TAIFEX public daily institutional query is limited to the previous three years,2026-08-10T14:15:46+00:00
2020-02-27,taifex_foreign_position,TAIFEX public daily institutional query is limited to the previous three years,2026-08-10T14:15:46+00:00
2020-03-02,taifex_foreign_position,TAIFEX public daily institutional query is limited to the previous three years,2026-08-10T14:15:46+00:00
2020-03-03,taifex_foreign_position,TAIFEX public daily institutional query is limited to the previous three years,2026-08-10T14:15:46+00:00
2020-03-04,taifex_foreign_position,TAIFEX public daily institutional query is limited to the previous three years,2026-08-10T14:15:46+00:00
2020-03-05,taifex_foreign_position,TAIFEX public daily institutional query is limited to the previous three years,2026-08-10T14:15:46+00:00
2020-03-06,taifex_foreign_position,TAIFEX public daily institutional query is limited to the previous three years,2026-08-10T14:15:46+00:00
2020-03-09,taifex_foreign_position,TAIFEX public daily institutional query is limited to the previous three years,2026-08-10T14:15:46+00:00
2020-03-10,taifex_foreign_position,TAIFEX public daily institutional query is limited to the previous three years,2026-08-10T14:15:46+00:00
2020-03-11,taifex_foreign_position,TAIFEX public daily institutional query is limited to the previous three years,2026-08-10T14:15:46+00:00
2020-03-12,taifex_foreign_position,TAIFEX public daily institutional query is limited to the previous three years,2026-08-10T14:15:46+00:00
2020-03-13,taifex_foreign_position,TAIFEX public daily institutional query is limited to the previous three years,2026-08-10T14:15:46+00:00
2020-03-16,taifex_foreign_position,TAIFEX public daily institutional query is limited to the previous three years,2026-08-10T14:15:46+00:00
2020-03-17,taifex_foreign_position,TAIFEX public daily institutional query is limited to the previous three years,2026-08-10T14:15:46+00:00
2020-03-18,taifex_foreign_position,TAIFEX public daily institutional query is limited to the previous three years,2026-08-10T14:15:46+00:00
2020-03-19,taifex_foreign_position,TAIFEX public daily institutional query is limited to the previous three years,2026-08-10T14:15:46+00:00
2020-03-20,taifex_foreign_position,TAIFEX public daily institutional query is limited to the previous three years,2026-08-10T14:15:46+00:00
2020-03-23,taifex_foreign_position,TAIFEX public daily institutional query is limited to the previous three years,2026-08-10T14:15:46+00:00
2020-03-24,taifex_foreign_position,TAIFEX public daily institutional query is limited to the previous three years,2026-08-10T14:15:46+00:00
2020-03-25,taifex_foreign_position,TAIFEX public daily institutional query is limited to the previous three years,2026-08-10T14:15:46+00:00
2020-03-26,taifex_foreign_position,TAIFEX public daily institutional query is limited to the previous three years,2026-08-10T14:15:46+00:00
2020-03-27,taifex_foreign_position,TAIFEX public daily institutional query is limited to the previous three years,2026-08-10T14:15:46+00:00
2020-03-30,taifex_foreign_position,TAIFEX public daily institutional query is limited to the previous three years,2026-08-10T14:15:46+00:00
2020-03-31,taifex_foreign_position,TAIFEX public daily institutional query is limited to the previous three years,2026-08-10T14:15:46+00:00
2020-04-01,taifex_foreign_position,TAIFEX public daily institutional query is limited to the previous three years,2026-08-10T14:15:46+00:00
2020-04-06,taifex_foreign_position,TAIFEX public daily institutional query is limited to the previous three years,2026-08-10T14:15:46+00:00
2020-04-07,taifex_foreign_position,TAIFEX public daily institutional query is limited to the previous three years,2026-08-10T14:15:46+00:00
2020-04-08,taifex_foreign_position,TAIFEX public daily institutional query is limited to the previous three years,2026-08-10T14:15:46+00:00
2020-04-09,taifex_foreign_position,TAIFEX public daily institutional query is limited to the previous three years,2026-08-10T14:15:46+00:00
2020-04-10,taifex_foreign_position,TAIFEX public daily institutional query is limited to the previous three years,2026-08-10T14:15:46+00:00
2020-04-13,taifex_foreign_position,TAIFEX public daily institutional query is limited to the previous three years,2026-08-10T14:15:46+00:00
2020-04-14,taifex_foreign_position,TAIFEX public daily institutional query is limited to the previous three years,2026-08-10T14:15:46+00:00
2020-04-15,taifex_foreign_position,TAIFEX public daily institutional query is limited to the previous three years,2026-08-10T14:15:46+00:00
2020-04-16,taifex_foreign_position,TAIFEX public daily institutional query is limited to the previous three years,2026-08-10T14:15:46+00:00
2020-04-17,taifex_foreign_position,TAIFEX public daily institutional query is limited to the previous three years,2026-08-10T14:15:46+00:00
2020-04-20,taifex_foreign_position,TAIFEX public daily institutional query is limited to the previous three years,2026-08-10T14:15:46+00:00
2020-04-21,taifex_foreign_position,TAIFEX public daily institutional query is limited to the previous three years,2026-08-10T14:15:46+00:00
2020-04-22,taifex_foreign_position,TAIFEX public daily institutional query is limited to the previous three years,2026-08-10T14:15:46+00:00
2020-04-23,taifex_foreign_position,TAIFEX public daily institutional query is limited to the previous three years,2026-08-10T14:15:46+00:00
2020-04-24,taifex_foreign_position,TAIFEX public daily institutional query is limited to the previous three years,2026-08-10T14:15:46+00:00
2020-04-27,taifex_foreign_position,TAIFEX public daily institutional query is limited to the previous three years,2026-08-10T14:15:46+00:00
2020-04-28,taifex_foreign_position,TAIFEX public daily institutional query is limited to the previous three years,2026-08-10T14:15:46+00:00
2020-04-29,taifex_foreign_position,TAIFEX public daily institutional query is limited to the previous three years,2026-08-10T14:15:46+00:00
2020-04-30,taifex_foreign_position,TAIFEX public daily institutional query is limited to the previous three years,2026-08-10T14:15:46+00:00
2020-05-04,taifex_foreign_position,TAIFEX public daily institutional query is limited to the previous three years,2026-08-10T14:15:46+00:00
2020-05-05,taifex_foreign_position,TAIFEX public daily institutional query is limited to the previous three years,2026-08-10T14:15:46+00:00
2020-05-06,taifex_foreign_position,TAIFEX public daily institutional query is limited to the previous three years,2026-08-10T14:15:46+00:00
2020-05-07,taifex_foreign_position,TAIFEX public daily institutional query is limited to the previous three years,2026-08-10T14:15:46+00:00
2020-05-08,taifex_foreign_position,TAIFEX public daily institutional query is limited to the previous three years,2026-08-10T14:15:46+00:00
2020-05-11,taifex_foreign_position,TAIFEX public daily institutional query is limited to the previous three years,2026-08-10T14:15:46+00:00
2020-05-12,taifex_foreign_position,TAIFEX public daily institutional query is limited to the previous three years,2026-08-10T14:15:46+00:00
2020-05-13,taifex_foreign_position,TAIFEX public daily institutional query is limited to the previous three years,2026-08-10T14:15:46+00:00
2020-05-14,taifex_foreign_position,TAIFEX public daily institutional query is limited to the previous three years,2026-08-10T14:15:46+00:00
2020-05-15,taifex_foreign_position,TAIFEX public daily institutional query is limited to the previous three years,2026-08-10T14:15:46+00:00
2020-05-18,taifex_foreign_position,TAIFEX public daily institutional query is limited to the previous three years,2026-08-10T14:15:46+00:00
2020-05-19,taifex_foreign_position,TAIFEX public daily institutional query is limited to the previous three years,2026-08-10T14:15:46+00:00
2020-05-20,taifex_foreign_position,TAIFEX public daily institutional query is limited to the previous three years,2026-08-10T14:15:46+00:00
2020-05-21,taifex_foreign_position,TAIFEX public daily institutional query is limited to the previous three years,2026-08-10T14:15:46+00:00
2020-05-22,taifex_foreign_position,TAIFEX public daily institutional query is limited to the previous three years,2026-08-10T14:15:46+00:00
2020-05-25,taifex_foreign_position,TAIFEX public daily institutional query is limited to the previous three years,2026-08-10T14:15:46+00:00
2020-05-26,taifex_foreign_position,TAIFEX public daily institutional query is limited to the previous three years,2026-08-10T14:15:46+00:00
2020-05-27,taifex_foreign_position,TAIFEX public daily institutional query is limited to the previous three years,2026-08-10T14:15:46+00:00
2020-05-28,taifex_foreign_position,TAIFEX public daily institutional query is limited to the previous three years,2026-08-10T14:15:46+00:00
2020-05-29,taifex_foreign_position,TAIFEX public daily institutional query is limited to the previous three years,2026-08-10T14:15:46+00:00
2020-06-01,taifex_foreign_position,TAIFEX public daily institutional query is limited to the previous three years,2026-08-10T14:15:46+00:00
2020-06-02,taifex_foreign_position,TAIFEX public daily institutional query is limited to the previous three years,2026-08-10T14:15:46+00:00
2020-06-03,taifex_foreign_position,TAIFEX public daily institutional query is limited to the previous three years,2026-08-10T14:15:46+00:00
2020-06-04,taifex_foreign_position,TAIFEX public daily institutional query is limited to the previous three years,2026-08-10T14:15:46+00:00
2020-06-05,taifex_foreign_position,TAIFEX public daily institutional query is limited to the previous three years,2026-08-10T14:15:46+00:00
2020-06-08,taifex_foreign_position,TAIFEX public daily institutional query is limited to the previous three years,2026-08-10T14:15:46+00:00
2020-06-09,taifex_foreign_position,TAIFEX public daily institutional query is limited to the previous three years,2026-08-10T14:15:46+00:00
2020-06-10,taifex_foreign_position,TAIFEX public daily institutional query is limited to the previous three years,2026-08-10T14:15:46+00:00
2020-06-11,taifex_foreign_position,TAIFEX public daily institutional query is limited to the previous three years,2026-08-10T14:15:46+00:00
2020-06-12,taifex_foreign_position,TAIFEX public daily institutional query is limited to the previous three years,2026-08-10T14:15:46+00:00
2020-06-15,taifex_foreign_position,TAIFEX public daily institutional query is limited to the previous three years,2026-08-10T14:15:46+00:00
2020-06-16,taifex_foreign_position,TAIFEX public daily institutional query is limited to the previous three years,2026-08-10T14:15:46+00:00
2020-06-17,taifex_foreign_position,TAIFEX public daily institutional query is limited to the previous three years,2026-08-10T14:15:46+00:00
2020-06-18,taifex_foreign_position,TAIFEX public daily institutional query is limited to the previous three years,2026-08-10T14:15:46+00:00
2020-06-19,taifex_foreign_position,TAIFEX public daily institutional query is limited to the previous three years,2026-08-10T14:15:46+00:00
2020-06-22,taifex_foreign_position,TAIFEX public daily institutional query is limited to the previous three years,2026-08-10T14:15:46+00:00
2020-06-23,taifex_foreign_position,TAIFEX public daily institutional query is limited to the previous three years,2026-08-10T14:15:46+00:00
2020-06-24,taifex_foreign_position,TAIFEX public daily institutional query is limited to the previous three years,2026-08-10T14:15:46+00:00
2020-06-29,taifex_foreign_position,TAIFEX public daily institutional query is limited to the previous three years,2026-08-10T14:15:46+00:00
2020-06-30,taifex_foreign_position,TAIFEX public daily institutional query is limited to the previous three years,2026-08-10T14:15:46+00:00
2020-07-01,taifex_foreign_position,TAIFEX public daily institutional query is limited to the previous three years,2026-08-10T14:15:46+00:00
2020-07-02,taifex_foreign_position,TAIFEX public daily institutional query is limited to the previous three years,2026-08-10T14:15:46+00:00
2020-07-03,taifex_foreign_position,TAIFEX public daily institutional query is limited to the previous three years,2026-08-10T14:15:46+00:00
2020-07-06,taifex_foreign_position,TAIFEX public daily institutional query is limited to the previous three years,2026-08-10T14:15:46+00:00
2020-07-07,taifex_foreign_position,TAIFEX public daily institutional query is limited to the previous three years,2026-08-10T14:15:46+00:00
2020-07-08,taifex_foreign_position,TAIFEX public daily institutional query is limited to the previous three years,2026-08-10T14:15:46+00:00
2020-07-09,taifex_foreign_position,TAIFEX public daily institutional query is limited to the previous three years,2026-08-10T14:15:46+00:00
2020-07-10,taifex_foreign_position,TAIFEX public daily institutional query is limited to the previous three years,2026-08-10T14:15:46+00:00
2020-07-13,taifex_foreign_position,TAIFEX public daily institutional query is limited to the previous three years,2026-08-10T14:15:46+00:00
2020-07-14,taifex_foreign_position,TAIFEX public daily institutional query is limited to the previous three years,2026-08-10T14:15:46+00:00
2020-07-15,taifex_foreign_position,TAIFEX public daily institutional query is limited to the previous three years,2026-08-10T14:15:46+00:00
2020-07-16,taifex_foreign_position,TAIFEX public daily institutional query is limited to the previous three years,2026-08-10T14:15:46+00:00
2020-07-17,taifex_foreign_position,TAIFEX public daily institutional query is limited to the previous three years,2026-08-10T14:15:46+00:00
2020-07-20,taifex_foreign_position,TAIFEX public daily institutional query is limited to the previous three years,2026-08-10T14:15:46+00:00
2020-07-21,taifex_foreign_position,TAIFEX public daily institutional query is limited to the previous three years,2026-08-10T14:15:46+00:00
2020-07-22,taifex_foreign_position,TAIFEX public daily institutional query is limited to the previous three years,2026-08-10T14:15:46+00:00
2020-07-23,taifex_foreign_position,TAIFEX public daily institutional query is limited to the previous three years,2026-08-10T14:15:46+00:00
2020-07-24,taifex_foreign_position,TAIFEX public daily institutional query is limited to the previous three years,2026-08-10T14:15:46+00:00
2020-07-27,taifex_foreign_position,TAIFEX public daily institutional query is limited to the previous three years,2026-08-10T14:15:46+00:00
2020-07-28,taifex_foreign_position,TAIFEX public daily institutional query is limited to the previous three years,2026-08-10T14:15:46+00:00
2020-07-29,taifex_foreign_position,TAIFEX public daily institutional query is limited to the previous three years,2026-08-10T14:15:46+00:00
2020-07-30,taifex_foreign_position,TAIFEX public daily institutional query is limited to the previous three years,2026-08-10T14:15:46+00:00
2020-07-31,taifex_foreign_position,TAIFEX public daily institutional query is limited to the previous three years,2026-08-10T14:15:46+00:00
2020-08-03,taifex_foreign_position,TAIFEX public daily institutional query is limited to the previous three years,2026-08-10T14:15:46+00:00
2020-08-04,taifex_foreign_position,TAIFEX public daily institutional query is limited to the previous three years,2026-08-10T14:15:46+00:00
2020-08-05,taifex_foreign_position,TAIFEX public daily institutional query is limited to the previous three years,2026-08-10T14:15:46+00:00
2020-08-06,taifex_foreign_position,TAIFEX public daily institutional query is limited to the previous three years,2026-08-10T14:15:46+00:00
2020-08-07,taifex_foreign_position,TAIFEX public daily institutional query is limited to the previous three years,2026-08-10T14:15:46+00:00
2020-08-10,taifex_foreign_position,TAIFEX public daily institutional query is limited to the previous three years,2026-08-10T14:15:46+00:00
2020-08-11,taifex_foreign_position,TAIFEX public daily institutional query is limited to the previous three years,2026-08-10T14:15:46+00:00
2020-08-12,taifex_foreign_position,TAIFEX public daily institutional query is limited to the previous three years,2026-08-10T14:15:46+00:00
2020-08-13,taifex_foreign_position,TAIFEX public daily institutional query is limited to the previous three years,2026-08-10T14:15:46+00:00
2020-08-14,taifex_foreign_position,TAIFEX public daily institutional query is limited to the previous three years,2026-08-10T14:15:46+00:00
2020-08-17,taifex_foreign_position,TAIFEX public daily institutional query is limited to the previous three years,2026-08-10T14:15:46+00:00
2020-08-18,taifex_foreign_position,TAIFEX public daily institutional query is limited to the previous three years,2026-08-10T14:15:46+00:00
2020-08-19,taifex_foreign_position,TAIFEX public daily institutional query is limited to the previous three years,2026-08-10T14:15:46+00:00
2020-08-20,taifex_foreign_position,TAIFEX public daily institutional query is limited to the previous three years,2026-08-10T14:15:46+00:00
2020-08-21,taifex_foreign_position,TAIFEX public daily institutional query is limited to the previous three years,2026-08-10T14:15:46+00:00
2020-08-24,taifex_foreign_position,TAIFEX public daily institutional query is limited to the previous three years,2026-08-10T14:15:46+00:00
2020-08-25,taifex_foreign_position,TAIFEX public daily institutional query is limited to the previous three years,2026-08-10T14:15:46+00:00
2020-08-26,taifex_foreign_position,TAIFEX public daily institutional query is limited to the previous three years,2026-08-10T14:15:46+00:00
2020-08-27,taifex_foreign_position,TAIFEX public daily institutional query is limited to the previous three years,2026-08-10T14:15:46+00:00
2020-08-28,taifex_foreign_position,TAIFEX public daily institutional query is limited to the previous three years,2026-08-10T14:15:46+00:00
2020-08-31,taifex_foreign_position,TAIFEX public daily institutional query is limited to the previous three years,2026-08-10T14:15:46+00:00
2020-09-01,taifex_foreign_position,TAIFEX public daily institutional query is limited to the previous three years,2026-08-10T14:15:46+00:00
2020-09-02,taifex_foreign_position,TAIFEX public daily institutional query is limited to the previous three years,2026-08-10T14:15:46+00:00
2020-09-03,taifex_foreign_position,TAIFEX public daily institutional query is limited to the previous three years,2026-08-10T14:15:46+00:00
2020-09-04,taifex_foreign_position,TAIFEX public daily institutional query is limited to the previous three years,2026-08-10T14:15:46+00:00
2020-09-07,taifex_foreign_position,TAIFEX public daily institutional query is limited to the previous three years,2026-08-10T14:15:46+00:00
2020-09-08,taifex_foreign_position,TAIFEX public daily institutional query is limited to the previous three years,2026-08-10T14:15:46+00:00
2020-09-09,taifex_foreign_position,TAIFEX public daily institutional query is limited to the previous three years,2026-08-10T14:15:46+00:00
2020-09-10,taifex_foreign_position,TAIFEX public daily institutional query is limited to the previous three years,2026-08-10T14:15:46+00:00
2020-09-11,taifex_foreign_position,TAIFEX public daily institutional query is limited to the previous three years,2026-08-10T14:15:46+00:00
2020-09-14,taifex_foreign_position,TAIFEX public daily institutional query is limited to the previous three years,2026-08-10T14:15:46+00:00
2020-09-15,taifex_foreign_position,TAIFEX public daily institutional query is limited to the previous three years,2026-08-10T14:15:46+00:00
2020-09-16,taifex_foreign_position,TAIFEX public daily institutional query is limited to the previous three years,2026-08-10T14:15:46+00:00
2020-09-17,taifex_foreign_position,TAIFEX public daily institutional query is limited to the previous three years,2026-08-10T14:15:46+00:00
2020-09-18,taifex_foreign_position,TAIFEX public daily institutional query is limited to the previous three years,2026-08-10T14:15:46+00:00
2020-09-21,taifex_foreign_position,TAIFEX public daily institutional query is limited to the previous three years,2026-08-10T14:15:46+00:00
2020-09-22,taifex_foreign_position,TAIFEX public daily institutional query is limited to the previous three years,2026-08-10T14:15:46+00:00
2020-09-23,taifex_foreign_position,TAIFEX public daily institutional query is limited to the previous three years,2026-08-10T14:15:46+00:00
2020-09-24,taifex_foreign_position,TAIFEX public daily institutional query is limited to the previous three years,2026-08-10T14:15:46+00:00
2020-09-25,taifex_foreign_position,TAIFEX public daily institutional query is limited to the previous three years,2026-08-10T14:15:46+00:00
2020-09-28,taifex_foreign_position,TAIFEX public daily institutional query is limited to the previous three years,2026-08-10T14:15:46+00:00
2020-09-29,taifex_foreign_position,TAIFEX public daily institutional query is limited to the previous three years,2026-08-10T14:15:46+00:00
2020-09-30,taifex_foreign_position,TAIFEX public daily institutional query is limited to the previous three years,2026-08-10T14:15:46+00:00
2020-10-05,taifex_foreign_position,TAIFEX public daily institutional query is limited to the previous three years,2026-08-10T14:15:46+00:00
2020-10-06,taifex_foreign_position,TAIFEX public daily institutional query is limited to the previous three years,2026-08-10T14:15:46+00:00
2020-10-07,taifex_foreign_position,TAIFEX public daily institutional query is limited to the previous three years,2026-08-10T14:15:46+00:00
2020-10-08,taifex_foreign_position,TAIFEX public daily institutional query is limited to the previous three years,2026-08-10T14:15:46+00:00
2020-10-12,taifex_foreign_position,TAIFEX public daily institutional query is limited to the previous three years,2026-08-10T14:15:46+00:00
2020-10-13,taifex_foreign_position,TAIFEX public daily institutional query is limited to the previous three years,2026-08-10T14:15:46+00:00
2020-10-14,taifex_foreign_position,TAIFEX public daily institutional query is limited to the previous three years,2026-08-10T14:15:46+00:00
2020-10-15,taifex_foreign_position,TAIFEX public daily institutional query is limited to the previous three years,2026-08-10T14:15:46+00:00
2020-10-16,taifex_foreign_position,TAIFEX public daily institutional query is limited to the previous three years,2026-08-10T14:15:46+00:00
2020-10-19,taifex_foreign_position,TAIFEX public daily institutional query is limited to the previous three years,2026-08-10T14:15:46+00:00
2020-10-20,taifex_foreign_position,TAIFEX public daily institutional query is limited to the previous three years,2026-08-10T14:15:46+00:00
2020-10-21,taifex_foreign_position,TAIFEX public daily institutional query is limited to the previous three years,2026-08-10T14:15:46+00:00
2020-10-22,taifex_foreign_position,TAIFEX public daily institutional query is limited to the previous three years,2026-08-10T14:15:46+00:00
2020-10-23,taifex_foreign_position,TAIFEX public daily institutional query is limited to the previous three years,2026-08-10T14:15:46+00:00
2020-10-26,taifex_foreign_position,TAIFEX public daily institutional query is limited to the previous three years,2026-08-10T14:15:46+00:00
2020-10-27,taifex_foreign_position,TAIFEX public daily institutional query is limited to the previous three years,2026-08-10T14:15:46+00:00
2020-10-28,taifex_foreign_position,TAIFEX public daily institutional query is limited to the previous three years,2026-08-10T14:15:46+00:00
2020-10-29,taifex_foreign_position,TAIFEX public daily institutional query is limited to the previous three years,2026-08-10T14:15:46+00:00
2020-10-30,taifex_foreign_position,TAIFEX public daily institutional query is limited to the previous three years,2026-08-10T14:15:46+00:00
2020-11-02,taifex_foreign_position,TAIFEX public daily institutional query is limited to the previous three years,2026-08-10T14:15:46+00:00
2020-11-03,taifex_foreign_position,TAIFEX public daily institutional query is limited to the previous three years,2026-08-10T14:15:46+00:00
2020-11-04,taifex_foreign_position,TAIFEX public daily institutional query is limited to the previous three years,2026-08-10T14:15:46+00:00
2020-11-05,taifex_foreign_position,TAIFEX public daily institutional query is limited to the previous three years,2026-08-10T14:15:46+00:00
2020-11-06,taifex_foreign_position,TAIFEX public daily institutional query is limited to the previous three years,2026-08-10T14:15:46+00:00
2020-11-09,taifex_foreign_position,TAIFEX public daily institutional query is limited to the previous three years,2026-08-10T14:15:46+00:00
2020-11-10,taifex_foreign_position,TAIFEX public daily institutional query is limited to the previous three years,2026-08-10T14:15:46+00:00
2020-11-11,taifex_foreign_position,TAIFEX public daily institutional query is limited to the previous three years,2026-08-10T14:15:46+00:00
2020-11-12,taifex_foreign_position,TAIFEX public daily institutional query is limited to the previous three years,2026-08-10T14:15:46+00:00
2020-11-13,taifex_foreign_position,TAIFEX public daily institutional query is limited to the previous three years,2026-08-10T14:15:46+00:00
2020-11-16,taifex_foreign_position,TAIFEX public daily institutional query is limited to the previous three years,2026-08-10T14:15:46+00:00
2020-11-17,taifex_foreign_position,TAIFEX public daily institutional query is limited to the previous three years,2026-08-10T14:15:46+00:00
2020-11-18,taifex_foreign_position,TAIFEX public daily institutional query is limited to the previous three years,2026-08-10T14:15:46+00:00
2020-11-19,taifex_foreign_position,TAIFEX public daily institutional query is limited to the previous three years,2026-08-10T14:15:46+00:00
2020-11-20,taifex_foreign_position,TAIFEX public daily institutional query is limited to the previous three years,2026-08-10T14:15:46+00:00
2020-11-23,taifex_foreign_position,TAIFEX public daily institutional query is limited to the previous three years,2026-08-10T14:15:46+00:00
2020-11-24,taifex_foreign_position,TAIFEX public daily institutional query is limited to the previous three years,2026-08-10T14:15:46+00:00
2020-11-25,taifex_foreign_position,TAIFEX public daily institutional query is limited to the previous three years,2026-08-10T14:15:46+00:00
2020-11-26,taifex_foreign_position,TAIFEX public daily institutional query is limited to the previous three years,2026-08-10T14:15:46+00:00
2020-11-27,taifex_foreign_position,TAIFEX public daily institutional query is limited to the previous three years,2026-08-10T14:15:46+00:00
2020-11-30,taifex_foreign_position,TAIFEX public daily institutional query is limited to the previous three years,2026-08-10T14:15:46+00:00
2020-12-01,taifex_foreign_position,TAIFEX public daily institutional query is limited to the previous three years,2026-08-10T14:15:46+00:00
2020-12-02,taifex_foreign_position,TAIFEX public daily institutional query is limited to the previous three years,2026-08-10T14:15:46+00:00
2020-12-03,taifex_foreign_position,TAIFEX public daily institutional query is limited to the previous three years,2026-08-10T14:15:46+00:00
2020-12-04,taifex_foreign_position,TAIFEX public daily institutional query is limited to the previous three years,2026-08-10T14:15:46+00:00
2020-12-07,taifex_foreign_position,TAIFEX public daily institutional query is limited to the previous three years,2026-08-10T14:15:46+00:00
2020-12-08,taifex_foreign_position,TAIFEX public daily institutional query is limited to the previous three years,2026-08-10T14:15:46+00:00
2020-12-09,taifex_foreign_position,TAIFEX public daily institutional query is limited to the previous three years,2026-08-10T14:15:46+00:00
2020-12-10,taifex_foreign_position,TAIFEX public daily institutional query is limited to the previous three years,2026-08-10T14:15:46+00:00
2020-12-11,taifex_foreign_position,TAIFEX public daily institutional query is limited to the previous three years,2026-08-10T14:15:46+00:00
2020-12-14,taifex_foreign_position,TAIFEX public daily institutional query is limited to the previous three years,2026-08-10T14:15:46+00:00
2020-12-15,taifex_foreign_position,TAIFEX public daily institutional query is limited to the previous three years,2026-08-10T14:15:46+00:00
2020-12-16,taifex_foreign_position,TAIFEX public daily institutional query is limited to the previous three years,2026-08-10T14:15:46+00:00
2020-12-17,taifex_foreign_position,TAIFEX public daily institutional query is limited to the previous three years,2026-08-10T14:15:46+00:00
2020-12-18,taifex_foreign_position,TAIFEX public daily institutional query is limited to the previous three years,2026-08-10T14:15:46+00:00
2020-12-21,taifex_foreign_position,TAIFEX public daily institutional query is limited to the previous three years,2026-08-10T14:15:46+00:00
2020-12-22,taifex_foreign_position,TAIFEX public daily institutional query is limited to the previous three years,2026-08-10T14:15:46+00:00
2020-12-23,taifex_foreign_position,TAIFEX public daily institutional query is limited to the previous three years,2026-08-10T14:15:46+00:00
2020-12-24,taifex_foreign_position,TAIFEX public daily institutional query is limited to the previous three years,2026-08-10T14:15:46+00:00
2020-12-25,taifex_foreign_position,TAIFEX public daily institutional query is limited to the previous three years,2026-08-10T14:15:46+00:00
2020-12-28,taifex_foreign_position,TAIFEX public daily institutional query is limited to the previous three years,2026-08-10T14:15:46+00:00
2020-12-29,taifex_foreign_position,TAIFEX public daily institutional query is limited to the previous three years,2026-08-10T14:15:46+00:00
2020-12-30,taifex_foreign_position,TAIFEX public daily institutional query is limited to the previous three years,2026-08-10T14:15:46+00:00
2020-12-31,taifex_foreign_position,TAIFEX public daily institutional query is limited to the previous three years,2026-08-10T14:15:46+00:00
2021-01-04,taifex_foreign_position,TAIFEX public daily institutional query is limited to the previous three years,2026-08-10T14:15:46+00:00
2021-01-05,taifex_foreign_position,TAIFEX public daily institutional query is limited to the previous three years,2026-08-10T14:15:46+00:00
2021-01-06,taifex_foreign_position,TAIFEX public daily institutional query is limited to the previous three years,2026-08-10T14:15:46+00:00
2021-01-07,taifex_foreign_position,TAIFEX public daily institutional query is limited to the previous three years,2026-08-10T14:15:46+00:00
2021-01-08,taifex_foreign_position,TAIFEX public daily institutional query is limited to the previous three years,2026-08-10T14:15:46+00:00
2021-01-11,taifex_foreign_position,TAIFEX public daily institutional query is limited to the previous three years,2026-08-10T14:15:46+00:00
2021-01-12,taifex_foreign_position,TAIFEX public daily institutional query is limited to the previous three years,2026-08-10T14:15:46+00:00
2021-01-13,taifex_foreign_position,TAIFEX public daily institutional query is limited to the previous three years,2026-08-10T14:15:46+00:00
2021-01-14,taifex_foreign_position,TAIFEX public daily institutional query is limited to the previous three years,2026-08-10T14:15:46+00:00
2021-01-15,taifex_foreign_position,TAIFEX public daily institutional query is limited to the previous three years,2026-08-10T14:15:46+00:00
2021-01-18,taifex_foreign_position,TAIFEX public daily institutional query is limited to the previous three years,2026-08-10T14:15:46+00:00
2021-01-19,taifex_foreign_position,TAIFEX public daily institutional query is limited to the previous three years,2026-08-10T14:15:46+00:00
2021-01-20,taifex_foreign_position,TAIFEX public daily institutional query is limited to the previous three years,2026-08-10T14:15:46+00:00
2021-01-21,taifex_foreign_position,TAIFEX public daily institutional query is limited to the previous three years,2026-08-10T14:15:46+00:00
2021-01-22,taifex_foreign_position,TAIFEX public daily institutional query is limited to the previous three years,2026-08-10T14:15:46+00:00
2021-01-25,taifex_foreign_position,TAIFEX public daily institutional query is limited to the previous three years,2026-08-10T14:15:46+00:00
2021-01-26,taifex_foreign_position,TAIFEX public daily institutional query is limited to the previous three years,2026-08-10T14:15:46+00:00
2021-01-27,taifex_foreign_position,TAIFEX public daily institutional query is limited to the previous three years,2026-08-10T14:15:46+00:00
2021-01-28,taifex_foreign_position,TAIFEX public daily institutional query is limited to the previous three years,2026-08-10T14:15:46+00:00
2021-01-29,taifex_foreign_position,TAIFEX public daily institutional query is limited to the previous three years,2026-08-10T14:15:46+00:00
2021-02-01,taifex_foreign_position,TAIFEX public daily institutional query is limited to the previous three years,2026-08-10T14:15:46+00:00
2021-02-02,taifex_foreign_position,TAIFEX public daily institutional query is limited to the previous three years,2026-08-10T14:15:46+00:00
2021-02-03,taifex_foreign_position,TAIFEX public daily institutional query is limited to the previous three years,2026-08-10T14:15:46+00:00
2021-02-04,taifex_foreign_position,TAIFEX public daily institutional query is limited to the previous three years,2026-08-10T14:15:46+00:00
2021-02-05,taifex_foreign_position,TAIFEX public daily institutional query is limited to the previous three years,2026-08-10T14:15:46+00:00
2021-02-17,taifex_foreign_position,TAIFEX public daily institutional query is limited to the previous three years,2026-08-10T14:15:46+00:00
2021-02-18,taifex_foreign_position,TAIFEX public daily institutional query is limited to the previous three years,2026-08-10T14:15:46+00:00
2021-02-19,taifex_foreign_position,TAIFEX public daily institutional query is limited to the previous three years,2026-08-10T14:15:46+00:00
2021-02-22,taifex_foreign_position,TAIFEX public daily institutional query is limited to the previous three years,2026-08-10T14:15:46+00:00
2021-02-23,taifex_foreign_position,TAIFEX public daily institutional query is limited to the previous three years,2026-08-10T14:15:46+00:00
2021-02-24,taifex_foreign_position,TAIFEX public daily institutional query is limited to the previous three years,2026-08-10T14:15:46+00:00
2021-02-25,taifex_foreign_position,TAIFEX public daily institutional query is limited to the previous three years,2026-08-10T14:15:46+00:00
2021-02-26,taifex_foreign_position,TAIFEX public daily institutional query is limited to the previous three years,2026-08-10T14:15:46+00:00
2021-03-02,taifex_foreign_position,TAIFEX public daily institutional query is limited to the previous three years,2026-08-10T14:15:46+00:00
2021-03-03,taifex_foreign_position,TAIFEX public daily institutional query is limited to the previous three years,2026-08-10T14:15:46+00:00
2021-03-04,taifex_foreign_position,TAIFEX public daily institutional query is limited to the previous three years,2026-08-10T14:15:46+00:00
2021-03-05,taifex_foreign_position,TAIFEX public daily institutional query is limited to the previous three years,2026-08-10T14:15:46+00:00
2021-03-08,taifex_foreign_position,TAIFEX public daily institutional query is limited to the previous three years,2026-08-10T14:15:46+00:00
2021-03-09,taifex_foreign_position,TAIFEX public daily institutional query is limited to the previous three years,2026-08-10T14:15:46+00:00
2021-03-10,taifex_foreign_position,TAIFEX public daily institutional query is limited to the previous three years,2026-08-10T14:15:46+00:00
2021-03-11,taifex_foreign_position,TAIFEX public daily institutional query is limited to the previous three years,2026-08-10T14:15:46+00:00
2021-03-12,taifex_foreign_position,TAIFEX public daily institutional query is limited to the previous three years,2026-08-10T14:15:46+00:00
2021-03-15,taifex_foreign_position,TAIFEX public daily institutional query is limited to the previous three years,2026-08-10T14:15:46+00:00
2021-03-16,taifex_foreign_position,TAIFEX public daily institutional query is limited to the previous three years,2026-08-10T14:15:46+00:00
2021-03-17,taifex_foreign_position,TAIFEX public daily institutional query is limited to the previous three years,2026-08-10T14:15:46+00:00
2021-03-18,taifex_foreign_position,TAIFEX public daily institutional query is limited to the previous three years,2026-08-10T14:15:46+00:00
2021-03-19,taifex_foreign_position,TAIFEX public daily institutional query is limited to the previous three years,2026-08-10T14:15:46+00:00
2021-03-22,taifex_foreign_position,TAIFEX public daily institutional query is limited to the previous three years,2026-08-10T14:15:46+00:00
2021-03-23,taifex_foreign_position,TAIFEX public daily institutional query is limited to the previous three years,2026-08-10T14:15:46+00:00
2021-03-24,taifex_foreign_position,TAIFEX public daily institutional query is limited to the previous three years,2026-08-10T14:15:46+00:00
2021-03-25,taifex_foreign_position,TAIFEX public daily institutional query is limited to the previous three years,2026-08-10T14:15:46+00:00
2021-03-26,taifex_foreign_position,TAIFEX public daily institutional query is limited to the previous three years,2026-08-10T14:15:46+00:00
2021-03-29,taifex_foreign_position,TAIFEX public daily institutional query is limited to the previous three years,2026-08-10T14:15:46+00:00
2021-03-30,taifex_foreign_position,TAIFEX public daily institutional query is limited to the previous three years,2026-08-10T14:15:46+00:00
2021-03-31,taifex_foreign_position,TAIFEX public daily institutional query is limited to the previous three years,2026-08-10T14:15:46+00:00
2021-04-01,taifex_foreign_position,TAIFEX public daily institutional query is limited to the previous three years,2026-08-10T14:15:46+00:00
2021-04-06,taifex_foreign_position,TAIFEX public daily institutional query is limited to the previous three years,2026-08-10T14:15:46+00:00
2021-04-07,taifex_foreign_position,TAIFEX public daily institutional query is limited to the previous three years,2026-08-10T14:15:46+00:00
2021-04-08,taifex_foreign_position,TAIFEX public daily institutional query is limited to the previous three years,2026-08-10T14:15:46+00:00
2021-04-09,taifex_foreign_position,TAIFEX public daily institutional query is limited to the previous three years,2026-08-10T14:15:46+00:00
2021-04-12,taifex_foreign_position,TAIFEX public daily institutional query is limited to the previous three years,2026-08-10T14:15:46+00:00
2021-04-13,taifex_foreign_position,TAIFEX public daily institutional query is limited to the previous three years,2026-08-10T14:15:46+00:00
2021-04-14,taifex_foreign_position,TAIFEX public daily institutional query is limited to the previous three years,2026-08-10T14:15:46+00:00
2021-04-15,taifex_foreign_position,TAIFEX public daily institutional query is limited to the previous three years,2026-08-10T14:15:46+00:00
2021-04-16,taifex_foreign_position,TAIFEX public daily institutional query is limited to the previous three years,2026-08-10T14:15:46+00:00
2021-04-19,taifex_foreign_position,TAIFEX public daily institutional query is limited to the previous three years,2026-08-10T14:15:46+00:00
2021-04-20,taifex_foreign_position,TAIFEX public daily institutional query is limited to the previous three years,2026-08-10T14:15:46+00:00
2021-04-21,taifex_foreign_position,TAIFEX public daily institutional query is limited to the previous three years,2026-08-10T14:15:46+00:00
2021-04-22,taifex_foreign_position,TAIFEX public daily institutional query is limited to the previous three years,2026-08-10T14:15:46+00:00
2021-04-23,taifex_foreign_position,TAIFEX public daily institutional query is limited to the previous three years,2026-08-10T14:15:46+00:00
2021-04-26,taifex_foreign_position,TAIFEX public daily institutional query is limited to the previous three years,2026-08-10T14:15:46+00:00
2021-04-27,taifex_foreign_position,TAIFEX public daily institutional query is limited to the previous three years,2026-08-10T14:15:46+00:00
2021-04-28,taifex_foreign_position,TAIFEX public daily institutional query is limited to the previous three years,2026-08-10T14:15:46+00:00
2021-04-29,taifex_foreign_position,TAIFEX public daily institutional query is limited to the previous three years,2026-08-10T14:15:46+00:00
2021-05-03,taifex_foreign_position,TAIFEX public daily institutional query is limited to the previous three years,2026-08-10T14:15:46+00:00
2021-05-04,taifex_foreign_position,TAIFEX public daily institutional query is limited to the previous three years,2026-08-10T14:15:46+00:00
2021-05-05,taifex_foreign_position,TAIFEX public daily institutional query is limited to the previous three years,2026-08-10T14:15:46+00:00
2021-05-06,taifex_foreign_position,TAIFEX public daily institutional query is limited to the previous three years,2026-08-10T14:15:46+00:00
2021-05-07,taifex_foreign_position,TAIFEX public daily institutional query is limited to the previous three years,2026-08-10T14:15:46+00:00
2021-05-10,taifex_foreign_position,TAIFEX public daily institutional query is limited to the previous three years,2026-08-10T14:15:46+00:00
2021-05-11,taifex_foreign_position,TAIFEX public daily institutional query is limited to the previous three years,2026-08-10T14:15:46+00:00
2021-05-12,taifex_foreign_position,TAIFEX public daily institutional query is limited to the previous three years,2026-08-10T14:15:46+00:00
2021-05-13,taifex_foreign_position,TAIFEX public daily institutional query is limited to the previous three years,2026-08-10T14:15:46+00:00
2021-05-14,taifex_foreign_position,TAIFEX public daily institutional query is limited to the previous three years,2026-08-10T14:15:46+00:00
2021-05-17,taifex_foreign_position,TAIFEX public daily institutional query is limited to the previous three years,2026-08-10T14:15:46+00:00
2021-05-18,taifex_foreign_position,TAIFEX public daily institutional query is limited to the previous three years,2026-08-10T14:15:46+00:00
2021-05-19,taifex_foreign_position,TAIFEX public daily institutional query is limited to the previous three years,2026-08-10T14:15:46+00:00
2021-05-20,taifex_foreign_position,TAIFEX public daily institutional query is limited to the previous three years,2026-08-10T14:15:46+00:00
2021-05-21,taifex_foreign_position,TAIFEX public daily institutional query is limited to the previous three years,2026-08-10T14:15:46+00:00
2021-05-24,taifex_foreign_position,TAIFEX public daily institutional query is limited to the previous three years,2026-08-10T14:15:46+00:00
2021-05-25,taifex_foreign_position,TAIFEX public daily institutional query is limited to the previous three years,2026-08-10T14:15:46+00:00
2021-05-26,taifex_foreign_position,TAIFEX public daily institutional query is limited to the previous three years,2026-08-10T14:15:46+00:00
2021-05-27,taifex_foreign_position,TAIFEX public daily institutional query is limited to the previous three years,2026-08-10T14:15:46+00:00
2021-05-28,taifex_foreign_position,TAIFEX public daily institutional query is limited to the previous three years,2026-08-10T14:15:46+00:00
2021-05-31,taifex_foreign_position,TAIFEX public daily institutional query is limited to the previous three years,2026-08-10T14:15:46+00:00
2021-06-01,taifex_foreign_position,TAIFEX public daily institutional query is limited to the previous three years,2026-08-10T14:15:46+00:00
2021-06-02,taifex_foreign_position,TAIFEX public daily institutional query is limited to the previous three years,2026-08-10T14:15:46+00:00
2021-06-03,taifex_foreign_position,TAIFEX public daily institutional query is limited to the previous three years,2026-08-10T14:15:46+00:00
2021-06-04,taifex_foreign_position,TAIFEX public daily institutional query is limited to the previous three years,2026-08-10T14:15:46+00:00
2021-06-07,taifex_foreign_position,TAIFEX public daily institutional query is limited to the previous three years,2026-08-10T14:15:46+00:00
2021-06-08,taifex_foreign_position,TAIFEX public daily institutional query is limited to the previous three years,2026-08-10T14:15:46+00:00
2021-06-09,taifex_foreign_position,TAIFEX public daily institutional query is limited to the previous three years,2026-08-10T14:15:46+00:00
2021-06-10,taifex_foreign_position,TAIFEX public daily institutional query is limited to the previous three years,2026-08-10T14:15:46+00:00
2021-06-11,taifex_foreign_position,TAIFEX public daily institutional query is limited to the previous three years,2026-08-10T14:15:46+00:00
2021-06-15,taifex_foreign_position,TAIFEX public daily institutional query is limited to the previous three years,2026-08-10T14:15:46+00:00
2021-06-16,taifex_foreign_position,TAIFEX public daily institutional query is limited to the previous three years,2026-08-10T14:15:46+00:00
2021-06-17,taifex_foreign_position,TAIFEX public daily institutional query is limited to the previous three years,2026-08-10T14:15:46+00:00
2021-06-18,taifex_foreign_position,TAIFEX public daily institutional query is limited to the previous three years,2026-08-10T14:15:46+00:00
2021-06-21,taifex_foreign_position,TAIFEX public daily institutional query is limited to the previous three years,2026-08-10T14:15:46+00:00
2021-06-22,taifex_foreign_position,TAIFEX public daily institutional query is limited to the previous three years,2026-08-10T14:15:46+00:00
2021-06-23,taifex_foreign_position,TAIFEX public daily institutional query is limited to the previous three years,2026-08-10T14:15:46+00:00
2021-06-24,taifex_foreign_position,TAIFEX public daily institutional query is limited to the previous three years,2026-08-10T14:15:46+00:00
2021-06-25,taifex_foreign_position,TAIFEX public daily institutional query is limited to the previous three years,2026-08-10T14:15:46+00:00
2021-06-28,taifex_foreign_position,TAIFEX public daily institutional query is limited to the previous three years,2026-08-10T14:15:46+00:00
2021-06-29,taifex_foreign_position,TAIFEX public daily institutional query is limited to the previous three years,2026-08-10T14:15:46+00:00
2021-06-30,taifex_foreign_position,TAIFEX public daily institutional query is limited to the previous three years,2026-08-10T14:15:46+00:00
2021-07-01,taifex_foreign_position,TAIFEX public daily institutional query is limited to the previous three years,2026-08-10T14:15:46+00:00
2021-07-02,taifex_foreign_position,TAIFEX public daily institutional query is limited to the previous three years,2026-08-10T14:15:46+00:00
2021-07-05,taifex_foreign_position,TAIFEX public daily institutional query is limited to the previous three years,2026-08-10T14:15:46+00:00
2021-07-06,taifex_foreign_position,TAIFEX public daily institutional query is limited to the previous three years,2026-08-10T14:15:46+00:00
2021-07-07,taifex_foreign_position,TAIFEX public daily institutional query is limited to the previous three years,2026-08-10T14:15:46+00:00
2021-07-08,taifex_foreign_position,TAIFEX public daily institutional query is limited to the previous three years,2026-08-10T14:15:46+00:00
2021-07-09,taifex_foreign_position,TAIFEX public daily institutional query is limited to the previous three years,2026-08-10T14:15:46+00:00
2021-07-12,taifex_foreign_position,TAIFEX public daily institutional query is limited to the previous three years,2026-08-10T14:15:46+00:00
2021-07-13,taifex_foreign_position,TAIFEX public daily institutional query is limited to the previous three years,2026-08-10T14:15:46+00:00
2021-07-14,taifex_foreign_position,TAIFEX public daily institutional query is limited to the previous three years,2026-08-10T14:15:46+00:00
2021-07-15,taifex_foreign_position,TAIFEX public daily institutional query is limited to the previous three years,2026-08-10T14:15:46+00:00
2021-07-16,taifex_foreign_position,TAIFEX public daily institutional query is limited to the previous three years,2026-08-10T14:15:46+00:00
2021-07-19,taifex_foreign_position,TAIFEX public daily institutional query is limited to the previous three years,2026-08-10T14:15:46+00:00
2021-07-20,taifex_foreign_position,TAIFEX public daily institutional query is limited to the previous three years,2026-08-10T14:15:46+00:00
2021-07-21,taifex_foreign_position,TAIFEX public daily institutional query is limited to the previous three years,2026-08-10T14:15:46+00:00
2021-07-22,taifex_foreign_position,TAIFEX public daily institutional query is limited to the previous three years,2026-08-10T14:15:46+00:00
2021-07-23,taifex_foreign_position,TAIFEX public daily institutional query is limited to the previous three years,2026-08-10T14:15:46+00:00
2021-07-26,taifex_foreign_position,TAIFEX public daily institutional query is limited to the previous three years,2026-08-10T14:15:46+00:00
2021-07-27,taifex_foreign_position,TAIFEX public daily institutional query is limited to the previous three years,2026-08-10T14:15:46+00:00
2021-07-28,taifex_foreign_position,TAIFEX public daily institutional query is limited to the previous three years,2026-08-10T14:15:46+00:00
2021-07-29,taifex_foreign_position,TAIFEX public daily institutional query is limited to the previous three years,2026-08-10T14:15:46+00:00
2021-07-30,taifex_foreign_position,TAIFEX public daily institutional query is limited to the previous three years,2026-08-10T14:15:46+00:00
2021-08-02,taifex_foreign_position,TAIFEX public daily institutional query is limited to the previous three years,2026-08-10T14:15:46+00:00
2021-08-03,taifex_foreign_position,TAIFEX public daily institutional query is limited to the previous three years,2026-08-10T14:15:46+00:00
2021-08-04,taifex_foreign_position,TAIFEX public daily institutional query is limited to the previous three years,2026-08-10T14:15:46+00:00
2021-08-05,taifex_foreign_position,TAIFEX public daily institutional query is limited to the previous three years,2026-08-10T14:15:46+00:00
2021-08-06,taifex_foreign_position,TAIFEX public daily institutional query is limited to the previous three years,2026-08-10T14:15:46+00:00
2021-08-09,taifex_foreign_position,TAIFEX public daily institutional query is limited to the previous three years,2026-08-10T14:15:46+00:00
2021-08-10,taifex_foreign_position,TAIFEX public daily institutional query is limited to the previous three years,2026-08-10T14:15:46+00:00
2021-08-11,taifex_foreign_position,TAIFEX public daily institutional query is limited to the previous three years,2026-08-10T14:15:46+00:00
2021-08-12,taifex_foreign_position,TAIFEX public daily institutional query is limited to the previous three years,2026-08-10T14:15:46+00:00
2021-08-13,taifex_foreign_position,TAIFEX public daily institutional query is limited to the previous three years,2026-08-10T14:15:46+00:00
2021-08-16,taifex_foreign_position,TAIFEX public daily institutional query is limited to the previous three years,2026-08-10T14:15:46+00:00
2021-08-17,taifex_foreign_position,TAIFEX public daily institutional query is limited to the previous three years,2026-08-10T14:15:46+00:00
2021-08-18,taifex_foreign_position,TAIFEX public daily institutional query is limited to the previous three years,2026-08-10T14:15:46+00:00
2021-08-19,taifex_foreign_position,TAIFEX public daily institutional query is limited to the previous three years,2026-08-10T14:15:46+00:00
2021-08-20,taifex_foreign_position,TAIFEX public daily institutional query is limited to the previous three years,2026-08-10T14:15:46+00:00
2021-08-23,taifex_foreign_position,TAIFEX public daily institutional query is limited to the previous three years,2026-08-10T14:15:46+00:00
2021-08-24,taifex_foreign_position,TAIFEX public daily institutional query is limited to the previous three years,2026-08-10T14:15:46+00:00
2021-08-25,taifex_foreign_position,TAIFEX public daily institutional query is limited to the previous three years,2026-08-10T14:15:46+00:00
2021-08-26,taifex_foreign_position,TAIFEX public daily institutional query is limited to the previous three years,2026-08-10T14:15:46+00:00
2021-08-27,taifex_foreign_position,TAIFEX public daily institutional query is limited to the previous three years,2026-08-10T14:15:46+00:00
2021-08-30,taifex_foreign_position,TAIFEX public daily institutional query is limited to the previous three years,2026-08-10T14:15:46+00:00
2021-08-31,taifex_foreign_position,TAIFEX public daily institutional query is limited to the previous three years,2026-08-10T14:15:46+00:00
2021-09-01,taifex_foreign_position,TAIFEX public daily institutional query is limited to the previous three years,2026-08-10T14:15:46+00:00
2021-09-02,taifex_foreign_position,TAIFEX public daily institutional query is limited to the previous three years,2026-08-10T14:15:46+00:00
2021-09-03,taifex_foreign_position,TAIFEX public daily institutional query is limited to the previous three years,2026-08-10T14:15:46+00:00
2021-09-06,taifex_foreign_position,TAIFEX public daily institutional query is limited to the previous three years,2026-08-10T14:15:46+00:00
2021-09-07,taifex_foreign_position,TAIFEX public daily institutional query is limited to the previous three years,2026-08-10T14:15:46+00:00
2021-09-08,taifex_foreign_position,TAIFEX public daily institutional query is limited to the previous three years,2026-08-10T14:15:46+00:00
2021-09-09,taifex_foreign_position,TAIFEX public daily institutional query is limited to the previous three years,2026-08-10T14:15:46+00:00
2021-09-10,taifex_foreign_position,TAIFEX public daily institutional query is limited to the previous three years,2026-08-10T14:15:46+00:00
2021-09-13,taifex_foreign_position,TAIFEX public daily institutional query is limited to the previous three years,2026-08-10T14:15:46+00:00
2021-09-14,taifex_foreign_position,TAIFEX public daily institutional query is limited to the previous three years,2026-08-10T14:15:46+00:00
2021-09-15,taifex_foreign_position,TAIFEX public daily institutional query is limited to the previous three years,2026-08-10T14:15:46+00:00
2021-09-16,taifex_foreign_position,TAIFEX public daily institutional query is limited to the previous three years,2026-08-10T14:15:46+00:00
2021-09-17,taifex_foreign_position,TAIFEX public daily institutional query is limited to the previous three years,2026-08-10T14:15:46+00:00
2021-09-22,taifex_foreign_position,TAIFEX public daily institutional query is limited to the previous three years,2026-08-10T14:15:46+00:00
2021-09-23,taifex_foreign_position,TAIFEX public daily institutional query is limited to the previous three years,2026-08-10T14:15:46+00:00
2021-09-24,taifex_foreign_position,TAIFEX public daily institutional query is limited to the previous three years,2026-08-10T14:15:46+00:00
2021-09-27,taifex_foreign_position,TAIFEX public daily institutional query is limited to the previous three years,2026-08-10T14:15:46+00:00
2021-09-28,taifex_foreign_position,TAIFEX public daily institutional query is limited to the previous three years,2026-08-10T14:15:46+00:00
2021-09-29,taifex_foreign_position,TAIFEX public daily institutional query is limited to the previous three years,2026-08-10T14:15:46+00:00
2021-09-30,taifex_foreign_position,TAIFEX public daily institutional query is limited to the previous three years,2026-08-10T14:15:46+00:00
2021-10-01,taifex_foreign_position,TAIFEX public daily institutional query is limited to the previous three years,2026-08-10T14:15:46+00:00
2021-10-04,taifex_foreign_position,TAIFEX public daily institutional query is limited to the previous three years,2026-08-10T14:15:46+00:00
2021-10-05,taifex_foreign_position,TAIFEX public daily institutional query is limited to the previous three years,2026-08-10T14:15:46+00:00
2021-10-06,taifex_foreign_position,TAIFEX public daily institutional query is limited to the previous three years,2026-08-10T14:15:46+00:00
2021-10-07,taifex_foreign_position,TAIFEX public daily institutional query is limited to the previous three years,2026-08-10T14:15:46+00:00
2021-10-08,taifex_foreign_position,TAIFEX public daily institutional query is limited to the previous three years,2026-08-10T14:15:46+00:00
2021-10-12,taifex_foreign_position,TAIFEX public daily institutional query is limited to the previous three years,2026-08-10T14:15:46+00:00
2021-10-13,taifex_foreign_position,TAIFEX public daily institutional query is limited to the previous three years,2026-08-10T14:15:46+00:00
2021-10-14,taifex_foreign_position,TAIFEX public daily institutional query is limited to the previous three years,2026-08-10T14:15:46+00:00
2021-10-15,taifex_foreign_position,TAIFEX public daily institutional query is limited to the previous three years,2026-08-10T14:15:46+00:00
2021-10-18,taifex_foreign_position,TAIFEX public daily institutional query is limited to the previous three years,2026-08-10T14:15:46+00:00
2021-10-19,taifex_foreign_position,TAIFEX public daily institutional query is limited to the previous three years,2026-08-10T14:15:46+00:00
2021-10-20,taifex_foreign_position,TAIFEX public daily institutional query is limited to the previous three years,2026-08-10T14:15:46+00:00
2021-10-21,taifex_foreign_position,TAIFEX public daily institutional query is limited to the previous three years,2026-08-10T14:15:46+00:00
2021-10-22,taifex_foreign_position,TAIFEX public daily institutional query is limited to the previous three years,2026-08-10T14:15:46+00:00
2021-10-25,taifex_foreign_position,TAIFEX public daily institutional query is limited to the previous three years,2026-08-10T14:15:46+00:00
2021-10-26,taifex_foreign_position,TAIFEX public daily institutional query is limited to the previous three years,2026-08-10T14:15:46+00:00
2021-10-27,taifex_foreign_position,TAIFEX public daily institutional query is limited to the previous three years,2026-08-10T14:15:46+00:00
2021-10-28,taifex_foreign_position,TAIFEX public daily institutional query is limited to the previous three years,2026-08-10T14:15:46+00:00
2021-10-29,taifex_foreign_position,TAIFEX public daily institutional query is limited to the previous three years,2026-08-10T14:15:46+00:00
2021-11-01,taifex_foreign_position,TAIFEX public daily institutional query is limited to the previous three years,2026-08-10T14:15:46+00:00
2021-11-02,taifex_foreign_position,TAIFEX public daily institutional query is limited to the previous three years,2026-08-10T14:15:46+00:00
2021-11-03,taifex_foreign_position,TAIFEX public daily institutional query is limited to the previous three years,2026-08-10T14:15:46+00:00
2021-11-04,taifex_foreign_position,TAIFEX public daily institutional query is limited to the previous three years,2026-08-10T14:15:46+00:00
2021-11-05,taifex_foreign_position,TAIFEX public daily institutional query is limited to the previous three years,2026-08-10T14:15:46+00:00
2021-11-08,taifex_foreign_position,TAIFEX public daily institutional query is limited to the previous three years,2026-08-10T14:15:46+00:00
2021-11-09,taifex_foreign_position,TAIFEX public daily institutional query is limited to the previous three years,2026-08-10T14:15:46+00:00
2021-11-10,taifex_foreign_position,TAIFEX public daily institutional query is limited to the previous three years,2026-08-10T14:15:46+00:00
2021-11-11,taifex_foreign_position,TAIFEX public daily institutional query is limited to the previous three years,2026-08-10T14:15:46+00:00
2021-11-12,taifex_foreign_position,TAIFEX public daily institutional query is limited to the previous three years,2026-08-10T14:15:46+00:00
2021-11-15,taifex_foreign_position,TAIFEX public daily institutional query is limited to the previous three years,2026-08-10T14:15:46+00:00
2021-11-16,taifex_foreign_position,TAIFEX public daily institutional query is limited to the previous three years,2026-08-10T14:15:46+00:00
2021-11-17,taifex_foreign_position,TAIFEX public daily institutional query is limited to the previous three years,2026-08-10T14:15:46+00:00
2021-11-18,taifex_foreign_position,TAIFEX public daily institutional query is limited to the previous three years,2026-08-10T14:15:46+00:00
2021-11-19,taifex_foreign_position,TAIFEX public daily institutional query is limited to the previous three years,2026-08-10T14:15:46+00:00
2021-11-22,taifex_foreign_position,TAIFEX public daily institutional query is limited to the previous three years,2026-08-10T14:15:46+00:00
2021-11-23,taifex_foreign_position,TAIFEX public daily institutional query is limited to the previous three years,2026-08-10T14:15:46+00:00
2021-11-24,taifex_foreign_position,TAIFEX public daily institutional query is limited to the previous three years,2026-08-10T14:15:46+00:00
2021-11-25,taifex_foreign_position,TAIFEX public daily institutional query is limited to the previous three years,2026-08-10T14:15:46+00:00
2021-11-26,taifex_foreign_position,TAIFEX public daily institutional query is limited to the previous three years,2026-08-10T14:15:46+00:00
2021-11-29,taifex_foreign_position,TAIFEX public daily institutional query is limited to the previous three years,2026-08-10T14:15:46+00:00
2021-11-30,taifex_foreign_position,TAIFEX public daily institutional query is limited to the previous three years,2026-08-10T14:15:46+00:00
2021-12-01,taifex_foreign_position,TAIFEX public daily institutional query is limited to the previous three years,2026-08-10T14:15:46+00:00
2021-12-02,taifex_foreign_position,TAIFEX public daily institutional query is limited to the previous three years,2026-08-10T14:15:46+00:00
2021-12-03,taifex_foreign_position,TAIFEX public daily institutional query is limited to the previous three years,2026-08-10T14:15:46+00:00
2021-12-06,taifex_foreign_position,TAIFEX public daily institutional query is limited to the previous three years,2026-08-10T14:15:46+00:00
2021-12-07,taifex_foreign_position,TAIFEX public daily institutional query is limited to the previous three years,2026-08-10T14:15:46+00:00
2021-12-08,taifex_foreign_position,TAIFEX public daily institutional query is limited to the previous three years,2026-08-10T14:15:46+00:00
2021-12-09,taifex_foreign_position,TAIFEX public daily institutional query is limited to the previous three years,2026-08-10T14:15:46+00:00
2021-12-10,taifex_foreign_position,TAIFEX public daily institutional query is limited to the previous three years,2026-08-10T14:15:46+00:00
2021-12-13,taifex_foreign_position,TAIFEX public daily institutional query is limited to the previous three years,2026-08-10T14:15:46+00:00
2021-12-14,taifex_foreign_position,TAIFEX public daily institutional query is limited to the previous three years,2026-08-10T14:15:46+00:00
2021-12-15,taifex_foreign_position,TAIFEX public daily institutional query is limited to the previous three years,2026-08-10T14:15:46+00:00
2021-12-16,taifex_foreign_position,TAIFEX public daily institutional query is limited to the previous three years,2026-08-10T14:15:46+00:00
2021-12-17,taifex_foreign_position,TAIFEX public daily institutional query is limited to the previous three years,2026-08-10T14:15:46+00:00
2021-12-20,taifex_foreign_position,TAIFEX public daily institutional query is limited to the previous three years,2026-08-10T14:15:46+00:00
2021-12-21,taifex_foreign_position,TAIFEX public daily institutional query is limited to the previous three years,2026-08-10T14:15:46+00:00
2021-12-22,taifex_foreign_position,TAIFEX public daily institutional query is limited to the previous three years,2026-08-10T14:15:46+00:00
2021-12-23,taifex_foreign_position,TAIFEX public daily institutional query is limited to the previous three years,2026-08-10T14:15:46+00:00
2021-12-24,taifex_foreign_position,TAIFEX public daily institutional query is limited to the previous three years,2026-08-10T14:15:46+00:00
2021-12-27,taifex_foreign_position,TAIFEX public daily institutional query is limited to the previous three years,2026-08-10T14:15:46+00:00
2021-12-28,taifex_foreign_position,TAIFEX public daily institutional query is limited to the previous three years,2026-08-10T14:15:46+00:00
2021-12-29,taifex_foreign_position,TAIFEX public daily institutional query is limited to the previous three years,2026-08-10T14:15:46+00:00
2021-12-30,taifex_foreign_position,TAIFEX public daily institutional query is limited to the previous three years,2026-08-10T14:15:46+00:00
2022-01-03,taifex_foreign_position,TAIFEX public daily institutional query is limited to the previous three years,2026-08-10T14:15:46+00:00
2022-01-04,taifex_foreign_position,TAIFEX public daily institutional query is limited to the previous three years,2026-08-10T14:15:46+00:00
2022-01-05,taifex_foreign_position,TAIFEX public daily institutional query is limited to the previous three years,2026-08-10T14:15:46+00:00
2022-01-06,taifex_foreign_position,TAIFEX public daily institutional query is limited to the previous three years,2026-08-10T14:15:46+00:00
2022-01-07,taifex_foreign_position,TAIFEX public daily institutional query is limited to the previous three years,2026-08-10T14:15:46+00:00
2022-01-10,taifex_foreign_position,TAIFEX public daily institutional query is limited to the previous three years,2026-08-10T14:15:46+00:00
2022-01-11,taifex_foreign_position,TAIFEX public daily institutional query is limited to the previous three years,2026-08-10T14:15:46+00:00
2022-01-12,taifex_foreign_position,TAIFEX public daily institutional query is limited to the previous three years,2026-08-10T14:15:46+00:00
2022-01-13,taifex_foreign_position,TAIFEX public daily institutional query is limited to the previous three years,2026-08-10T14:15:46+00:00
2022-01-14,taifex_foreign_position,TAIFEX public daily institutional query is limited to the previous three years,2026-08-10T14:15:46+00:00
2022-01-17,taifex_foreign_position,TAIFEX public daily institutional query is limited to the previous three years,2026-08-10T14:15:46+00:00
2022-01-18,taifex_foreign_position,TAIFEX public daily institutional query is limited to the previous three years,2026-08-10T14:15:46+00:00
2022-01-19,taifex_foreign_position,TAIFEX public daily institutional query is limited to the previous three years,2026-08-10T14:15:46+00:00
2022-01-20,taifex_foreign_position,TAIFEX public daily institutional query is limited to the previous three years,2026-08-10T14:15:46+00:00
2022-01-21,taifex_foreign_position,TAIFEX public daily institutional query is limited to the previous three years,2026-08-10T14:15:46+00:00
2022-01-24,taifex_foreign_position,TAIFEX public daily institutional query is limited to the previous three years,2026-08-10T14:15:46+00:00
2022-01-25,taifex_foreign_position,TAIFEX public daily institutional query is limited to the previous three years,2026-08-10T14:15:46+00:00
2022-01-26,taifex_foreign_position,TAIFEX public daily institutional query is limited to the previous three years,2026-08-10T14:15:46+00:00
2022-02-07,taifex_foreign_position,TAIFEX public daily institutional query is limited to the previous three years,2026-08-10T14:15:46+00:00
2022-02-08,taifex_foreign_position,TAIFEX public daily institutional query is limited to the previous three years,2026-08-10T14:15:46+00:00
2022-02-09,taifex_foreign_position,TAIFEX public daily institutional query is limited to the previous three years,2026-08-10T14:15:46+00:00
2022-02-10,taifex_foreign_position,TAIFEX public daily institutional query is limited to the previous three years,2026-08-10T14:15:46+00:00
2022-02-11,taifex_foreign_position,TAIFEX public daily institutional query is limited to the previous three years,2026-08-10T14:15:46+00:00
2022-02-14,taifex_foreign_position,TAIFEX public daily institutional query is limited to the previous three years,2026-08-10T14:15:46+00:00
2022-02-15,taifex_foreign_position,TAIFEX public daily institutional query is limited to the previous three years,2026-08-10T14:15:46+00:00
2022-02-16,taifex_foreign_position,TAIFEX public daily institutional query is limited to the previous three years,2026-08-10T14:15:46+00:00
2022-02-17,taifex_foreign_position,TAIFEX public daily institutional query is limited to the previous three years,2026-08-10T14:15:46+00:00
2022-02-18,taifex_foreign_position,TAIFEX public daily institutional query is limited to the previous three years,2026-08-10T14:15:46+00:00
2022-02-21,taifex_foreign_position,TAIFEX public daily institutional query is limited to the previous three years,2026-08-10T14:15:46+00:00
2022-02-22,taifex_foreign_position,TAIFEX public daily institutional query is limited to the previous three years,2026-08-10T14:15:46+00:00
2022-02-23,taifex_foreign_position,TAIFEX public daily institutional query is limited to the previous three years,2026-08-10T14:15:46+00:00
2022-02-24,taifex_foreign_position,TAIFEX public daily institutional query is limited to the previous three years,2026-08-10T14:15:46+00:00
2022-02-25,taifex_foreign_position,TAIFEX public daily institutional query is limited to the previous three years,2026-08-10T14:15:46+00:00
2022-03-01,taifex_foreign_position,TAIFEX public daily institutional query is limited to the previous three years,2026-08-10T14:15:46+00:00
2022-03-02,taifex_foreign_position,TAIFEX public daily institutional query is limited to the previous three years,2026-08-10T14:15:46+00:00
2022-03-03,taifex_foreign_position,TAIFEX public daily institutional query is limited to the previous three years,2026-08-10T14:15:46+00:00
2022-03-04,taifex_foreign_position,TAIFEX public daily institutional query is limited to the previous three years,2026-08-10T14:15:46+00:00
2022-03-07,taifex_foreign_position,TAIFEX public daily institutional query is limited to the previous three years,2026-08-10T14:15:46+00:00
2022-03-08,taifex_foreign_position,TAIFEX public daily institutional query is limited to the previous three years,2026-08-10T14:15:46+00:00
2022-03-09,taifex_foreign_position,TAIFEX public daily institutional query is limited to the previous three years,2026-08-10T14:15:46+00:00
2022-03-10,taifex_foreign_position,TAIFEX public daily institutional query is limited to the previous three years,2026-08-10T14:15:46+00:00
2022-03-11,taifex_foreign_position,TAIFEX public daily institutional query is limited to the previous three years,2026-08-10T14:15:46+00:00
2022-03-14,taifex_foreign_position,TAIFEX public daily institutional query is limited to the previous three years,2026-08-10T14:15:46+00:00
2022-03-15,taifex_foreign_position,TAIFEX public daily institutional query is limited to the previous three years,2026-08-10T14:15:46+00:00
2022-03-16,taifex_foreign_position,TAIFEX public daily institutional query is limited to the previous three years,2026-08-10T14:15:46+00:00
2022-03-17,taifex_foreign_position,TAIFEX public daily institutional query is limited to the previous three years,2026-08-10T14:15:46+00:00
2022-03-18,taifex_foreign_position,TAIFEX public daily institutional query is limited to the previous three years,2026-08-10T14:15:46+00:00
2022-03-21,taifex_foreign_position,TAIFEX public daily institutional query is limited to the previous three years,2026-08-10T14:15:46+00:00
2022-03-22,taifex_foreign_position,TAIFEX public daily institutional query is limited to the previous three years,2026-08-10T14:15:46+00:00
2022-03-23,taifex_foreign_position,TAIFEX public daily institutional query is limited to the previous three years,2026-08-10T14:15:46+00:00
2022-03-24,taifex_foreign_position,TAIFEX public daily institutional query is limited to the previous three years,2026-08-10T14:15:46+00:00
2022-03-25,taifex_foreign_position,TAIFEX public daily institutional query is limited to the previous three years,2026-08-10T14:15:46+00:00
2022-03-28,taifex_foreign_position,TAIFEX public daily institutional query is limited to the previous three years,2026-08-10T14:15:46+00:00
2022-03-29,taifex_foreign_position,TAIFEX public daily institutional query is limited to the previous three years,2026-08-10T14:15:46+00:00
2022-03-30,taifex_foreign_position,TAIFEX public daily institutional query is limited to the previous three years,2026-08-10T14:15:46+00:00
2022-03-31,taifex_foreign_position,TAIFEX public daily institutional query is limited to the previous three years,2026-08-10T14:15:46+00:00
2022-04-01,taifex_foreign_position,TAIFEX public daily institutional query is limited to the previous three years,2026-08-10T14:15:46+00:00
2022-04-06,taifex_foreign_position,TAIFEX public daily institutional query is limited to the previous three years,2026-08-10T14:15:46+00:00
2022-04-07,taifex_foreign_position,TAIFEX public daily institutional query is limited to the previous three years,2026-08-10T14:15:46+00:00
2022-04-08,taifex_foreign_position,TAIFEX public daily institutional query is limited to the previous three years,2026-08-10T14:15:46+00:00
2022-04-11,taifex_foreign_position,TAIFEX public daily institutional query is limited to the previous three years,2026-08-10T14:15:46+00:00
2022-04-12,taifex_foreign_position,TAIFEX public daily institutional query is limited to the previous three years,2026-08-10T14:15:46+00:00
2022-04-13,taifex_foreign_position,TAIFEX public daily institutional query is limited to the previous three years,2026-08-10T14:15:46+00:00
2022-04-14,taifex_foreign_position,TAIFEX public daily institutional query is limited to the previous three years,2026-08-10T14:15:46+00:00
2022-04-15,taifex_foreign_position,TAIFEX public daily institutional query is limited to the previous three years,2026-08-10T14:15:46+00:00
2022-04-18,taifex_foreign_position,TAIFEX public daily institutional query is limited to the previous three years,2026-08-10T14:15:46+00:00
2022-04-19,taifex_foreign_position,TAIFEX public daily institutional query is limited to the previous three years,2026-08-10T14:15:46+00:00
2022-04-20,taifex_foreign_position,TAIFEX public daily institutional query is limited to the previous three years,2026-08-10T14:15:46+00:00
2022-04-21,taifex_foreign_position,TAIFEX public daily institutional query is limited to the previous three years,2026-08-10T14:15:46+00:00
2022-04-22,taifex_foreign_position,TAIFEX public daily institutional query is limited to the previous three years,2026-08-10T14:15:46+00:00
2022-04-25,taifex_foreign_position,TAIFEX public daily institutional query is limited to the previous three years,2026-08-10T14:15:46+00:00
2022-04-26,taifex_foreign_position,TAIFEX public daily institutional query is limited to the previous three years,2026-08-10T14:15:46+00:00
2022-04-27,taifex_foreign_position,TAIFEX public daily institutional query is limited to the previous three years,2026-08-10T14:15:46+00:00
2022-04-28,taifex_foreign_position,TAIFEX public daily institutional query is limited to the previous three years,2026-08-10T14:15:46+00:00
2022-04-29,taifex_foreign_position,TAIFEX public daily institutional query is limited to the previous three years,2026-08-10T14:15:46+00:00
2022-05-03,taifex_foreign_position,TAIFEX public daily institutional query is limited to the previous three years,2026-08-10T14:15:46+00:00
2022-05-04,taifex_foreign_position,TAIFEX public daily institutional query is limited to the previous three years,2026-08-10T14:15:46+00:00
2022-05-05,taifex_foreign_position,TAIFEX public daily institutional query is limited to the previous three years,2026-08-10T14:15:46+00:00
2022-05-06,taifex_foreign_position,TAIFEX public daily institutional query is limited to the previous three years,2026-08-10T14:15:46+00:00
2022-05-09,taifex_foreign_position,TAIFEX public daily institutional query is limited to the previous three years,2026-08-10T14:15:46+00:00
2022-05-10,taifex_foreign_position,TAIFEX public daily institutional query is limited to the previous three years,2026-08-10T14:15:46+00:00
2022-05-11,taifex_foreign_position,TAIFEX public daily institutional query is limited to the previous three years,2026-08-10T14:15:46+00:00
2022-05-12,taifex_foreign_position,TAIFEX public daily institutional query is limited to the previous three years,2026-08-10T14:15:46+00:00
2022-05-13,taifex_foreign_position,TAIFEX public daily institutional query is limited to the previous three years,2026-08-10T14:15:46+00:00
2022-05-16,taifex_foreign_position,TAIFEX public daily institutional query is limited to the previous three years,2026-08-10T14:15:46+00:00
2022-05-17,taifex_foreign_position,TAIFEX public daily institutional query is limited to the previous three years,2026-08-10T14:15:46+00:00
2022-05-18,taifex_foreign_position,TAIFEX public daily institutional query is limited to the previous three years,2026-08-10T14:15:46+00:00
2022-05-19,taifex_foreign_position,TAIFEX public daily institutional query is limited to the previous three years,2026-08-10T14:15:46+00:00
2022-05-20,taifex_foreign_position,TAIFEX public daily institutional query is limited to the previous three years,2026-08-10T14:15:46+00:00
2022-05-23,taifex_foreign_position,TAIFEX public daily institutional query is limited to the previous three years,2026-08-10T14:15:46+00:00
2022-05-24,taifex_foreign_position,TAIFEX public daily institutional query is limited to the previous three years,2026-08-10T14:15:46+00:00
2022-05-25,taifex_foreign_position,TAIFEX public daily institutional query is limited to the previous three years,2026-08-10T14:15:46+00:00
2022-05-26,taifex_foreign_position,TAIFEX public daily institutional query is limited to the previous three years,2026-08-10T14:15:46+00:00
2022-05-27,taifex_foreign_position,TAIFEX public daily institutional query is limited to the previous three years,2026-08-10T14:15:46+00:00
2022-05-30,taifex_foreign_position,TAIFEX public daily institutional query is limited to the previous three years,2026-08-10T14:15:46+00:00
2022-05-31,taifex_foreign_position,TAIFEX public daily institutional query is limited to the previous three years,2026-08-10T14:15:46+00:00
2022-06-01,taifex_foreign_position,TAIFEX public daily institutional query is limited to the previous three years,2026-08-10T14:15:46+00:00
2022-06-02,taifex_foreign_position,TAIFEX public daily institutional query is limited to the previous three years,2026-08-10T14:15:46+00:00
2022-06-06,taifex_foreign_position,TAIFEX public daily institutional query is limited to the previous three years,2026-08-10T14:15:46+00:00
2022-06-07,taifex_foreign_position,TAIFEX public daily institutional query is limited to the previous three years,2026-08-10T14:15:46+00:00
2022-06-08,taifex_foreign_position,TAIFEX public daily institutional query is limited to the previous three years,2026-08-10T14:15:46+00:00
2022-06-09,taifex_foreign_position,TAIFEX public daily institutional query is limited to the previous three years,2026-08-10T14:15:46+00:00
2022-06-10,taifex_foreign_position,TAIFEX public daily institutional query is limited to the previous three years,2026-08-10T14:15:46+00:00
2022-06-13,taifex_foreign_position,TAIFEX public daily institutional query is limited to the previous three years,2026-08-10T14:15:46+00:00
2022-06-14,taifex_foreign_position,TAIFEX public daily institutional query is limited to the previous three years,2026-08-10T14:15:46+00:00
2022-06-15,taifex_foreign_position,TAIFEX public daily institutional query is limited to the previous three years,2026-08-10T14:15:46+00:00
2022-06-16,taifex_foreign_position,TAIFEX public daily institutional query is limited to the previous three years,2026-08-10T14:15:46+00:00
2022-06-17,taifex_foreign_position,TAIFEX public daily institutional query is limited to the previous three years,2026-08-10T14:15:46+00:00
2022-06-20,taifex_foreign_position,TAIFEX public daily institutional query is limited to the previous three years,2026-08-10T14:15:46+00:00
2022-06-21,taifex_foreign_position,TAIFEX public daily institutional query is limited to the previous three years,2026-08-10T14:15:46+00:00
2022-06-22,taifex_foreign_position,TAIFEX public daily institutional query is limited to the previous three years,2026-08-10T14:15:46+00:00
2022-06-23,taifex_foreign_position,TAIFEX public daily institutional query is limited to the previous three years,2026-08-10T14:15:46+00:00
2022-06-24,taifex_foreign_position,TAIFEX public daily institutional query is limited to the previous three years,2026-08-10T14:15:46+00:00
2022-06-27,taifex_foreign_position,TAIFEX public daily institutional query is limited to the previous three years,2026-08-10T14:15:46+00:00
2022-06-28,taifex_foreign_position,TAIFEX public daily institutional query is limited to the previous three years,2026-08-10T14:15:46+00:00
2022-06-29,taifex_foreign_position,TAIFEX public daily institutional query is limited to the previous three years,2026-08-10T14:15:46+00:00
2022-06-30,taifex_foreign_position,TAIFEX public daily institutional query is limited to the previous three years,2026-08-10T14:15:46+00:00
2022-07-01,taifex_foreign_position,TAIFEX public daily institutional query is limited to the previous three years,2026-08-10T14:15:46+00:00
2022-07-04,taifex_foreign_position,TAIFEX public daily institutional query is limited to the previous three years,2026-08-10T14:15:46+00:00
2022-07-05,taifex_foreign_position,TAIFEX public daily institutional query is limited to the previous three years,2026-08-10T14:15:46+00:00
2022-07-06,taifex_foreign_position,TAIFEX public daily institutional query is limited to the previous three years,2026-08-10T14:15:46+00:00
2022-07-07,taifex_foreign_position,TAIFEX public daily institutional query is limited to the previous three years,2026-08-10T14:15:46+00:00
2022-07-08,taifex_foreign_position,TAIFEX public daily institutional query is limited to the previous three years,2026-08-10T14:15:46+00:00
2022-07-11,taifex_foreign_position,TAIFEX public daily institutional query is limited to the previous three years,2026-08-10T14:15:46+00:00
2022-07-12,taifex_foreign_position,TAIFEX public daily institutional query is limited to the previous three years,2026-08-10T14:15:46+00:00
2022-07-13,taifex_foreign_position,TAIFEX public daily institutional query is limited to the previous three years,2026-08-10T14:15:46+00:00
2022-07-14,taifex_foreign_position,TAIFEX public daily institutional query is limited to the previous three years,2026-08-10T14:15:46+00:00
2022-07-15,taifex_foreign_position,TAIFEX public daily institutional query is limited to the previous three years,2026-08-10T14:15:46+00:00
2022-07-18,taifex_foreign_position,TAIFEX public daily institutional query is limited to the previous three years,2026-08-10T14:15:46+00:00
2022-07-19,taifex_foreign_position,TAIFEX public daily institutional query is limited to the previous three years,2026-08-10T14:15:46+00:00
2022-07-20,taifex_foreign_position,TAIFEX public daily institutional query is limited to the previous three years,2026-08-10T14:15:46+00:00
2022-07-21,taifex_foreign_position,TAIFEX public daily institutional query is limited to the previous three years,2026-08-10T14:15:46+00:00
2022-07-22,taifex_foreign_position,TAIFEX public daily institutional query is limited to the previous three years,2026-08-10T14:15:46+00:00
2022-07-25,taifex_foreign_position,TAIFEX public daily institutional query is limited to the previous three years,2026-08-10T14:15:46+00:00
2022-07-26,taifex_foreign_position,TAIFEX public daily institutional query is limited to the previous three years,2026-08-10T14:15:46+00:00
2022-07-27,taifex_foreign_position,TAIFEX public daily institutional query is limited to the previous three years,2026-08-10T14:15:46+00:00
2022-07-28,taifex_foreign_position,TAIFEX public daily institutional query is limited to the previous three years,2026-08-10T14:15:46+00:00
2022-07-29,taifex_foreign_position,TAIFEX public daily institutional query is limited to the previous three years,2026-08-10T14:15:46+00:00
2022-08-01,taifex_foreign_position,TAIFEX public daily institutional query is limited to the previous three years,2026-08-10T14:15:46+00:00
2022-08-02,taifex_foreign_position,TAIFEX public daily institutional query is limited to the previous three years,2026-08-10T14:15:46+00:00
2022-08-03,taifex_foreign_position,TAIFEX public daily institutional query is limited to the previous three years,2026-08-10T14:15:46+00:00
2022-08-04,taifex_foreign_position,TAIFEX public daily institutional query is limited to the previous three years,2026-08-10T14:15:46+00:00
2022-08-05,taifex_foreign_position,TAIFEX public daily institutional query is limited to the previous three years,2026-08-10T14:15:46+00:00
2022-08-08,taifex_foreign_position,TAIFEX public daily institutional query is limited to the previous three years,2026-08-10T14:15:46+00:00
2022-08-09,taifex_foreign_position,TAIFEX public daily institutional query is limited to the previous three years,2026-08-10T14:15:46+00:00
2022-08-10,taifex_foreign_position,TAIFEX public daily institutional query is limited to the previous three years,2026-08-10T14:15:46+00:00
2022-08-11,taifex_foreign_position,TAIFEX public daily institutional query is limited to the previous three years,2026-08-10T14:15:46+00:00
2022-08-12,taifex_foreign_position,TAIFEX public daily institutional query is limited to the previous three years,2026-08-10T14:15:46+00:00
2022-08-15,taifex_foreign_position,TAIFEX public daily institutional query is limited to the previous three years,2026-08-10T14:15:46+00:00
2022-08-16,taifex_foreign_position,TAIFEX public daily institutional query is limited to the previous three years,2026-08-10T14:15:46+00:00
2022-08-17,taifex_foreign_position,TAIFEX public daily institutional query is limited to the previous three years,2026-08-10T14:15:46+00:00
2022-08-18,taifex_foreign_position,TAIFEX public daily institutional query is limited to the previous three years,2026-08-10T14:15:46+00:00
2022-08-19,taifex_foreign_position,TAIFEX public daily institutional query is limited to the previous three years,2026-08-10T14:15:46+00:00
2022-08-22,taifex_foreign_position,TAIFEX public daily institutional query is limited to the previous three years,2026-08-10T14:15:46+00:00
2022-08-23,taifex_foreign_position,TAIFEX public daily institutional query is limited to the previous three years,2026-08-10T14:15:46+00:00
2022-08-24,taifex_foreign_position,TAIFEX public daily institutional query is limited to the previous three years,2026-08-10T14:15:46+00:00
2022-08-25,taifex_foreign_position,TAIFEX public daily institutional query is limited to the previous three years,2026-08-10T14:15:46+00:00
2022-08-26,taifex_foreign_position,TAIFEX public daily institutional query is limited to the previous three years,2026-08-10T14:15:46+00:00
2022-08-29,taifex_foreign_position,TAIFEX public daily institutional query is limited to the previous three years,2026-08-10T14:15:46+00:00
2022-08-30,taifex_foreign_position,TAIFEX public daily institutional query is limited to the previous three years,2026-08-10T14:15:46+00:00
2022-08-31,taifex_foreign_position,TAIFEX public daily institutional query is limited to the previous three years,2026-08-10T14:15:46+00:00
2022-09-01,taifex_foreign_position,TAIFEX public daily institutional query is limited to the previous three years,2026-08-10T14:15:46+00:00
2022-09-02,taifex_foreign_position,TAIFEX public daily institutional query is limited to the previous three years,2026-08-10T14:15:46+00:00
2022-09-05,taifex_foreign_position,TAIFEX public daily institutional query is limited to the previous three years,2026-08-10T14:15:46+00:00
2022-09-06,taifex_foreign_position,TAIFEX public daily institutional query is limited to the previous three years,2026-08-10T14:15:46+00:00
2022-09-07,taifex_foreign_position,TAIFEX public daily institutional query is limited to the previous three years,2026-08-10T14:15:46+00:00
2022-09-08,taifex_foreign_position,TAIFEX public daily institutional query is limited to the previous three years,2026-08-10T14:15:46+00:00
2022-09-12,taifex_foreign_position,TAIFEX public daily institutional query is limited to the previous three years,2026-08-10T14:15:46+00:00
2022-09-13,taifex_foreign_position,TAIFEX public daily institutional query is limited to the previous three years,2026-08-10T14:15:46+00:00
2022-09-14,taifex_foreign_position,TAIFEX public daily institutional query is limited to the previous three years,2026-08-10T14:15:46+00:00
2022-09-15,taifex_foreign_position,TAIFEX public daily institutional query is limited to the previous three years,2026-08-10T14:15:46+00:00
2022-09-16,taifex_foreign_position,TAIFEX public daily institutional query is limited to the previous three years,2026-08-10T14:15:46+00:00
2022-09-19,taifex_foreign_position,TAIFEX public daily institutional query is limited to the previous three years,2026-08-10T14:15:46+00:00
2022-09-20,taifex_foreign_position,TAIFEX public daily institutional query is limited to the previous three years,2026-08-10T14:15:46+00:00
2022-09-21,taifex_foreign_position,TAIFEX public daily institutional query is limited to the previous three years,2026-08-10T14:15:46+00:00
2022-09-22,taifex_foreign_position,TAIFEX public daily institutional query is limited to the previous three years,2026-08-10T14:15:46+00:00
2022-09-23,taifex_foreign_position,TAIFEX public daily institutional query is limited to the previous three years,2026-08-10T14:15:46+00:00
2022-09-26,taifex_foreign_position,TAIFEX public daily institutional query is limited to the previous three years,2026-08-10T14:15:46+00:00
2022-09-27,taifex_foreign_position,TAIFEX public daily institutional query is limited to the previous three years,2026-08-10T14:15:46+00:00
2022-09-28,taifex_foreign_position,TAIFEX public daily institutional query is limited to the previous three years,2026-08-10T14:15:46+00:00
2022-09-29,taifex_foreign_position,TAIFEX public daily institutional query is limited to the previous three years,2026-08-10T14:15:46+00:00
2022-09-30,taifex_foreign_position,TAIFEX public daily institutional query is limited to the previous three years,2026-08-10T14:15:46+00:00
2022-10-03,taifex_foreign_position,TAIFEX public daily institutional query is limited to the previous three years,2026-08-10T14:15:46+00:00
2022-10-04,taifex_foreign_position,TAIFEX public daily institutional query is limited to the previous three years,2026-08-10T14:15:46+00:00
2022-10-05,taifex_foreign_position,TAIFEX public daily institutional query is limited to the previous three years,2026-08-10T14:15:46+00:00
2022-10-06,taifex_foreign_position,TAIFEX public daily institutional query is limited to the previous three years,2026-08-10T14:15:46+00:00
2022-10-07,taifex_foreign_position,TAIFEX public daily institutional query is limited to the previous three years,2026-08-10T14:15:46+00:00
2022-10-11,taifex_foreign_position,TAIFEX public daily institutional query is limited to the previous three years,2026-08-10T14:15:46+00:00
2022-10-12,taifex_foreign_position,TAIFEX public daily institutional query is limited to the previous three years,2026-08-10T14:15:46+00:00
2022-10-13,taifex_foreign_position,TAIFEX public daily institutional query is limited to the previous three years,2026-08-10T14:15:46+00:00
2022-10-14,taifex_foreign_position,TAIFEX public daily institutional query is limited to the previous three years,2026-08-10T14:15:46+00:00
2022-10-17,taifex_foreign_position,TAIFEX public daily institutional query is limited to the previous three years,2026-08-10T14:15:46+00:00
2022-10-18,taifex_foreign_position,TAIFEX public daily institutional query is limited to the previous three years,2026-08-10T14:15:46+00:00
2022-10-19,taifex_foreign_position,TAIFEX public daily institutional query is limited to the previous three years,2026-08-10T14:15:46+00:00
2022-10-20,taifex_foreign_position,TAIFEX public daily institutional query is limited to the previous three years,2026-08-10T14:15:46+00:00
2022-10-21,taifex_foreign_position,TAIFEX public daily institutional query is limited to the previous three years,2026-08-10T14:15:46+00:00
2022-10-24,taifex_foreign_position,TAIFEX public daily institutional query is limited to the previous three years,2026-08-10T14:15:46+00:00
2022-10-25,taifex_foreign_position,TAIFEX public daily institutional query is limited to the previous three years,2026-08-10T14:15:46+00:00
2022-10-26,taifex_foreign_position,TAIFEX public daily institutional query is limited to the previous three years,2026-08-10T14:15:46+00:00
2022-10-27,taifex_foreign_position,TAIFEX public daily institutional query is limited to the previous three years,2026-08-10T14:15:46+00:00
2022-10-28,taifex_foreign_position,TAIFEX public daily institutional query is limited to the previous three years,2026-08-10T14:15:46+00:00
2022-10-31,taifex_foreign_position,TAIFEX public daily institutional query is limited to the previous three years,2026-08-10T14:15:46+00:00
2022-11-01,taifex_foreign_position,TAIFEX public daily institutional query is limited to the previous three years,2026-08-10T14:15:46+00:00
2022-11-02,taifex_foreign_position,TAIFEX public daily institutional query is limited to the previous three years,2026-08-10T14:15:46+00:00
2022-11-03,taifex_foreign_position,TAIFEX public daily institutional query is limited to the previous three years,2026-08-10T14:15:46+00:00
2022-11-04,taifex_foreign_position,TAIFEX public daily institutional query is limited to the previous three years,2026-08-10T14:15:46+00:00
2022-11-07,taifex_foreign_position,TAIFEX public daily institutional query is limited to the previous three years,2026-08-10T14:15:46+00:00
2022-11-08,taifex_foreign_position,TAIFEX public daily institutional query is limited to the previous three years,2026-08-10T14:15:46+00:00
2022-11-09,taifex_foreign_position,TAIFEX public daily institutional query is limited to the previous three years,2026-08-10T14:15:46+00:00
2022-11-10,taifex_foreign_position,TAIFEX public daily institutional query is limited to the previous three years,2026-08-10T14:15:46+00:00
2022-11-11,taifex_foreign_position,TAIFEX public daily institutional query is limited to the previous three years,2026-08-10T14:15:46+00:00
2022-11-14,taifex_foreign_position,TAIFEX public daily institutional query is limited to the previous three years,2026-08-10T14:15:46+00:00
2022-11-15,taifex_foreign_position,TAIFEX public daily institutional query is limited to the previous three years,2026-08-10T14:15:46+00:00
2022-11-16,taifex_foreign_position,TAIFEX public daily institutional query is limited to the previous three years,2026-08-10T14:15:46+00:00
2022-11-17,taifex_foreign_position,TAIFEX public daily institutional query is limited to the previous three years,2026-08-10T14:15:46+00:00
2022-11-18,taifex_foreign_position,TAIFEX public daily institutional query is limited to the previous three years,2026-08-10T14:15:46+00:00
2022-11-21,taifex_foreign_position,TAIFEX public daily institutional query is limited to the previous three years,2026-08-10T14:15:46+00:00
2022-11-22,taifex_foreign_position,TAIFEX public daily institutional query is limited to the previous three years,2026-08-10T14:15:46+00:00
2022-11-23,taifex_foreign_position,TAIFEX public daily institutional query is limited to the previous three years,2026-08-10T14:15:46+00:00
2022-11-24,taifex_foreign_position,TAIFEX public daily institutional query is limited to the previous three years,2026-08-10T14:15:46+00:00
2022-11-25,taifex_foreign_position,TAIFEX public daily institutional query is limited to the previous three years,2026-08-10T14:15:46+00:00
2022-11-28,taifex_foreign_position,TAIFEX public daily institutional query is limited to the previous three years,2026-08-10T14:15:46+00:00
2022-11-29,taifex_foreign_position,TAIFEX public daily institutional query is limited to the previous three years,2026-08-10T14:15:46+00:00
2022-11-30,taifex_foreign_position,TAIFEX public daily institutional query is limited to the previous three years,2026-08-10T14:15:46+00:00
2022-12-01,taifex_foreign_position,TAIFEX public daily institutional query is limited to the previous three years,2026-08-10T14:15:46+00:00
2022-12-02,taifex_foreign_position,TAIFEX public daily institutional query is limited to the previous three years,2026-08-10T14:15:46+00:00
2022-12-05,taifex_foreign_position,TAIFEX public daily institutional query is limited to the previous three years,2026-08-10T14:15:46+00:00
2022-12-06,taifex_foreign_position,TAIFEX public daily institutional query is limited to the previous three years,2026-08-10T14:15:46+00:00
2022-12-07,taifex_foreign_position,TAIFEX public daily institutional query is limited to the previous three years,2026-08-10T14:15:46+00:00
2022-12-08,taifex_foreign_position,TAIFEX public daily institutional query is limited to the previous three years,2026-08-10T14:15:46+00:00
2022-12-09,taifex_foreign_position,TAIFEX public daily institutional query is limited to the previous three years,2026-08-10T14:15:46+00:00
2022-12-12,taifex_foreign_position,TAIFEX public daily institutional query is limited to the previous three years,2026-08-10T14:15:46+00:00
2022-12-13,taifex_foreign_position,TAIFEX public daily institutional query is limited to the previous three years,2026-08-10T14:15:46+00:00
2022-12-14,taifex_foreign_position,TAIFEX public daily institutional query is limited to the previous three years,2026-08-10T14:15:46+00:00
2022-12-15,taifex_foreign_position,TAIFEX public daily institutional query is limited to the previous three years,2026-08-10T14:15:46+00:00
2022-12-16,taifex_foreign_position,TAIFEX public daily institutional query is limited to the previous three years,2026-08-10T14:15:46+00:00
2022-12-19,taifex_foreign_position,TAIFEX public daily institutional query is limited to the previous three years,2026-08-10T14:15:46+00:00
2022-12-20,taifex_foreign_position,TAIFEX public daily institutional query is limited to the previous three years,2026-08-10T14:15:46+00:00
2022-12-21,taifex_foreign_position,TAIFEX public daily institutional query is limited to the previous three years,2026-08-10T14:15:46+00:00
2022-12-22,taifex_foreign_position,TAIFEX public daily institutional query is limited to the previous three years,2026-08-10T14:15:46+00:00
2022-12-23,taifex_foreign_position,TAIFEX public daily institutional query is limited to the previous three years,2026-08-10T14:15:46+00:00
2022-12-26,taifex_foreign_position,TAIFEX public daily institutional query is limited to the previous three years,2026-08-10T14:15:46+00:00
2022-12-27,taifex_foreign_position,TAIFEX public daily institutional query is limited to the previous three years,2026-08-10T14:15:46+00:00
2022-12-28,taifex_foreign_position,TAIFEX public daily institutional query is limited to the previous three years,2026-08-10T14:15:46+00:00
2022-12-29,taifex_foreign_position,TAIFEX public daily institutional query is limited to the previous three years,2026-08-10T14:15:46+00:00
2022-12-30,taifex_foreign_position,TAIFEX public daily institutional query is limited to the previous three years,2026-08-10T14:15:46+00:00
2023-01-03,taifex_foreign_position,TAIFEX public daily institutional query is limited to the previous three years,2026-08-10T14:15:46+00:00
2023-01-04,taifex_foreign_position,TAIFEX public daily institutional query is limited to the previous three years,2026-08-10T14:15:46+00:00
2023-01-05,taifex_foreign_position,TAIFEX public daily institutional query is limited to the previous three years,2026-08-10T14:15:46+00:00
2023-01-06,taifex_foreign_position,TAIFEX public daily institutional query is limited to the previous three years,2026-08-10T14:15:46+00:00
2023-01-09,taifex_foreign_position,TAIFEX public daily institutional query is limited to the previous three years,2026-08-10T14:15:46+00:00
2023-01-10,taifex_foreign_position,TAIFEX public daily institutional query is limited to the previous three years,2026-08-10T14:15:46+00:00
2023-01-11,taifex_foreign_position,TAIFEX public daily institutional query is limited to the previous three years,2026-08-10T14:15:46+00:00
2023-01-12,taifex_foreign_position,TAIFEX public daily institutional query is limited to the previous three years,2026-08-10T14:15:46+00:00
2023-01-13,taifex_foreign_position,TAIFEX public daily institutional query is limited to the previous three years,2026-08-10T14:15:46+00:00
2023-01-16,taifex_foreign_position,TAIFEX public daily institutional query is limited to the previous three years,2026-08-10T14:15:46+00:00
2023-01-17,taifex_foreign_position,TAIFEX public daily institutional query is limited to the previous three years,2026-08-10T14:15:46+00:00
2023-01-30,taifex_foreign_position,TAIFEX public daily institutional query is limited to the previous three years,2026-08-10T14:15:46+00:00
2023-01-31,taifex_foreign_position,TAIFEX public daily institutional query is limited to the previous three years,2026-08-10T14:15:46+00:00
2023-02-01,taifex_foreign_position,TAIFEX public daily institutional query is limited to the previous three years,2026-08-10T14:15:46+00:00
2023-02-02,taifex_foreign_position,TAIFEX public daily institutional query is limited to the previous three years,2026-08-10T14:15:46+00:00
2023-02-03,taifex_foreign_position,TAIFEX public daily institutional query is limited to the previous three years,2026-08-10T14:15:46+00:00
2023-02-06,taifex_foreign_position,TAIFEX public daily institutional query is limited to the previous three years,2026-08-10T14:15:46+00:00
2023-02-07,taifex_foreign_position,TAIFEX public daily institutional query is limited to the previous three years,2026-08-10T14:15:46+00:00
2023-02-08,taifex_foreign_position,TAIFEX public daily institutional query is limited to the previous three years,2026-08-10T14:15:46+00:00
2023-02-09,taifex_foreign_position,TAIFEX public daily institutional query is limited to the previous three years,2026-08-10T14:15:46+00:00
2023-02-10,taifex_foreign_position,TAIFEX public daily institutional query is limited to the previous three years,2026-08-10T14:15:46+00:00
2023-02-13,taifex_foreign_position,TAIFEX public daily institutional query is limited to the previous three years,2026-08-10T14:15:46+00:00
2023-02-14,taifex_foreign_position,TAIFEX public daily institutional query is limited to the previous three years,2026-08-10T14:15:46+00:00
2023-02-15,taifex_foreign_position,TAIFEX public daily institutional query is limited to the previous three years,2026-08-10T14:15:46+00:00
2023-02-16,taifex_foreign_position,TAIFEX public daily institutional query is limited to the previous three years,2026-08-10T14:15:46+00:00
2023-02-17,taifex_foreign_position,TAIFEX public daily institutional query is limited to the previous three years,2026-08-10T14:15:46+00:00
2023-02-20,taifex_foreign_position,TAIFEX public daily institutional query is limited to the previous three years,2026-08-10T14:15:46+00:00
2023-02-21,taifex_foreign_position,TAIFEX public daily institutional query is limited to the previous three years,2026-08-10T14:15:46+00:00
2023-02-22,taifex_foreign_position,TAIFEX public daily institutional query is limited to the previous three years,2026-08-10T14:15:46+00:00
2023-02-23,taifex_foreign_position,TAIFEX public daily institutional query is limited to the previous three years,2026-08-10T14:15:46+00:00
2023-02-24,taifex_foreign_position,TAIFEX public daily institutional query is limited to the previous three years,2026-08-10T14:15:46+00:00
2023-03-01,taifex_foreign_position,TAIFEX public daily institutional query is limited to the previous three years,2026-08-10T14:15:46+00:00
2023-03-02,taifex_foreign_position,TAIFEX public daily institutional query is limited to the previous three years,2026-08-10T14:15:46+00:00
2023-03-03,taifex_foreign_position,TAIFEX public daily institutional query is limited to the previous three years,2026-08-10T14:15:46+00:00
2023-03-06,taifex_foreign_position,TAIFEX public daily institutional query is limited to the previous three years,2026-08-10T14:15:46+00:00
2023-03-07,taifex_foreign_position,TAIFEX public daily institutional query is limited to the previous three years,2026-08-10T14:15:47+00:00
2023-03-08,taifex_foreign_position,TAIFEX public daily institutional query is limited to the previous three years,2026-08-10T14:15:47+00:00
2023-03-09,taifex_foreign_position,TAIFEX public daily institutional query is limited to the previous three years,2026-08-10T14:15:47+00:00
2023-03-10,taifex_foreign_position,TAIFEX public daily institutional query is limited to the previous three years,2026-08-10T14:15:47+00:00
2023-03-13,taifex_foreign_position,TAIFEX public daily institutional query is limited to the previous three years,2026-08-10T14:15:47+00:00
2023-03-14,taifex_foreign_position,TAIFEX public daily institutional query is limited to the previous three years,2026-08-10T14:15:47+00:00
2023-03-15,taifex_foreign_position,TAIFEX public daily institutional query is limited to the previous three years,2026-08-10T14:15:47+00:00
2023-03-16,taifex_foreign_position,TAIFEX public daily institutional query is limited to the previous three years,2026-08-10T14:15:47+00:00
2023-03-17,taifex_foreign_position,TAIFEX public daily institutional query is limited to the previous three years,2026-08-10T14:15:47+00:00
2023-03-20,taifex_foreign_position,TAIFEX public daily institutional query is limited to the previous three years,2026-08-10T14:15:47+00:00
2023-03-21,taifex_foreign_position,TAIFEX public daily institutional query is limited to the previous three years,2026-08-10T14:15:47+00:00
2023-03-22,taifex_foreign_position,TAIFEX public daily institutional query is limited to the previous three years,2026-08-10T14:15:47+00:00
2023-03-23,taifex_foreign_position,TAIFEX public daily institutional query is limited to the previous three years,2026-08-10T14:15:47+00:00
2023-03-24,taifex_foreign_position,TAIFEX public daily institutional query is limited to the previous three years,2026-08-10T14:15:47+00:00
2023-03-27,taifex_foreign_position,TAIFEX public daily institutional query is limited to the previous three years,2026-08-10T14:15:47+00:00
2023-03-28,taifex_foreign_position,TAIFEX public daily institutional query is limited to the previous three years,2026-08-10T14:15:47+00:00
2023-03-29,taifex_foreign_position,TAIFEX public daily institutional query is limited to the previous three years,2026-08-10T14:15:47+00:00
2023-03-30,taifex_foreign_position,TAIFEX public daily institutional query is limited to the previous three years,2026-08-10T14:15:47+00:00
2023-03-31,taifex_foreign_position,TAIFEX public daily institutional query is limited to the previous three years,2026-08-10T14:15:47+00:00
2023-04-06,taifex_foreign_position,TAIFEX public daily institutional query is limited to the previous three years,2026-08-10T14:15:47+00:00
2023-04-07,taifex_foreign_position,TAIFEX public daily institutional query is limited to the previous three years,2026-08-10T14:15:47+00:00
2023-04-10,taifex_foreign_position,TAIFEX public daily institutional query is limited to the previous three years,2026-08-10T14:15:47+00:00
2023-04-11,taifex_foreign_position,TAIFEX public daily institutional query is limited to the previous three years,2026-08-10T14:15:47+00:00
2023-04-12,taifex_foreign_position,TAIFEX public daily institutional query is limited to the previous three years,2026-08-10T14:15:47+00:00
2023-04-13,taifex_foreign_position,TAIFEX public daily institutional query is limited to the previous three years,2026-08-10T14:15:47+00:00
2023-04-14,taifex_foreign_position,TAIFEX public daily institutional query is limited to the previous three years,2026-08-10T14:15:47+00:00
2023-04-17,taifex_foreign_position,TAIFEX public daily institutional query is limited to the previous three years,2026-08-10T14:15:47+00:00
2023-04-18,taifex_foreign_position,TAIFEX public daily institutional query is limited to the previous three years,2026-08-10T14:15:47+00:00
2023-04-19,taifex_foreign_position,TAIFEX public daily institutional query is limited to the previous three years,2026-08-10T14:15:47+00:00
2023-04-20,taifex_foreign_position,TAIFEX public daily institutional query is limited to the previous three years,2026-08-10T14:15:47+00:00
2023-04-21,taifex_foreign_position,TAIFEX public daily institutional query is limited to the previous three years,2026-08-10T14:15:47+00:00
2023-04-24,taifex_foreign_position,TAIFEX public daily institutional query is limited to the previous three years,2026-08-10T14:15:47+00:00
2023-04-25,taifex_foreign_position,TAIFEX public daily institutional query is limited to the previous three years,2026-08-10T14:15:47+00:00
2023-04-26,taifex_foreign_position,TAIFEX public daily institutional query is limited to the previous three years,2026-08-10T14:15:47+00:00
2023-04-27,taifex_foreign_position,TAIFEX public daily institutional query is limited to the previous three years,2026-08-10T14:15:47+00:00
2023-04-28,taifex_foreign_position,TAIFEX public daily institutional query is limited to the previous three years,2026-08-10T14:15:47+00:00
2023-05-02,taifex_foreign_position,TAIFEX public daily institutional query is limited to the previous three years,2026-08-10T14:15:47+00:00
2023-05-03,taifex_foreign_position,TAIFEX public daily institutional query is limited to the previous three years,2026-08-10T14:15:47+00:00
2023-05-04,taifex_foreign_position,TAIFEX public daily institutional query is limited to the previous three years,2026-08-10T14:15:47+00:00
2023-05-05,taifex_foreign_position,TAIFEX public daily institutional query is limited to the previous three years,2026-08-10T14:15:47+00:00
2023-05-08,taifex_foreign_position,TAIFEX public daily institutional query is limited to the previous three years,2026-08-10T14:15:47+00:00
2023-05-09,taifex_foreign_position,TAIFEX public daily institutional query is limited to the previous three years,2026-08-10T14:15:47+00:00
2023-05-10,taifex_foreign_position,TAIFEX public daily institutional query is limited to the previous three years,2026-08-10T14:15:47+00:00
2023-05-11,taifex_foreign_position,TAIFEX public daily institutional query is limited to the previous three years,2026-08-10T14:15:47+00:00
2023-05-12,taifex_foreign_position,TAIFEX public daily institutional query is limited to the previous three years,2026-08-10T14:15:47+00:00
2023-05-15,taifex_foreign_position,TAIFEX public daily institutional query is limited to the previous three years,2026-08-10T14:15:47+00:00
2023-05-16,taifex_foreign_position,TAIFEX public daily institutional query is limited to the previous three years,2026-08-10T14:15:47+00:00
2023-05-17,taifex_foreign_position,TAIFEX public daily institutional query is limited to the previous three years,2026-08-10T14:15:47+00:00
2023-05-18,taifex_foreign_position,TAIFEX public daily institutional query is limited to the previous three years,2026-08-10T14:15:47+00:00
2023-05-19,taifex_foreign_position,TAIFEX public daily institutional query is limited to the previous three years,2026-08-10T14:15:47+00:00
2023-05-22,taifex_foreign_position,TAIFEX public daily institutional query is limited to the previous three years,2026-08-10T14:15:47+00:00
2023-05-23,taifex_foreign_position,TAIFEX public daily institutional query is limited to the previous three years,2026-08-10T14:15:47+00:00
2023-05-24,taifex_foreign_position,TAIFEX public daily institutional query is limited to the previous three years,2026-08-10T14:15:47+00:00
2023-05-25,taifex_foreign_position,TAIFEX public daily institutional query is limited to the previous three years,2026-08-10T14:15:47+00:00
2023-05-26,taifex_foreign_position,TAIFEX public daily institutional query is limited to the previous three years,2026-08-10T14:15:47+00:00
2023-05-29,taifex_foreign_position,TAIFEX public daily institutional query is limited to the previous three years,2026-08-10T14:15:47+00:00
2023-05-30,taifex_foreign_position,TAIFEX public daily institutional query is limited to the previous three years,2026-08-10T14:15:47+00:00
2023-05-31,taifex_foreign_position,TAIFEX public daily institutional query is limited to the previous three years,2026-08-10T14:15:47+00:00
2023-06-01,taifex_foreign_position,TAIFEX public daily institutional query is limited to the previous three years,2026-08-10T14:15:47+00:00
2023-06-02,taifex_foreign_position,TAIFEX public daily institutional query is limited to the previous three years,2026-08-10T14:15:47+00:00
2023-06-05,taifex_foreign_position,TAIFEX public daily institutional query is limited to the previous three years,2026-08-10T14:15:47+00:00
2023-06-06,taifex_foreign_position,TAIFEX public daily institutional query is limited to the previous three years,2026-08-10T14:15:47+00:00
2023-06-07,taifex_foreign_position,TAIFEX public daily institutional query is limited to the previous three years,2026-08-10T14:15:47+00:00
2023-06-08,taifex_foreign_position,TAIFEX public daily institutional query is limited to the previous three years,2026-08-10T14:15:47+00:00
2023-06-09,taifex_foreign_position,TAIFEX public daily institutional query is limited to the previous three years,2026-08-10T14:15:47+00:00
2023-06-12,taifex_foreign_position,TAIFEX public daily institutional query is limited to the previous three years,2026-08-10T14:15:47+00:00
2023-06-13,taifex_foreign_position,TAIFEX public daily institutional query is limited to the previous three years,2026-08-10T14:15:47+00:00
2023-06-14,taifex_foreign_position,TAIFEX public daily institutional query is limited to the previous three years,2026-08-10T14:15:47+00:00
2023-06-15,taifex_foreign_position,TAIFEX public daily institutional query is limited to the previous three years,2026-08-10T14:15:47+00:00
2023-06-16,taifex_foreign_position,TAIFEX public daily institutional query is limited to the previous three years,2026-08-10T14:15:47+00:00
2023-06-19,taifex_foreign_position,TAIFEX public daily institutional query is limited to the previous three years,2026-08-10T14:15:47+00:00
2023-06-20,taifex_foreign_position,TAIFEX public daily institutional query is limited to the previous three years,2026-08-10T14:15:47+00:00
2023-06-21,taifex_foreign_position,TAIFEX public daily institutional query is limited to the previous three years,2026-08-10T14:15:47+00:00
2023-06-26,taifex_foreign_position,TAIFEX public daily institutional query is limited to the previous three years,2026-08-10T14:15:47+00:00
2023-06-27,taifex_foreign_position,TAIFEX public daily institutional query is limited to the previous three years,2026-08-10T14:15:47+00:00
2023-06-28,taifex_foreign_position,TAIFEX public daily institutional query is limited to the previous three years,2026-08-10T14:15:47+00:00
2023-06-29,taifex_foreign_position,TAIFEX public daily institutional query is limited to the previous three years,2026-08-10T14:15:47+00:00
2023-06-30,taifex_foreign_position,TAIFEX public daily institutional query is limited to the previous three years,2026-08-10T14:15:47+00:00
2023-07-03,taifex_foreign_position,TAIFEX public daily institutional query is limited to the previous three years,2026-08-10T14:15:47+00:00
2023-07-04,taifex_foreign_position,TAIFEX public daily institutional query is limited to the previous three years,2026-08-10T14:15:47+00:00
2023-07-05,taifex_foreign_position,TAIFEX public daily institutional query is limited to the previous three years,2026-08-10T14:15:47+00:00
2023-07-06,taifex_foreign_position,TAIFEX public daily institutional query is limited to the previous three years,2026-08-10T14:15:47+00:00
2023-07-07,taifex_foreign_position,TAIFEX public daily institutional query is limited to the previous three years,2026-08-10T14:15:47+00:00
2023-07-10,taifex_foreign_position,TAIFEX public daily institutional query is limited to the previous three years,2026-08-10T14:15:47+00:00
2023-07-11,taifex_foreign_position,TAIFEX public daily institutional query is limited to the previous three years,2026-08-10T14:15:47+00:00
2023-07-12,taifex_foreign_position,TAIFEX public daily institutional query is limited to the previous three years,2026-08-10T14:15:47+00:00
2023-07-13,taifex_foreign_position,TAIFEX public daily institutional query is limited to the previous three years,2026-08-10T14:15:47+00:00
2023-07-14,taifex_foreign_position,TAIFEX public daily institutional query is limited to the previous three years,2026-08-10T14:15:47+00:00
2023-07-17,taifex_foreign_position,TAIFEX public daily institutional query is limited to the previous three years,2026-08-10T14:15:47+00:00
2023-07-18,taifex_foreign_position,TAIFEX public daily institutional query is limited to the previous three years,2026-08-10T14:15:47+00:00
2023-07-19,taifex_foreign_position,TAIFEX public daily institutional query is limited to the previous three years,2026-08-10T14:15:47+00:00
2023-07-20,taifex_foreign_position,TAIFEX public daily institutional query is limited to the previous three years,2026-08-10T14:15:47+00:00
2023-07-21,taifex_foreign_position,TAIFEX public daily institutional query is limited to the previous three years,2026-08-10T14:15:47+00:00
2023-07-24,taifex_foreign_position,TAIFEX public daily institutional query is limited to the previous three years,2026-08-10T14:15:47+00:00
2023-07-25,taifex_foreign_position,TAIFEX public daily institutional query is limited to the previous three years,2026-08-10T14:15:47+00:00
2023-07-26,taifex_foreign_position,TAIFEX public daily institutional query is limited to the previous three years,2026-08-10T14:15:47+00:00
2023-07-27,taifex_foreign_position,TAIFEX public daily institutional query is limited to the previous three years,2026-08-10T14:15:47+00:00
2023-07-28,taifex_foreign_position,TAIFEX public daily institutional query is limited to the previous three years,2026-08-10T14:15:47+00:00
2023-07-31,taifex_foreign_position,TAIFEX public daily institutional query is limited to the previous three years,2026-08-10T14:15:47+00:00
2023-08-01,taifex_foreign_position,TAIFEX public daily institutional query is limited to the previous three years,2026-08-10T14:15:47+00:00
2023-08-02,taifex_foreign_position,TAIFEX public daily institutional query is limited to the previous three years,2026-08-10T14:15:47+00:00
2023-08-04,taifex_foreign_position,TAIFEX public daily institutional query is limited to the previous three years,2026-08-10T14:15:47+00:00
2023-08-07,taifex_foreign_position,TAIFEX public daily institutional query is limited to the previous three years,2026-08-10T14:15:47+00:00
2023-08-08,taifex_foreign_position,TAIFEX public daily institutional query is limited to the previous three years,2026-08-10T14:15:47+00:00
2023-08-09,taifex_foreign_position,TAIFEX public daily institutional query is limited to the previous three years,2026-08-10T14:15:47+00:00
2023-08-21,twse_market,missing numeric value: --,2026-08-10T14:16:39+00:00
2026-02-26,twse_market,missing numeric value: --,2026-08-10T14:56:24+00:00
