trade_date,prediction_target_date,taiwan_market_trade_date,institutional_trade_date,foreign_futures_trade_date,night_futures_trade_date,tsm_adr_trade_date,sox_trade_date,sp500_trade_date,nasdaq_trade_date,taiex_close,taiex_change_percent,tpex_close,turnover,advancing,declining,unchanged,foreign_cash_flow,foreign_futures_position,night_futures_change,tsm_adr_change_percent,sox_change_percent,sp500_change_percent,nasdaq_change_percent,vix_trade_date,us_treasury_observation_date,usdtwd_trade_date,dxy_trade_date,vix_change_percent,us10y_change,us2y_change,yield_curve_10y_2y,usdtwd_change_percent,dxy_change_percent,nikkei_trade_date,kospi_trade_date,hang_seng_trade_date,csi300_trade_date,nikkei_change_percent,kospi_change_percent,hang_seng_change_percent,csi300_change_percent,soxx_trade_date,smh_trade_date,nvda_trade_date,amd_trade_date,avgo_trade_date,soxx_change_percent,smh_change_percent,nvda_change_percent,amd_change_percent,avgo_change_percent
2023-08-10,2023-08-11,2023-08-10,2023-08-10,2023-08-10,2023-08-11,2023-08-10,2023-08-10,2023-08-10,2023-08-10,16634.7,-1.4,210.51,419437413492,235,1416,101,-10965174652,-3874,21,0.872526,-0.372803,0.025071,0.116387,2023-08-10,2023-08-10,2023-08-10,2023-08-10,-0.689220904851684,0.08999999999999986,0.03000000000000025,-0.7300000000000004,0.10249841079341682,0.029269957968725002,2023-08-10,2023-08-10,2023-08-10,2023-08-10,0.8362860268996464,-0.13665621674264772,0.011589241165510522,0.20541294049836178,2023-08-10,2023-08-10,2023-08-10,2023-08-10,2023-08-10,-0.40335853013987455,-0.21956209205201693,-0.39009344098702714,-0.21725161683491256,-0.9203826705580842
2023-08-11,2023-08-14,2023-08-11,2023-08-11,2023-08-11,2023-08-14,2023-08-11,2023-08-11,2023-08-11,2023-08-11,16601.25,-0.2,210.25,347396746296,724,861,181,-2777250974,-1115,-63,-2.96414,-2.29273,-0.106969,-0.677979,2023-08-11,2023-08-11,2023-08-13,2023-08-11,-6.372241038319659,0.07000000000000028,0.0699999999999994,-0.7299999999999995,0.480438042102449,0.31213393025979475,2023-08-10,2023-08-11,2023-08-11,2023-08-11,0.8362860268996464,-0.3959181643376164,-0.8991478430121824,-2.300714622185729,2023-08-11,2023-08-11,2023-08-11,2023-08-11,2023-08-11,-2.423913696888269,-2.507164417037344,-3.616591791039403,-2.413139418581045,-1.5589073157556421
2023-08-14,2023-08-15,2023-08-14,2023-08-14,2023-08-14,2023-08-15,2023-08-14,2023-08-14,2023-08-14,2023-08-14,16393.66,-1.25,205.44,368435942583,222,1484,65,-17336413780,-11208,99,1.174043,2.870919,0.575048,1.051536,2023-08-14,2023-08-14,2023-08-14,2023-08-14,-0.13477397276295822,0.03000000000000025,0.07000000000000028,-0.7699999999999996,0.03135457817806664,0.3403404472765992,2023-08-14,2023-08-14,2023-08-14,2023-08-14,-1.2740798444219381,-0.7868717342637166,-1.5813141600309666,-0.7296154441816305,2023-08-14,2023-08-14,2023-08-14,2023-08-14,2023-08-14,2.88479816175935,3.04356524444378,7.093376189659417,4.099659453956073,2.933385314040393
2023-08-15,2023-08-16,2023-08-15,2023-08-15,2023-08-15,2023-08-16,2023-08-15,2023-08-15,2023-08-15,2023-08-15,16454.8,0.37,207.24,343146021020,1135,467,159,-860209588,-3582,-88,-1.493499,-1.700756,-1.155091,-1.140677,2023-08-15,2023-08-15,2023-08-15,2023-08-15,11.0661229650443,0.019999999999999574,-0.040000000000000036,-0.71,-0.1225512175489496,0.01937846941884036,2023-08-15,2023-08-14,2023-08-15,2023-08-15,0.5582687782894835,-0.7868717342637166,-1.025066640255401,-0.243000310184871,2023-08-15,2023-08-15,2023-08-15,2023-08-15,2023-08-15,-1.6695625241003986,-1.201378942385467,0.4273999078955315,-0.5626048079355517,-1.3558186524887272
2023-08-16,2023-08-17,2023-08-16,2023-08-16,2023-08-16,2023-08-17,2023-08-16,2023-08-16,2023-08-16,2023-08-16,16446.78,-0.05,207.59,382354324562,673,932,158,-16182514049,-2370,-56,0.109073,-2.078805,-0.75554,-1.147527,2023-08-16,2023-08-16,2023-08-16,2023-08-16,1.9441167677507476,0.07000000000000028,0.04999999999999982,-0.6899999999999995,0.15031977294908128,0.20346777088988688,2023-08-16,2023-08-16,2023-08-16,2023-08-16,-1.4642883280044594,-1.7593352657915062,-1.355186004603126,-0.733385345037918,2023-08-16,2023-08-16,2023-08-16,2023-08-16,2023-08-16,-1.9355359949765671,-1.5787746101141198,-1.033223895910329,-3.7359641578097236,-1.1311248548638297
2023-08-17,2023-08-18,2023-08-17,2023-08-17,2023-08-17,2023-08-18,2023-08-17,2023-08-17,2023-08-17,2023-08-17,16516.66,0.42,210.39,453954619070,1199,411,148,-16463564805,946,-56,-0.152538,-0.96923,-0.771291,-1.170349,2023-08-17,2023-08-17,2023-08-17,2023-08-17,6.615009878315026,0.019999999999999574,-0.02999999999999936,-0.6400000000000006,-0.05138810643254832,0.019342750739803627,2023-08-17,2023-08-17,2023-08-17,2023-08-17,-0.4432936979990698,-0.2292407139627861,-0.014566414217676016,0.3344399061885328,2023-08-17,2023-08-17,2023-08-17,2023-08-17,2023-08-17,-0.97754972813765,-0.6757716676887848,-0.32653794512330636,-2.565537771587645,-0.7070967132120298
2023-08-18,2023-08-21,2023-08-18,2023-08-18,2023-08-18,2023-08-21,2023-08-18,2023-08-18,2023-08-18,2023-08-18,16381.31,-0.82,208.15,446337427659,485,1127,148,-19330183676,-774,19,-0.589263,0.475572,-0.014871,-0.196362,2023-08-18,2023-08-18,2023-08-20,2023-08-18,-3.2979327709160122,-0.040000000000000036,-0.020000000000000462,-0.6600000000000001,0.017556763480008897,-0.058009654458657245,2023-08-18,2023-08-18,2023-08-18,2023-08-18,-0.5541017971763762,-0.6091670957144357,-2.050465537738322,-1.2294144359492054,2023-08-18,2023-08-18,2023-08-18,2023-08-18,2023-08-18,0.5375170983995536,0.4260947009708138,-0.10382517027697213,0.9670571459461375,-0.15233883699468098
2023-08-22,2023-08-23,2023-08-22,2023-08-22,2023-08-22,2023-08-23,2023-08-22,2023-08-22,2023-08-22,2023-08-22,16437.61,0.34,207.51,371520086905,479,1124,154,6292422761,-5076,-26,-0.345721,-0.928179,-0.277747,0.061346,2023-08-22,2023-08-22,2023-08-22,2023-08-22,-0.9340330137234454,0.0,0.04999999999999982,-0.6799999999999997,0.1904946196743973,0.22258368669643147,2023-08-22,2023-08-22,2023-08-22,2023-08-22,0.9221112156661659,0.27662393459739754,0.9516992119359191,0.7687212814535105,2023-08-22,2023-08-22,2023-08-22,2023-08-22,2023-08-22,-0.8816926647743251,-0.999731577036933,-2.7657713129269346,-2.3655493713892195,-1.0807471152107007
2023-08-23,2023-08-24,2023-08-23,2023-08-23,2023-08-23,2023-08-24,2023-08-23,2023-08-23,2023-08-23,2023-08-23,16576.9,0.85,208.15,348453343850,975,590,184,6160965424,-3006,204,2.146578,2.106763,1.104488,1.593086,2023-08-23,2023-08-23,2023-08-23,2023-08-23,-5.833823283299056,-0.14999999999999947,-0.0699999999999994,-0.7599999999999998,-0.37901822213773917,-0.19312181629690395,2023-08-23,2023-08-23,2023-08-23,2023-08-23,0.4819983721051635,-0.40703690660103264,0.3086399084333946,-1.6390720625502286,2023-08-23,2023-08-23,2023-08-23,2023-08-23,2023-08-23,2.044311566942536,2.1667929643644612,3.1707144713919444,3.5680451565405003,2.4293280981894316
2023-08-24,2023-08-25,2023-08-24,2023-08-24,2023-08-24,2023-08-25,2023-08-24,2023-08-24,2023-08-24,2023-08-24,16770.87,1.17,208.92,502987258477,706,802,224,12336575868,-1638,-213,-1.793677,-3.351183,-1.345797,-1.873478,2023-08-24,2023-08-24,2023-08-24,2023-08-24,7.634551036616566,0.040000000000000036,0.03000000000000025,-0.75,-0.13090351627094154,0.5998478549930741,2023-08-24,2023-08-24,2023-08-24,2023-08-24,0.8651950152944732,1.2843716479993939,2.0522898320924465,0.72498599204458,2023-08-24,2023-08-24,2023-08-24,2023-08-24,2023-08-24,-3.3049390993836636,-2.585584105370242,0.09974757871253903,-6.972491302329908,-2.5234411670681522
2023-08-25,2023-08-28,2023-08-25,2023-08-25,2023-08-25,2023-08-28,2023-08-25,2023-08-25,2023-08-25,2023-08-25,16481.58,-1.72,207.89,359562347483,759,778,207,-33622209533,-11836,37,0.616016,0.412198,0.671797,0.940886,2023-08-25,2023-08-25,2023-08-27,2023-08-25,-8.837211571750569,0.019999999999999574,0.04999999999999982,-0.7800000000000002,-0.006600817961854855,0.09617087025648452,2023-08-25,2023-08-25,2023-08-25,2023-08-25,-2.0532329097990853,-0.7305901280668547,-0.5094357085014933,0.197670093354807,2023-08-25,2023-08-25,2023-08-25,2023-08-25,2023-08-25,0.43007805256931597,0.18141983630177716,-2.427743542138605,0.442040210954997,-0.3089669985779864
2023-08-28,2023-08-29,2023-08-28,2023-08-28,2023-08-28,2023-08-29,2023-08-28,2023-08-28,2023-08-28,2023-08-28,16509.26,0.17,207.28,315491789629,499,1051,180,-2894400641,-8290,81,0.966704,1.207793,0.626462,0.84234,2023-08-28,2023-08-28,2023-08-28,2023-08-28,-3.826532970612717,-0.04999999999999982,-0.04999999999999982,-0.7800000000000002,0.01886243790714115,-0.01922009234147648,2023-08-28,2023-08-28,2023-08-28,2023-08-28,1.7256075067422216,0.9634248420563818,0.06263791983898148,0.5851328511235598,2023-08-28,2023-08-28,2023-08-28,2023-08-28,2023-08-28,1.266189510255744,1.2341514407985699,1.7753868061282763,0.35207883652963456,1.0870870736387594
2023-08-29,2023-08-30,2023-08-29,2023-08-29,2023-08-29,2023-08-30,2023-08-29,2023-08-29,2023-08-29,2023-08-29,16623.65,0.69,209.17,283986340746,1107,450,185,4132593656,-4856,107,1.148938,2.591954,1.450831,1.741172,2023-08-29,2023-08-29,2023-08-29,2023-08-29,-4.177719612919528,-0.08000000000000007,-0.11000000000000032,-0.75,-0.1602884965144047,-0.49009659696442887,2023-08-29,2023-08-29,2023-08-29,2023-08-29,0.17712305268005046,0.34402633874863753,1.9485639192501347,0.9990350492091071,2023-08-29,2023-08-29,2023-08-29,2023-08-29,2023-08-29,2.626757051706474,2.564109563226369,4.16142062635807,3.2258040531186083,3.3504371830462842
2023-08-30,2023-08-31,2023-08-30,2023-08-30,2023-08-30,2023-08-31,2023-08-30,2023-08-30,2023-08-30,2023-08-30,16719.82,0.58,211.92,329504016202,1224,359,163,7151162482,-6694,6,-0.315527,0.39536,0.383318,0.541818,2023-08-30,2023-08-30,2023-08-30,2023-08-30,-3.944634618325349,0.0,0.03000000000000025,-0.7800000000000002,0.10010172886230073,-0.3766290469866096,2023-08-30,2023-08-30,2023-08-30,2023-08-30,0.33043823869141065,0.3549957254152636,-0.0063293660500618465,-0.04221770900841859,2023-08-30,2023-08-30,2023-08-30,2023-08-30,2023-08-30,0.47149351410757934,0.5103315701283861,0.9839282107510838,0.6325511523108673,0.26406641010452425
2023-08-31,2023-09-01,2023-08-31,2023-08-31,2023-08-31,2023-09-01,2023-08-31,2023-08-31,2023-08-31,2023-08-31,16634.51,-0.51,213.28,420322135237,1004,572,179,-5628181004,-8451,-56,-1.27664,0.741235,-0.159694,0.111704,2023-08-31,2023-08-31,2023-08-31,2023-08-31,-2.233432399573043,-0.03000000000000025,-0.05000000000000071,-0.7599999999999998,0.02830540251703706,0.44590836384548194,2023-08-31,2023-08-31,2023-08-31,2023-08-31,0.8841580763735646,-0.19326536683672568,-0.5453638210402678,-0.6134335180445483,2023-08-31,2023-08-31,2023-08-31,2023-08-31,2023-08-31,0.6920882141918216,0.40491348906799285,0.18471825954902155,-0.8162070992381087,3.4305428201365062
2023-09-01,2023-09-04,2023-09-01,2023-09-01,2023-09-01,2023-09-04,2023-09-01,2023-09-01,2023-09-01,2023-09-01,16644.94,0.06,213.68,334028742741,1021,580,168,-8541285632,-6106,-34,-0.40611,0.324445,0.179913,-0.022516,2023-09-01,2023-09-01,2023-09-03,2023-09-01,-3.537211149823438,0.08999999999999986,0.020000000000000462,-0.6900000000000004,0.17354415040899962,0.5983353606965114,2023-09-01,2023-09-01,2023-08-31,2023-09-01,0.2798318338514516,0.291046773204906,-0.5453638210402678,0.6963636224524894,2023-09-01,2023-09-01,2023-09-01,2023-09-01,2023-09-01,0.2604485074790164,-0.006397712685857204,-1.7141134216053233,3.5281835834945374,-5.457857906714203
2023-09-04,2023-09-05,2023-09-04,2023-09-04,2023-09-04,2023-09-05,2023-09-01,2023-09-01,2023-09-01,2023-09-01,16789.69,0.87,215,280203415583,968,639,153,1539332808,-3490,-31,-0.40611,0.324445,0.179913,-0.022516,2023-09-01,2023-09-01,2023-09-04,2023-09-01,-3.537211149823438,0.08999999999999986,0.020000000000000462,-0.6900000000000004,-0.016324073626783342,0.5983353606965114,2023-09-04,2023-09-04,2023-09-04,2023-09-04,0.6987350067952036,0.8128878932546657,2.5138618611152186,1.5154981573338722,2023-09-01,2023-09-01,2023-09-01,2023-09-01,2023-09-01,0.2604485074790164,-0.006397712685857204,-1.7141134216053233,3.5281835834945374,-5.457857906714203
2023-09-05,2023-09-06,2023-09-05,2023-09-05,2023-09-05,2023-09-06,2023-09-05,2023-09-05,2023-09-05,2023-09-05,16791.61,0.01,216.19,311080145115,936,631,203,1208680435,-6230,-4,1.513034,0.025794,-0.419418,-0.077391,2023-09-05,2023-09-05,2023-09-05,2023-09-05,7.028266352709411,0.08999999999999986,0.07000000000000028,-0.6700000000000008,0.14658741223405602,0.5468147606537244,2023-09-05,2023-09-05,2023-09-05,2023-09-05,0.29624912391801317,-0.09170328075382983,-2.055013313350351,-0.743836193655445,2023-09-05,2023-09-05,2023-09-05,2023-09-05,2023-09-05,-0.03320574661476172,0.23685750034261321,0.08040047362674052,1.2151684496470416,-0.04010914724648096
2023-09-06,2023-09-07,2023-09-06,2023-09-06,2023-09-06,2023-09-07,2023-09-06,2023-09-06,2023-09-06,2023-09-06,16738.16,-0.32,216.48,336124684050,611,973,181,-8074073155,-5132,-104,-2.473569,-0.796193,-0.69716,-1.05899,2023-09-06,2023-09-06,2023-09-06,2023-09-06,3.140610800820931,0.03000000000000025,0.0699999999999994,-0.71,0.09215558948310054,0.047708284440961535,2023-09-06,2023-09-06,2023-09-06,2023-09-06,0.6182743158633208,-0.7296100290745344,-0.03754521987340276,-0.21699854761279003,2023-09-06,2023-09-06,2023-09-06,2023-09-06,2023-09-06,-0.7228986565450568,-1.1623497911198655,-3.0629469832673673,-1.3540350392929668,0.011459355982434971
2023-09-07,2023-09-08,2023-09-07,2023-09-07,2023-09-07,2023-09-08,2023-09-07,2023-09-07,2023-09-07,2023-09-07,16619.14,-0.71,215.78,293931238252,547,1029,184,-17860524290,-3110,-48,-2.395403,-1.979769,-0.321127,-0.891259,2023-09-07,2023-09-07,2023-09-07,2023-09-07,-0.3460220857774976,-0.03000000000000025,-0.0699999999999994,-0.6700000000000008,0.30531171425924875,0.19072758638001286,2023-09-07,2023-09-07,2023-09-07,2023-09-07,-0.751906559349147,-0.5882979865309057,-1.343687906173685,-1.405027195014752,2023-09-07,2023-09-07,2023-09-07,2023-09-07,2023-09-07,-2.288782370949749,-2.21633031631423,-1.7424187341261943,-2.461568879442444,-1.747159126939113
2023-09-08,2023-09-11,2023-09-08,2023-09-08,2023-09-08,2023-09-11,2023-09-08,2023-09-08,2023-09-08,2023-09-08,16576.02,-0.26,214.33,281399570324,624,930,210,-13780317837,-3887,8,-0.455307,-0.450017,0.142662,0.092373,2023-09-08,2023-09-08,2023-09-10,2023-09-08,-3.8888852831757137,-0.009999999999999787,0.040000000000000036,-0.7200000000000006,0.16733677994777985,0.028553950118026528,2023-09-08,2023-09-08,2023-09-07,2023-09-08,-1.1646733089296424,-0.022763694551453106,-1.343687906173685,-0.49168892163032885,2023-09-08,2023-09-08,2023-09-08,2023-09-08,2023-09-08,-0.5176279119854632,-0.6277651072143398,-1.4467734621282813,-0.46908717251007426,0.06066803023592193
2023-09-11,2023-09-12,2023-09-11,2023-09-11,2023-09-11,2023-09-12,2023-09-11,2023-09-11,2023-09-11,2023-09-11,16432.95,-0.86,212.16,330809763205,449,1188,136,-13511468711,-6601,66,-0.044624,0.090858,0.672345,1.136206,2023-09-11,2023-09-11,2023-09-11,2023-09-11,-0.28901706222559387,0.03000000000000025,-0.010000000000000675,-0.6799999999999997,-0.556332326305542,-0.49481079188021804,2023-09-11,2023-09-11,2023-09-11,2023-09-11,-0.42653651439840123,0.36111094873485516,-0.580269672277145,0.7366342931414804,2023-09-11,2023-09-11,2023-09-11,2023-09-11,2023-09-11,-0.05668177161120003,0.07314842850103531,-0.8645598273491983,-0.7257957108547819,0.18541684626949273
2023-09-12,2023-09-13,2023-09-12,2023-09-12,2023-09-12,2023-09-13,2023-09-12,2023-09-12,2023-09-12,2023-09-12,16572.71,0.85,213.04,297963178508,929,617,214,8425483496,-1123,-23,0.982148,-0.788402,-0.569589,-1.036646,2023-09-12,2023-09-12,2023-09-12,2023-09-12,3.1159372866542467,-0.020000000000000462,0.010000000000000675,-0.7100000000000009,0.17958901124717208,0.13388102711773264,2023-09-12,2023-09-12,2023-09-12,2023-09-12,0.9505162362687614,-0.7939287576219978,-0.38990297431881205,-0.1842035209790871,2023-09-12,2023-09-12,2023-09-12,2023-09-12,2023-09-12,-0.848779978466141,-0.750883674373859,-0.6817532036684226,-0.009496901119876444,-1.7016993282964465
2023-09-13,2023-09-14,2023-09-13,2023-09-13,2023-09-13,2023-09-14,2023-09-13,2023-09-13,2023-09-13,2023-09-13,16581.51,0.05,215.09,299432081164,1016,533,214,-1836021272,-667,64,0.817858,0.547003,0.124163,0.290262,2023-09-13,2023-09-13,2023-09-13,2023-09-13,-5.2705553346921175,-0.019999999999999574,-0.020000000000000462,-0.71,-0.2155596677621885,0.057298786284354364,2023-09-13,2023-09-13,2023-09-13,2023-09-13,-0.2131156078877816,-0.07412054400879331,-0.09247766017108638,-0.6368716345943493,2023-09-13,2023-09-13,2023-09-13,2023-09-13,2023-09-13,0.5128120236986611,0.8101276840670524,1.370630026981745,2.2789873530702165,0.9958269240863071
2023-09-14,2023-09-15,2023-09-14,2023-09-14,2023-09-14,2023-09-15,2023-09-14,2023-09-14,2023-09-14,2023-09-14,16807.56,1.36,218.7,345885747271,1266,324,170,18929234763,1936,-7,0.274063,0.667611,0.842992,0.814126,2023-09-14,2023-09-14,2023-09-14,2023-09-14,-4.896141467543513,0.040000000000000036,0.040000000000000036,-0.71,-0.0815148181333325,0.6108686069957292,2023-09-14,2023-09-14,2023-09-14,2023-09-14,1.4112844713084716,1.506684899275501,0.21488558215783105,-0.08402961637256068,2023-09-14,2023-09-14,2023-09-14,2023-09-14,2023-09-14,0.715485423292983,0.5445919011374034,0.2110600639738669,-1.0026941233261755,2.1936175457917484
2023-09-15,2023-09-18,2023-09-15,2023-09-15,2023-09-15,2023-09-18,2023-09-15,2023-09-15,2023-09-15,2023-09-15,16920.92,0.67,219,474044879156,695,883,184,8423586552,-1469,-179,-2.427027,-3.008738,-1.215961,-1.563399,2023-09-15,2023-09-15,2023-09-17,2023-09-15,7.566304915127442,0.040000000000000036,0.019999999999999574,-0.6899999999999995,0.028554359396615325,-0.08538465435753428,2023-09-15,2023-09-15,2023-09-15,2023-09-15,1.1004195719861665,1.1034338002821498,0.7478463097645216,-0.6623788446813994,2023-09-15,2023-09-15,2023-09-15,2023-09-15,2023-09-15,-2.886029601971296,-3.0253001185809203,-3.6879395111771185,-4.820406566674351,-2.2899386945546385
2023-09-18,2023-09-19,2023-09-18,2023-09-18,2023-09-18,2023-09-19,2023-09-18,2023-09-18,2023-09-18,2023-09-18,16698.24,-1.32,217.99,318828653797,722,820,219,-25634115612,-6811,17,-0.470586,0.462551,0.072129,0.013934,2023-09-18,2023-09-18,2023-09-18,2023-09-18,1.5228429204342975,-0.009999999999999787,0.03000000000000025,-0.7299999999999995,0.06430824687451153,-0.1139410813993047,2023-09-15,2023-09-18,2023-09-18,2023-09-18,1.1004195719861665,-1.021038038758526,-1.3877872828594873,0.5104085842538852,2023-09-18,2023-09-18,2023-09-18,2023-09-18,2023-09-18,0.3408184132127845,0.33376847715598235,0.15033730090801,0.8670853299196368,-0.19725632752075617
2023-09-19,2023-09-20,2023-09-19,2023-09-19,2023-09-19,2023-09-20,2023-09-19,2023-09-19,2023-09-19,2023-09-19,16636.32,-0.37,216.28,330489831359,478,1086,203,-12737822132,-8399,5,-0.742996,-0.957773,-0.215101,-0.233765,2023-09-19,2023-09-19,2023-09-19,2023-09-19,0.7857118334088975,0.04999999999999982,0.03000000000000025,-0.71,0.2554950815896184,0.0,2023-09-19,2023-09-19,2023-09-19,2023-09-19,-0.8663084772492113,-0.6023959864415618,0.3715398452492913,-0.19341528748354486,2023-09-19,2023-09-19,2023-09-19,2023-09-19,2023-09-19,-0.8429420126812026,-0.8621888975892888,-1.0144182994411555,-0.7424070683204498,-0.09411980124081065
2023-09-20,2023-09-21,2023-09-20,2023-09-20,2023-09-20,2023-09-21,2023-09-20,2023-09-20,2023-09-20,2023-09-20,16534.75,-0.61,214.09,322596179926,436,1136,198,-18210995734,-6165,-45,-0.998069,-1.740665,-0.939479,-1.528423,2023-09-20,2023-09-20,2023-09-20,2023-09-20,7.299792428826057,-0.020000000000000462,0.040000000000000036,-0.7700000000000005,0.09036943995639479,-0.03801643278800171,2023-09-20,2023-09-20,2023-09-20,2023-09-20,-0.6582176502446524,0.0207106609057206,-0.619932539306578,-0.39806635112887845,2023-09-20,2023-09-20,2023-09-20,2023-09-20,2023-09-20,-1.6417476329690817,-1.6434937454951393,-2.9434789319934707,-1.2498811778685837,-2.1938283120260693
2023-09-21,2023-09-22,2023-09-21,2023-09-21,2023-09-21,2023-09-22,2023-09-21,2023-09-21,2023-09-21,2023-09-21,16316.67,-1.32,211.16,310872063874,252,1387,132,-33995733397,-13203,-87,-2.211021,-1.764146,-1.640093,-1.820084,2023-09-21,2023-09-21,2023-09-21,2023-09-21,15.852050976095722,0.14000000000000057,0.0,-0.6299999999999999,0.4033278269981899,0.19018347401813518,2023-09-21,2023-09-21,2023-09-21,2023-09-21,-1.3709876216098094,-1.7490065280868938,-1.2870099865388007,-0.8972688089328384,2023-09-21,2023-09-21,2023-09-21,2023-09-21,2023-09-21,-1.845393302029641,-1.9981969493896523,-2.8930613129589,-4.215662628982697,-2.6740680407482786
2023-09-22,2023-09-25,2023-09-22,2023-09-22,2023-09-22,2023-09-25,2023-09-22,2023-09-22,2023-09-22,2023-09-22,16344.48,0.17,213.23,276383996572,937,590,238,-14834019504,-10613,6,0.328021,0.791888,-0.22956,-0.092037,2023-09-22,2023-09-22,2023-09-24,2023-09-22,-1.9384272225830057,-0.04999999999999982,-0.020000000000000462,-0.6599999999999993,-0.02178097385048261,0.20880905412743456,2023-09-22,2023-09-22,2023-09-22,2023-09-22,-0.5176966901723867,-0.27197493291392094,2.2771437136943407,1.8105126644743619,2023-09-22,2023-09-22,2023-09-22,2023-09-22,2023-09-22,0.8329493959274847,0.8525236245110701,1.4457477242205474,0.0936388901457752,2.5632127192568577
2023-09-25,2023-09-26,2023-09-25,2023-09-25,2023-09-25,2023-09-26,2023-09-25,2023-09-25,2023-09-25,2023-09-25,16452.23,0.66,214.8,264077276555,1093,457,212,-3095632448,-5037,1,0.700605,0.718212,0.402307,0.450436,2023-09-25,2023-09-25,2023-09-25,2023-09-25,-1.7441926226863136,0.10999999999999943,-0.009999999999999787,-0.54,-0.08777210926956824,0.3978008729507154,2023-09-25,2023-09-25,2023-09-25,2023-09-25,0.8524334549284251,-0.49319108757653884,-1.8173118045335723,-0.6507164998863502,2023-09-25,2023-09-25,2023-09-25,2023-09-25,2023-09-25,0.7316695143890106,0.7044237480317905,1.4707990933470416,1.226611582753634,0.5801645489700524
2023-09-26,2023-09-27,2023-09-26,2023-09-26,2023-09-26,2023-09-27,2023-09-26,2023-09-26,2023-09-26,2023-09-26,16276.07,-1.07,212.14,277421807355,300,1316,150,-23162936765,-6116,-71,-2.261128,-1.765468,-1.473453,-1.565104,2023-09-26,2023-09-26,2023-09-26,2023-09-26,12.0710116069503,0.009999999999999787,-0.04999999999999982,-0.4800000000000004,0.2710100200153054,0.21698429899394966,2023-09-26,2023-09-26,2023-09-26,2023-09-26,-1.1125572895551827,-1.3138298127302384,-1.4799728909039578,-0.5844560519939423,2023-09-26,2023-09-26,2023-09-26,2023-09-26,2023-09-26,-2.164146498020769,-1.5808685362951769,-0.7365847735196329,-1.4582031310290233,-2.1225780910694714
2023-09-27,2023-09-28,2023-09-27,2023-09-27,2023-09-27,2023-09-28,2023-09-27,2023-09-27,2023-09-27,2023-09-27,16310.36,0.21,212.52,256068367981,655,861,244,-1508378471,-8249,14,1.364339,0.954757,0.022931,0.223822,2023-09-27,2023-09-27,2023-09-27,2023-09-27,-3.8014846906072153,0.05000000000000071,0.05999999999999961,-0.4899999999999993,0.1118344873288768,0.4141907164714409,2023-09-27,2023-09-27,2023-09-27,2023-09-27,0.17592300801205774,0.08526688027992169,0.829962653693328,0.2060745823255994,2023-09-27,2023-09-27,2023-09-27,2023-09-27,2023-09-27,0.8817614099571713,0.916850442716366,1.3290048337460503,2.1988335040459495,0.07595836442180204
2023-09-28,2023-10-02,2023-09-28,2023-09-28,2023-09-28,2023-10-02,2023-09-29,2023-09-29,2023-09-29,2023-09-29,16353.74,0.27,213.1,309934691067,942,570,243,-7748660757,-10084,61,0.567062,0.388778,-0.270958,0.136654,2023-09-29,2023-09-29,2023-10-01,2023-09-29,1.0380640345549086,0.0,-0.009999999999999787,-0.4400000000000004,0.5745343056007934,-0.04707498699224599,2023-09-29,2023-09-27,2023-09-29,2023-09-28,-0.046749961547254415,0.08526688027992169,2.5132684226436997,-0.2967161321105305,2023-09-29,2023-09-29,2023-09-29,2023-09-29,2023-09-29,0.36232913763531993,0.47820533197888704,0.9515185795292425,0.05838610095998398,-0.17067102911549892
2023-10-02,2023-10-03,2023-10-02,2023-10-02,2023-10-02,2023-10-03,2023-10-02,2023-10-02,2023-10-02,2023-10-02,16557.31,1.24,215.86,335925659735,1073,486,200,6360822379,-7012,-45,0.863061,0.423961,0.007937,0.669091,2023-10-02,2023-10-02,2023-10-02,2023-10-02,0.5136994876504541,0.10000000000000053,0.08999999999999986,-0.4299999999999997,0.19166355232618226,0.6875797019153751,2023-10-02,2023-09-27,2023-09-29,2023-09-28,-0.3067971929056168,0.08526688027992169,2.5132684226436997,-0.2967161321105305,2023-10-02,2023-10-02,2023-10-02,2023-10-02,2023-10-02,0.5045886544192912,0.8621879133926313,2.949495229414145,0.43765507642268275,0.5261432931449983
2023-10-03,2023-10-04,2023-10-03,2023-10-03,2023-10-03,2023-10-04,2023-10-03,2023-10-03,2023-10-03,2023-10-03,16454.34,-0.62,214.75,312417539407,482,1106,169,-15801419816,-9837,-106,-2.555616,-2.095482,-1.374407,-1.865826,2023-10-03,2023-10-03,2023-10-03,2023-10-03,12.32254401523627,0.11999999999999922,0.03000000000000025,-0.34000000000000075,0.015161115187400931,0.09354394077991657,2023-10-03,2023-09-27,2023-10-03,2023-09-28,-1.6433985019056907,0.08526688027992169,-2.6864041701385233,-0.2967161321105305,2023-10-03,2023-10-03,2023-10-03,2023-10-03,2023-10-03,-2.0691488195497154,-2.2225262223596887,-2.8248027379409013,-3.0889851028438997,-2.409726296679493
2023-10-04,2023-10-05,2023-10-04,2023-10-04,2023-10-04,2023-10-05,2023-10-04,2023-10-04,2023-10-04,2023-10-04,16273.38,-1.1,213.78,276390900941,389,1226,142,-25925798113,-8471,91,1.475231,1.431621,0.810975,1.351816,2023-10-04,2023-10-04,2023-10-04,2023-10-04,-6.06673772134717,-0.07999999999999918,-0.10000000000000053,-0.3199999999999994,-0.06344507962983137,-0.18691303574036588,2023-10-04,2023-10-04,2023-10-04,2023-09-28,-2.276265996407989,-2.4088616269088647,-0.7811386266092013,-0.2967161321105305,2023-10-04,2023-10-04,2023-10-04,2023-10-04,2023-10-04,1.3277885985925497,1.5596664239503788,1.2041319387221971,3.9868083440936175,1.1020642051508656
2023-10-05,2023-10-06,2023-10-05,2023-10-05,2023-10-05,2023-10-06,2023-10-05,2023-10-05,2023-10-05,2023-10-05,16453.52,1.11,216.01,292969507948,1169,385,207,-1273682796,-2594,0,0.415369,-0.523806,-0.130403,-0.12224,2023-10-05,2023-10-05,2023-10-05,2023-10-05,-0.4843926423974909,-0.010000000000000675,-0.019999999999999574,-0.3100000000000005,-0.2709645805099248,-0.4400760367725409,2023-10-05,2023-10-05,2023-10-05,2023-09-28,1.7967067063012987,-0.08687086868636174,0.10484685272031946,-0.2967161321105305,2023-10-05,2023-10-05,2023-10-05,2023-10-05,2023-10-05,-0.4847809914219958,0.0,1.4690841573781643,-1.1146305718424343,0.006075288006623936
2023-10-06,2023-10-11,2023-10-06,2023-10-06,2023-10-06,2023-10-11,2023-10-10,2023-10-10,2023-10-10,2023-10-10,16520.57,0.41,215.95,265362388759,806,724,234,-3512808207,-4058,132,1.820432,1.289745,0.520799,0.5829,2023-10-10,2023-10-10,2023-10-10,2023-10-10,-3.7853110023407632,-0.1200000000000001,-0.1200000000000001,-0.2999999999999998,-0.3758872824822568,-0.23567118748560878,2023-10-10,2023-10-10,2023-10-10,2023-10-10,2.425769904616293,-0.25531721669164176,0.8410498980422343,-0.7490398971579104,2023-10-10,2023-10-10,2023-10-10,2023-10-10,2023-10-10,1.2818701919474762,1.2367384037019535,1.1596349693652197,1.9070775846009136,0.2956091847258868
2023-10-11,2023-10-12,2023-10-11,2023-10-11,2023-10-11,2023-10-12,2023-10-11,2023-10-11,2023-10-11,2023-10-11,16672.03,0.92,213.99,428061391650,537,1118,113,23108464703,-4032,3,1.534046,0.733471,0.429301,0.714009,2023-10-11,2023-10-11,2023-10-11,2023-10-11,-5.519674081955506,-0.08000000000000007,0.03000000000000025,-0.41000000000000014,0.13337411367397856,-0.009451134893145863,2023-10-11,2023-10-11,2023-10-11,2023-10-11,0.5984290974720752,1.9770412829307027,1.2927971985137177,0.2849274253177825,2023-10-11,2023-10-11,2023-10-11,2023-10-11,2023-10-11,0.7523712172316177,1.0814386409777166,2.2009681924483937,-0.6421471093651765,1.8813827884862189
2023-10-12,2023-10-13,2023-10-12,2023-10-12,2023-10-12,2023-10-13,2023-10-12,2023-10-12,2023-10-12,2023-10-12,16825.91,0.92,216.61,346862353704,1240,386,149,24099762654,-877,-112,0.45652,0.30499,-0.624643,-0.625637,2023-10-12,2023-10-12,2023-10-12,2023-10-12,3.729026574143468,0.1200000000000001,0.0699999999999994,-0.35999999999999943,0.3449852673573339,0.7087507107946811,2023-10-12,2023-10-12,2023-10-12,2023-10-12,1.747687504743456,1.2138374782074246,1.9287397692917319,0.9496757650384158,2023-10-12,2023-10-12,2023-10-12,2023-10-12,2023-10-12,0.255741900632378,0.5085221778974081,0.2969703450195871,0.44317548495365067,3.5492090095178064
2023-10-13,2023-10-16,2023-10-13,2023-10-13,2023-10-13,2023-10-16,2023-10-13,2023-10-13,2023-10-13,2023-10-13,16782.57,-0.26,216.23,362835369030,541,1036,193,-6086500977,-468,-121,-2.120752,-2.695418,-0.501886,-1.230194,2023-10-13,2023-10-13,2023-10-15,2023-10-13,15.757933352966802,-0.07000000000000028,-0.019999999999999574,-0.41000000000000014,0.07802568918739983,0.07506974878839223,2023-10-13,2023-10-13,2023-10-13,2023-10-13,-0.5498439467157668,-0.9545114307944469,-2.3289659287613396,-1.0525654291725917,2023-10-13,2023-10-13,2023-10-13,2023-10-13,2023-10-13,-2.72228459778443,-2.503447990981278,-3.1611485127596706,-3.4010520695828217,-2.4757032084570363
2023-10-16,2023-10-17,2023-10-16,2023-10-16,2023-10-16,2023-10-17,2023-10-16,2023-10-16,2023-10-16,2023-10-16,16652.24,-0.78,214.59,284621232498,449,1163,154,-15625629460,-1420,121,0.840153,1.434708,1.059437,1.19898,2023-10-16,2023-10-16,2023-10-16,2023-10-16,-10.921328383441054,0.08000000000000007,0.04999999999999982,-0.3799999999999999,-0.02609097479768785,-0.38443849624314463,2023-10-16,2023-10-16,2023-10-16,2023-10-16,-2.032928382312671,-0.810614697839751,-0.9716806757885443,-1.0047964966041767,2023-10-16,2023-10-16,2023-10-16,2023-10-16,2023-10-16,1.4160145934316581,1.152440624616946,1.3946079188220661,1.3036471541754802,2.195478807607132
2023-10-17,2023-10-18,2023-10-17,2023-10-17,2023-10-17,2023-10-18,2023-10-17,2023-10-17,2023-10-17,2023-10-17,16642.55,-0.06,214.2,333537755889,508,1070,196,-4622214459,-1226,18,-0.241177,-0.795147,-0.009825,-0.252289,2023-10-17,2023-10-17,2023-10-17,2023-10-17,3.8930860658699107,0.1200000000000001,0.10000000000000053,-0.3600000000000003,0.4303052871834856,0.009414661550821712,2023-10-17,2023-10-17,2023-10-17,2023-10-17,1.204268652869378,0.9822485361272948,0.7538421747714574,0.3529422694212192,2023-10-17,2023-10-17,2023-10-17,2023-10-17,2023-10-17,-0.7301834274098362,-1.1792851334922916,-4.679469439719918,-1.2399020347321654,-2.013141658367257
2023-10-18,2023-10-19,2023-10-18,2023-10-18,2023-10-18,2023-10-19,2023-10-18,2023-10-18,2023-10-18,2023-10-18,16440.91,-1.21,211.46,401202064095,368,1279,126,-8621099193,-8166,-74,-1.538463,-1.76161,-1.339982,-1.621503,2023-10-18,2023-10-18,2023-10-18,2023-10-18,7.494408364001504,0.08000000000000007,0.0,-0.28000000000000025,0.21748199303619486,0.30117618336396035,2023-10-18,2023-10-18,2023-10-18,2023-10-18,0.006120224122119211,0.09878081020509022,-0.2296715916021541,-0.7918839641719577,2023-10-18,2023-10-18,2023-10-18,2023-10-18,2023-10-18,-1.802420001766536,-2.0024279086036434,-3.964678844561198,-2.8248061993003337,0.2973772964959931
2023-10-19,2023-10-20,2023-10-19,2023-10-19,2023-10-19,2023-10-20,2023-10-19,2023-10-19,2023-10-19,2023-10-19,16452.73,0.07,213.3,304475487121,782,799,188,-13120715615,-5306,32,3.694202,-1.338234,-0.848285,-0.962275,2023-10-19,2023-10-19,2023-10-19,2023-10-19,11.342353709976805,0.07000000000000028,-0.05000000000000071,-0.15999999999999925,-0.14508549811510507,-0.3002718361082679,2023-10-19,2023-10-19,2023-10-19,2023-10-19,-1.9088261884699143,-1.9004323467974538,-2.4623060782791195,-2.1337302426624905,2023-10-19,2023-10-19,2023-10-19,2023-10-19,2023-10-19,-1.5405496660848894,-0.6811183017488176,-0.22513368075079976,0.22511829407421136,-2.1645330314936206
2023-10-20,2023-10-23,2023-10-20,2023-10-20,2023-10-20,2023-10-23,2023-10-20,2023-10-20,2023-10-20,2023-10-20,16440.72,-0.07,211.82,326869696194,424,1202,149,-7304326685,-4579,-114,-1.722103,-1.533066,-1.258528,-1.534714,2023-10-20,2023-10-20,2023-10-22,2023-10-20,1.448595661066987,-0.05000000000000071,-0.0699999999999994,-0.14000000000000057,-0.05038966791286459,-0.08470243566176539,2023-10-20,2023-10-20,2023-10-20,2023-10-20,-0.5448819345834743,-1.6888835169912575,-0.7155443354048163,-0.649488923803565,2023-10-20,2023-10-20,2023-10-20,2023-10-20,2023-10-20,-1.4461286661171524,-1.5655268060963734,-1.695923309193792,-0.5761757407162227,-1.636263111305225
2023-10-23,2023-10-24,2023-10-23,2023-10-23,2023-10-23,2023-10-24,2023-10-23,2023-10-23,2023-10-23,2023-10-23,16251.36,-1.15,210.79,247620038192,704,851,214,-14190878110,-10479,42,-0.219031,-0.530733,-0.168557,0.265873,2023-10-23,2023-10-23,2023-10-23,2023-10-23,-6.172263020488311,-0.0699999999999994,-0.020000000000000462,-0.1899999999999995,-0.29692153040949965,-0.5840266816073192,2023-10-23,2023-10-23,2023-10-20,2023-10-23,-0.8311385739970922,-0.7570518092105294,-0.7155443354048163,-1.0354412433862703,2023-10-23,2023-10-23,2023-10-23,2023-10-23,2023-10-23,-0.5685583441745523,0.35186486877119005,3.836947342671282,-1.7679947603646218,1.0062921524656154
2023-10-24,2023-10-25,2023-10-24,2023-10-24,2023-10-24,2023-10-25,2023-10-24,2023-10-24,2023-10-24,2023-10-24,16309.76,0.36,212.8,282966137858,1106,468,201,-13213113527,-11897,60,0.581713,1.376364,0.726579,0.933607,2023-10-24,2023-10-24,2023-10-24,2023-10-24,-6.872859441333212,-0.03000000000000025,-0.03000000000000025,-0.1899999999999995,-0.0992725378481718,0.6916768250962324,2023-10-24,2023-10-24,2023-10-24,2023-10-24,0.20257980048854485,1.1238763360034154,-1.051713173973412,0.37101330404223365,2023-10-24,2023-10-24,2023-10-24,2023-10-24,2023-10-24,1.3569613167613959,1.1711066602150266,1.600930191437011,1.6598300142556255,2.1908560881102934
2023-10-25,2023-10-26,2023-10-25,2023-10-25,2023-10-25,2023-10-26,2023-10-25,2023-10-25,2023-10-25,2023-10-25,16358.89,0.3,214.73,289563551758,1158,431,192,-7500599115,-8177,-145,-4.364906,-4.129854,-1.433963,-2.425065,2023-10-25,2023-10-25,2023-10-25,2023-10-25,6.43121383691494,0.1200000000000001,0.0600000000000005,-0.1299999999999999,0.5474476980509069,0.24466184665814517,2023-10-25,2023-10-25,2023-10-25,2023-10-25,0.6682376417441072,-0.8533670010735572,0.5520443722935031,0.49697254496934296,2023-10-25,2023-10-25,2023-10-25,2023-10-25,2023-10-25,-4.042436956426732,-3.874687343962835,-4.31486372567238,-5.517852573410509,-3.5727691461123756
2023-10-26,2023-10-27,2023-10-26,2023-10-26,2023-10-26,2023-10-27,2023-10-26,2023-10-26,2023-10-26,2023-10-26,16073.74,-1.74,210.23,280842599033,245,1379,148,-28688153332,-12384,15,-0.216799,-0.543388,-1.183252,-1.759656,2023-10-26,2023-10-26,2023-10-26,2023-10-26,2.4269428338627552,-0.08999999999999986,-0.0600000000000005,-0.15999999999999925,-0.06609096449337049,0.06570890418315933,2023-10-26,2023-10-26,2023-10-26,2023-10-26,-2.136687994946218,-2.7120285831646607,-0.23833723398259954,0.27621749851680644,2023-10-26,2023-10-26,2023-10-26,2023-10-26,2023-10-26,-0.5947107972517851,-0.8797130273623943,-3.4778217246460352,-2.4880277434846,-2.692930397700488
2023-10-27,2023-10-30,2023-10-27,2023-10-27,2023-10-27,2023-10-30,2023-10-27,2023-10-27,2023-10-27,2023-10-27,16134.61,0.38,211.88,268468139111,853,672,243,-8988649910,-9142,-79,-1.669524,1.212832,-0.480028,0.376317,2023-10-27,2023-10-27,2023-10-26,2023-10-27,2.852998761514658,-0.020000000000000462,-0.02999999999999936,-0.15000000000000036,-0.06609096449337049,-0.03752431153838387,2023-10-27,2023-10-27,2023-10-27,2023-10-27,1.2741421094093708,0.16223795352929837,2.077613431665992,1.3730244519264634,2023-10-27,2023-10-27,2023-10-27,2023-10-27,2023-10-27,1.075973666719121,0.618355014703198,0.4314828781808444,2.9465166971098578,1.4042884070673889
2023-10-30,2023-10-31,2023-10-30,2023-10-30,2023-10-30,2023-10-31,2023-10-30,2023-10-30,2023-10-30,2023-10-30,16149.68,0.09,213.17,259955886232,840,718,206,-6787272368,-12483,40,0.081404,-1.298698,1.201002,1.158511,2023-10-30,2023-10-30,2023-10-30,2023-10-30,-7.14621732510995,0.040000000000000036,0.040000000000000036,-0.15000000000000036,0.1702879428238102,-0.4129080537654706,2023-10-30,2023-10-30,2023-10-30,2023-10-30,-0.9509920911887626,0.33611066642211807,0.04384748797450211,0.6001624639029091,2023-10-30,2023-10-30,2023-10-30,2023-10-30,2023-10-30,-1.3390975586864862,-0.25304811720374687,1.632097032335067,-0.25925541761776527,0.3447223983651382
2023-10-31,2023-11-01,2023-10-31,2023-10-31,2023-10-31,2023-11-01,2023-10-31,2023-10-31,2023-10-31,2023-10-31,16001.27,-0.92,209.65,332577989603,263,1371,138,-17297291529,-15297,64,0.290495,0.964152,0.647496,0.482895,2023-10-31,2023-10-31,2023-10-31,2023-10-31,-8.151901824564877,0.0,0.040000000000000036,-0.1900000000000004,-0.5136671932754799,0.5088587462788619,2023-10-31,2023-10-31,2023-10-31,2023-10-31,0.5273768703182302,-1.4091907946449322,-1.6883421737924453,-0.3141945410631508,2023-10-31,2023-10-31,2023-10-31,2023-10-31,2023-10-31,0.9147337607868788,0.7175921906326543,-0.9256347642085938,2.4121435719099082,0.014265720769879309
2023-11-01,2023-11-02,2023-11-01,2023-11-01,2023-11-01,2023-11-02,2023-11-01,2023-11-01,2023-11-01,2023-11-01,16038.56,0.23,211.82,255674098091,953,579,225,-6051313099,-13396,153,1.726342,2.334037,1.0506,1.635869,2023-11-01,2023-11-01,2023-11-01,2023-11-01,-7.0010947802995105,-0.11000000000000032,-0.1200000000000001,-0.1800000000000006,0.4818957001067936,0.20625687582527252,2023-11-01,2023-11-01,2023-11-01,2023-11-01,2.4070916144078636,1.0346870908308992,-0.06253431169456203,-0.04142690894369805,2023-11-01,2023-11-01,2023-11-01,2023-11-01,2023-11-01,2.3531281621356204,2.4901092406328207,3.788626851129151,9.685280117286643,1.3751353939357225
2023-11-02,2023-11-03,2023-11-02,2023-11-02,2023-11-02,2023-11-03,2023-11-02,2023-11-02,2023-11-02,2023-11-02,16396.95,2.23,214.51,313920855248,1326,274,171,15949863574,-3904,116,3.052392,2.357681,1.885856,1.781734,2023-11-02,2023-11-02,2023-11-02,2023-11-02,-7.172501076628713,-0.09999999999999964,0.03000000000000025,-0.3100000000000005,-0.08054883399617463,-0.7110727230222103,2023-11-02,2023-11-02,2023-11-02,2023-11-02,1.1019685050319694,1.8057342643990504,0.7531996796294571,-0.47157508484857447,2023-11-02,2023-11-02,2023-11-02,2023-11-02,2023-11-02,2.2725216338321363,2.591111822566461,2.7903124266296153,-0.1943716056026723,2.1525530081205613
2023-11-03,2023-11-06,2023-11-03,2023-11-03,2023-11-03,2023-11-06,2023-11-03,2023-11-03,2023-11-03,2023-11-03,16507.65,0.68,215.14,315877908762,994,556,224,9083815441,662,102,1.447831,2.553926,0.939373,1.384739,2023-11-03,2023-11-03,2023-11-03,2023-11-03,-4.789272077317042,-0.09999999999999964,-0.15000000000000036,-0.2599999999999998,-0.6727043338677685,-1.0365681069029686,2023-11-02,2023-11-03,2023-11-03,2023-11-03,1.1019685050319694,1.076341350071175,2.5160444349631605,0.842666027016703,2023-11-03,2023-11-03,2023-11-03,2023-11-03,2023-11-03,2.628001884077813,2.3340097610291988,3.4455029914061797,4.099043025029769,1.3060949433653324
2023-11-06,2023-11-07,2023-11-06,2023-11-06,2023-11-06,2023-11-07,2023-11-06,2023-11-06,2023-11-06,2023-11-06,16649.36,0.86,218.62,317880265493,1330,300,149,18526006433,5672,9,0.882446,-0.280214,0.175299,0.300483,2023-11-06,2023-11-06,2023-11-06,2023-11-06,-0.13413483765277734,0.09999999999999964,0.09999999999999964,-0.2599999999999998,-0.21642199929325923,0.1904442811176965,2023-11-06,2023-11-06,2023-11-06,2023-11-06,2.3743112383502796,5.659239143152339,1.7123452390521932,1.3523527623494846,2023-11-06,2023-11-06,2023-11-06,2023-11-06,2023-11-06,-0.1851628357075752,0.29429633975817104,1.6575899674778016,-0.44543429844098315,-0.20958621847876335
2023-11-07,2023-11-08,2023-11-07,2023-11-07,2023-11-07,2023-11-08,2023-11-07,2023-11-07,2023-11-07,2023-11-07,16684.95,0.21,219.48,280174897520,733,834,207,1264901820,7942,54,-0.205178,0.771289,0.284012,0.895644,2023-11-07,2023-11-07,2023-11-07,2023-11-07,-0.5372728130387805,-0.08999999999999986,-0.019999999999999574,-0.33000000000000007,0.03926512985428232,0.3041243975591801,2023-11-07,2023-11-07,2023-11-07,2023-11-07,-1.3350059372742473,-2.334193325312295,-1.649893998126295,-0.3537428261292219,2023-11-07,2023-11-07,2023-11-07,2023-11-07,2023-11-07,0.6366213454438663,0.6268772661133903,0.4458971013103108,1.5212500655411132,1.9288597050812761
2023-11-08,2023-11-09,2023-11-08,2023-11-08,2023-11-08,2023-11-09,2023-11-08,2023-11-08,2023-11-08,2023-11-08,16740.83,0.33,219.8,349466127727,842,719,214,3765257708,5468,-23,-0.443679,0.034855,0.100492,0.077345,2023-11-08,2023-11-08,2023-11-08,2023-11-08,-2.430794059092134,-0.08999999999999986,0.019999999999999574,-0.4399999999999995,-0.06791163810595524,0.04737106493233334,2023-11-08,2023-11-08,2023-11-08,2023-11-08,-0.32641432286730776,-0.9140838682737851,-0.575542144783725,-0.24006954557224125,2023-11-08,2023-11-08,2023-11-08,2023-11-08,2023-11-08,0.10054691924277215,0.3578721507834226,1.3469686792241031,0.12340184523080833,1.4824812502751028
2023-11-09,2023-11-10,2023-11-09,2023-11-09,2023-11-09,2023-11-10,2023-11-09,2023-11-09,2023-11-09,2023-11-09,16745.65,0.03,219.58,312498262626,540,1054,184,-2010874973,5085,-48,-0.41304,-0.585424,-0.808384,-0.944733,2023-11-09,2023-11-09,2023-11-09,2023-11-09,5.813149921630401,0.1299999999999999,0.10000000000000053,-0.41000000000000014,0.42331222103415556,0.3030659487805343,2023-11-09,2023-11-09,2023-11-09,2023-11-09,1.4921758978770017,0.22546727699972458,-0.3254233549733754,0.048739285926524545,2023-11-09,2023-11-09,2023-11-09,2023-11-09,2023-11-09,-0.47920158230588816,-0.17829295828464264,0.8073161851881672,-0.08803457817150306,0.027440130567124577
2023-11-10,2023-11-13,2023-11-10,2023-11-10,2023-11-10,2023-11-13,2023-11-10,2023-11-10,2023-11-10,2023-11-10,16682.67,-0.38,217.86,299971612038,517,1076,188,-7071621356,8721,287,6.352324,4.037838,1.561644,2.046083,2023-11-10,2023-11-10,2023-11-10,2023-11-10,-7.325048321473949,-0.009999999999999787,0.009999999999999787,-0.4299999999999997,0.11640889396631326,-0.047212775024862985,2023-11-10,2023-11-10,2023-11-10,2023-11-10,-0.24000017230044746,-0.7177417083445659,-1.7590326775807519,-0.7290707650522865,2023-11-10,2023-11-10,2023-11-10,2023-11-10,2023-11-10,4.032890376384746,4.048686801349666,2.9499431289178313,4.493786739024341,5.062650473310759
2023-11-13,2023-11-14,2023-11-13,2023-11-13,2023-11-13,2023-11-14,2023-11-13,2023-11-13,2023-11-13,2023-11-13,16839.29,0.94,218.34,340268976396,765,835,184,20356247805,3132,37,-1.046802,-0.974179,-0.083584,-0.220103,2023-11-13,2023-11-13,2023-11-13,2023-11-13,4.163727236494141,0.019999999999999574,-0.020000000000000462,-0.3899999999999997,0.28615993590586086,-0.18892588993867365,2023-11-13,2023-11-13,2023-11-13,2023-11-13,0.05219830173208706,-0.24484377708658966,1.295982127297135,-0.19740967197116044,2023-11-13,2023-11-13,2023-11-13,2023-11-13,2023-11-13,-0.9741945535775121,-0.6103709705804539,0.5896345356581678,-1.5178307428517557,-1.105980157135955
2023-11-14,2023-11-15,2023-11-14,2023-11-14,2023-11-14,2023-11-15,2023-11-14,2023-11-14,2023-11-14,2023-11-14,16915.71,0.45,219.08,326732146290,954,616,212,11580242842,5238,213,2.582458,3.621848,1.907502,2.3725,2023-11-14,2023-11-14,2023-11-14,2023-11-14,-4.065043171853533,-0.1899999999999995,-0.21999999999999975,-0.35999999999999943,-0.3131760247389592,-1.466972362327923,2023-11-14,2023-11-14,2023-11-14,2023-11-14,0.3400949532642139,1.2268275582657084,-0.16843341679536605,0.0740386418277783,2023-11-14,2023-11-14,2023-11-14,2023-11-14,2023-11-14,3.698341820110218,3.0514257869618477,2.1308089692620324,2.645771310615519,2.7488798584485608
2023-11-15,2023-11-16,2023-11-15,2023-11-15,2023-11-15,2023-11-16,2023-11-15,2023-11-15,2023-11-15,2023-11-15,17128.78,1.26,220.5,436278945981,1213,412,160,46541199231,5590,36,-0.111213,0.719564,0.159701,0.067119,2023-11-15,2023-11-15,2023-11-15,2023-11-15,0.14124617216946245,0.08999999999999986,0.10000000000000053,-0.3700000000000001,-0.5194670295959769,0.2689451327013481,2023-11-15,2023-11-15,2023-11-15,2023-11-15,2.5194864899802383,2.195414440563037,3.9210561532747823,0.7032249876943508,2023-11-15,2023-11-15,2023-11-15,2023-11-15,2023-11-15,0.7262753200547811,0.07449896250841803,-1.5466363965582874,-1.5682326463886898,0.2507845151579202
2023-11-16,2023-11-17,2023-11-16,2023-11-16,2023-11-16,2023-11-17,2023-11-16,2023-11-16,2023-11-16,2023-11-16,17171.18,0.25,221.55,333121453158,1002,584,201,19627012949,5469,-28,-0.26316,0.323538,0.119043,0.069698,2023-11-16,2023-11-16,2023-11-16,2023-11-16,0.9873017393189798,-0.08000000000000007,-0.07000000000000028,-0.3799999999999999,-0.2132410680105945,-0.019155707618856432,2023-11-16,2023-11-16,2023-11-16,2023-11-16,-0.2842777969997323,0.060724173817416904,-1.3616886304552267,-0.9672158175376033,2023-11-16,2023-11-16,2023-11-16,2023-11-16,2023-11-16,0.04884804135545373,0.3721796537056621,1.2109291606168027,1.5508490093683713,-1.6249734156198237
2023-11-17,2023-11-20,2023-11-17,2023-11-17,2023-11-17,2023-11-20,2023-11-17,2023-11-17,2023-11-17,2023-11-17,17208.95,0.22,222.75,343936006066,1051,530,205,23688438631,3897,-8,1.05541,0.659214,0.128205,0.083682,2023-11-17,2023-11-17,2023-11-17,2023-11-17,-3.631281530524766,-0.009999999999999787,0.04999999999999982,-0.4399999999999995,-0.5361010585086534,-0.5269742620331863,2023-11-17,2023-11-17,2023-11-17,2023-11-17,0.4810528046668816,-0.7366763854689928,-2.123224777348298,-0.12008977072571758,2023-11-17,2023-11-17,2023-11-17,2023-11-17,2023-11-17,0.7031094867970378,0.4696927118794214,-0.36782378380503244,0.6592680492829794,1.8946389023658528
2023-11-20,2023-11-21,2023-11-20,2023-11-20,2023-11-20,2023-11-21,2023-11-20,2023-11-20,2023-11-20,2023-11-20,17210.47,0.01,223.45,338725512544,1038,567,183,9121670733,1877,72,0.3816,1.52482,0.739028,1.125978,2023-11-20,2023-11-20,2023-11-20,2023-11-20,-2.8260894053073637,-0.020000000000000462,0.009999999999999787,-0.46999999999999975,-0.32132626900811534,-0.3371204730783117,2023-11-20,2023-11-20,2023-11-20,2023-11-20,-0.5870680339449152,0.8644189999986063,1.8556052702694448,0.23121743244782778,2023-11-20,2023-11-20,2023-11-20,2023-11-20,2023-11-20,1.4739864584125018,1.433220438760796,2.253641229806136,0.754432110755876,1.8389498867096732
2023-11-21,2023-11-22,2023-11-21,2023-11-21,2023-11-21,2023-11-22,2023-11-21,2023-11-21,2023-11-21,2023-11-21,17416.7,1.2,224.24,408005771713,1006,574,208,42147431887,2450,-80,-1.550616,-1.918646,-0.202093,-0.591898,2023-11-21,2023-11-21,2023-11-21,2023-11-21,-0.44742331562338533,-0.009999999999999787,-0.02999999999999936,-0.4500000000000002,-0.8404013385645337,0.11597092468527137,2023-11-21,2023-11-21,2023-11-21,2023-11-21,-0.10150531112852468,0.7715145744958685,-0.24850665299110952,0.13281808980198928,2023-11-21,2023-11-21,2023-11-21,2023-11-21,2023-11-21,-1.8692359036289408,-1.4736159889166989,-0.922454619072488,-1.9501317707502852,-1.457248005320677
2023-11-22,2023-11-23,2023-11-22,2023-11-22,2023-11-22,2023-11-23,2023-11-22,2023-11-22,2023-11-22,2023-11-22,17310.26,-0.61,226.02,358934953317,963,637,192,-7403672408,-6348,17,0.243875,0.326027,0.406113,0.463943,2023-11-22,2023-11-22,2023-11-22,2023-11-22,-3.7453182450392863,0.009999999999999787,0.02999999999999936,-0.46999999999999975,-0.2987157157754772,0.31856534677179305,2023-11-22,2023-11-22,2023-11-22,2023-11-22,0.2928796790128585,0.050988652763672704,0.003997906550745611,-1.0234412001093762,2023-11-22,2023-11-22,2023-11-22,2023-11-22,2023-11-22,0.3194262079275756,-0.21542814112506248,-2.4587550754171072,2.811344722362019,-0.9376332782174646
2023-11-23,2023-11-24,2023-11-23,2023-11-23,2023-11-23,2023-11-24,2023-11-22,2023-11-22,2023-11-22,2023-11-22,17294.55,-0.09,226.33,388724580500,782,753,244,1368375114,-2439,15,0.243875,0.326027,0.406113,0.463943,2023-11-22,2023-11-22,2023-11-23,2023-11-22,-3.7453182450392863,0.009999999999999787,0.02999999999999936,-0.46999999999999975,0.4589758947224354,0.31856534677179305,2023-11-22,2023-11-23,2023-11-23,2023-11-23,0.2928796790128585,0.1297929620974081,0.9937649468095833,0.4824512341417009,2023-11-22,2023-11-22,2023-11-22,2023-11-22,2023-11-22,0.3194262079275756,-0.21542814112506248,-2.4587550754171072,2.811344722362019,-0.9376332782174646
2023-11-24,2023-11-27,2023-11-24,2023-11-24,2023-11-24,2023-11-27,2023-11-24,2023-11-24,2023-11-24,2023-11-24,17287.42,-0.04,226.64,321651890628,694,864,223,3440210189,-4240,1,-0.831221,0.079306,0.059687,-0.105221,2023-11-24,2023-11-24,2023-11-24,2023-11-24,-3.03502203692656,0.04999999999999982,0.03000000000000025,-0.4500000000000002,0.3045899881200631,-0.5003816899813995,2023-11-24,2023-11-24,2023-11-24,2023-11-24,0.5192634744831226,-0.7288417473718778,-1.9620516119886355,-0.6601116836827181,2023-11-24,2023-11-24,2023-11-24,2023-11-24,2023-11-24,0.07183690968510792,-0.22205811818051258,-1.9295480629855755,-0.16325571312481024,0.7067943528036302
2023-11-27,2023-11-28,2023-11-27,2023-11-27,2023-11-27,2023-11-28,2023-11-27,2023-11-27,2023-11-27,2023-11-27,17137.42,-0.87,224.73,334527726380,496,1128,154,-1818453998,-1356,49,-0.633755,-0.22999,-0.195416,-0.068979,2023-11-27,2023-11-27,2023-11-27,2023-11-27,1.8459032225695893,-0.08000000000000007,-0.08000000000000007,-0.4500000000000002,0.06958739453368779,-0.19342802193930142,2023-11-27,2023-11-27,2023-11-27,2023-11-27,-0.528941457244636,-0.038851201365586174,-0.19567488648754017,-0.7368568287657862,2023-11-27,2023-11-27,2023-11-27,2023-11-27,2023-11-27,-0.13968967382563813,-0.06181432252851948,0.9753842802793233,0.2779854256168113,-2.9247999551060833
2023-11-28,2023-11-29,2023-11-28,2023-11-28,2023-11-28,2023-11-29,2023-11-28,2023-11-28,2023-11-28,2023-11-28,17341.25,1.19,228.92,361449995493,1356,299,128,20003229299,-149,0,0.792104,-0.56053,0.098012,0.286077,2023-11-28,2023-11-28,2023-11-28,2023-11-28,0.0,-0.04999999999999982,-0.10999999999999943,-0.39000000000000057,-0.3508662983925048,-0.43604356739261885,2023-11-28,2023-11-28,2023-11-28,2023-11-28,-0.11744090933085705,1.0458194856441727,-0.9752886240697034,0.1873630595848219,2023-11-28,2023-11-28,2023-11-28,2023-11-28,2023-11-28,-0.584779927127066,-0.5752863500573357,-0.8726865164504716,-0.521809524407868,-0.4093701911828673
2023-11-29,2023-11-30,2023-11-29,2023-11-29,2023-11-29,2023-11-30,2023-11-29,2023-11-29,2023-11-29,2023-11-29,17370.56,0.17,230.88,397509025224,863,717,206,9920226607,-4478,39,0.918549,0.941547,-0.094625,-0.162932,2023-11-29,2023-11-29,2023-11-29,2023-11-29,2.285263762351275,-0.07000000000000028,-0.09000000000000075,-0.3700000000000001,-0.8025385010653641,0.01946145310598446,2023-11-29,2023-11-29,2023-11-29,2023-11-29,-0.2609280883311027,-0.07732500968862244,-2.078473257012692,-0.8585985235213922,2023-11-29,2023-11-29,2023-11-29,2023-11-29,2023-11-29,1.0845932844512962,0.9208057149687088,0.6670714745419248,1.5080700808743241,-0.5832957580857556
2023-11-30,2023-12-01,2023-11-30,2023-11-30,2023-11-30,2023-12-01,2023-11-30,2023-11-30,2023-11-30,2023-11-30,17433.85,0.36,231.74,493422048919,928,662,200,7962278203,-3608,-48,-1.587783,-0.76678,0.378407,-0.226325,2023-11-30,2023-11-30,2023-11-30,2023-11-30,-0.4622455166284678,0.10000000000000053,0.09000000000000075,-0.3600000000000003,-0.6491401865898361,0.710327314176129,2023-11-30,2023-11-30,2023-11-30,2023-11-30,0.4971963247892841,0.6143312435775039,0.2909440810165531,0.2261809427945627,2023-11-30,2023-11-30,2023-11-30,2023-11-30,2023-11-30,-0.697911283972863,-1.0665254390746726,-2.8458640408278835,-2.1719780744073214,-1.604968095502568
2023-12-01,2023-12-04,2023-12-01,2023-12-01,2023-12-01,2023-12-04,2023-12-01,2023-12-01,2023-12-01,2023-12-01,17438.35,0.03,232.11,373581919029,972,631,190,1212298008,-832,69,1.274284,0.367557,0.587374,0.553981,2023-12-01,2023-12-01,2023-12-01,2023-12-01,-2.2445817348339614,-0.15000000000000036,-0.17000000000000082,-0.33999999999999986,0.981686899414469,-0.2222254656363276,2023-12-01,2023-12-01,2023-12-01,2023-12-01,-0.1653748831748958,-1.1943418240254688,-1.2473247913838637,-0.3809870300727547,2023-12-01,2023-12-01,2023-12-01,2023-12-01,2023-12-01,0.46919775721190327,0.40504061102857314,-0.010692897298025805,0.18982809556564728,0.46125972166179974
2023-12-04,2023-12-05,2023-12-04,2023-12-04,2023-12-04,2023-12-05,2023-12-04,2023-12-04,2023-12-04,2023-12-04,17421.48,-0.1,233.01,398009487905,905,709,176,-5294637036,-4353,-99,-1.562659,-1.19922,-0.540851,-0.83565,2023-12-04,2023-12-04,2023-12-04,2023-12-04,3.562943825713938,0.0600000000000005,0.08000000000000007,-0.35999999999999943,-0.5896645950528856,0.3582867808748613,2023-12-04,2023-12-04,2023-12-04,2023-12-04,-0.5989624076367828,0.3968024625650157,-1.0947516767214616,-0.6529076798368338,2023-12-04,2023-12-04,2023-12-04,2023-12-04,2023-12-04,-1.120024538956521,-1.4584534427493856,-2.68363323959121,-2.323090624436308,-0.6483836840557755
2023-12-05,2023-12-06,2023-12-05,2023-12-05,2023-12-05,2023-12-06,2023-12-05,2023-12-05,2023-12-05,2023-12-05,17328.01,-0.54,231.35,377885768994,523,1088,173,-10458179822,-5906,26,-0.329863,-0.56966,-0.056887,0.313136,2023-12-05,2023-12-05,2023-12-05,2023-12-05,-1.7584062964670188,-0.10000000000000053,-0.0699999999999994,-0.39000000000000057,0.7521885066418044,0.395603690200641,2023-12-05,2023-12-05,2023-12-05,2023-12-05,-1.3705441446397515,-0.821882036474264,-1.9115070227102016,-1.9039658758829403,2023-12-05,2023-12-05,2023-12-05,2023-12-05,2023-12-05,-0.5683202034728385,0.0,2.3203770808688295,-0.160244953947275,-1.1742877762235926
2023-12-06,2023-12-07,2023-12-06,2023-12-06,2023-12-06,2023-12-07,2023-12-06,2023-12-06,2023-12-06,2023-12-06,17360.72,0.19,232.11,361194370872,853,749,190,253008079,-6349,-65,1.199706,-0.723773,-0.39062,-0.584685,2023-12-06,2023-12-06,2023-12-06,2023-12-06,0.9338512217643702,-0.05999999999999961,0.02999999999999936,-0.47999999999999954,0.2940513077498652,0.09610617125244136,2023-12-06,2023-12-06,2023-12-06,2023-12-06,2.0444282358493604,0.04409502953583999,0.8292538712798558,0.157327013112174,2023-12-06,2023-12-06,2023-12-06,2023-12-06,2023-12-06,-0.6168956101583523,-0.80614610727896,-2.2827889379518185,-1.3177881354856202,-1.0381966046385638
2023-12-07,2023-12-08,2023-12-07,2023-12-07,2023-12-07,2023-12-08,2023-12-07,2023-12-07,2023-12-07,2023-12-07,17278.74,-0.47,230.83,358776437728,501,1089,198,-5159475655,-7320,130,1.471643,2.790044,0.796819,1.366256,2023-12-07,2023-12-07,2023-12-07,2023-12-07,0.693910182998847,0.019999999999999574,-0.019999999999999574,-0.4400000000000004,-0.08535741997394153,-0.5856942884441496,2023-12-07,2023-12-07,2023-12-07,2023-12-07,-1.7568367758098113,-0.13263769880978993,-0.7129214922099836,-0.24473667844376878,2023-12-07,2023-12-07,2023-12-07,2023-12-07,2023-12-07,2.681210645826715,2.2857181609623023,2.402044610070564,9.887001757007386,2.0605545841463124
2023-12-08,2023-12-11,2023-12-08,2023-12-08,2023-12-08,2023-12-11,2023-12-08,2023-12-08,2023-12-08,2023-12-08,17383.99,0.61,232.1,369249120590,878,720,189,15208995224,-5568,47,1.067577,0.710596,0.40955,0.446161,2023-12-08,2023-12-08,2023-12-08,2023-12-08,-5.436447284339452,0.09000000000000075,0.1299999999999999,-0.47999999999999954,-0.19720937647662584,0.45393202293533275,2023-12-08,2023-12-08,2023-12-08,2023-12-08,-1.6752207959197962,1.0344825221486165,-0.07047356551254103,0.2412048421233104,2023-12-08,2023-12-08,2023-12-08,2023-12-08,2023-12-08,0.7899312324493923,0.8566043275856305,1.9529569797841262,0.4284514081781543,2.389784258195937
2023-12-11,2023-12-12,2023-12-11,2023-12-11,2023-12-11,2023-12-12,2023-12-11,2023-12-11,2023-12-11,2023-12-11,17418.34,0.2,232.68,354689364310,703,908,175,1187224744,-7881,92,0.597906,3.397303,0.392449,0.198004,2023-12-11,2023-12-11,2023-12-11,2023-12-11,2.2672042455262664,0.0,0.0,-0.47999999999999954,-0.05568435956523343,0.08652661863495226,2023-12-11,2023-12-11,2023-12-11,2023-12-11,1.4979061306193309,0.298270725990224,-0.813498664834833,0.5880342896835256,2023-12-11,2023-12-11,2023-12-11,2023-12-11,2023-12-11,3.410876961346143,2.4003011187994527,-1.8502959791022788,4.258459177116647,8.995026229426873
2023-12-12,2023-12-13,2023-12-12,2023-12-12,2023-12-12,2023-12-13,2023-12-12,2023-12-12,2023-12-12,2023-12-12,17450.63,0.19,233.37,381887827773,657,960,179,10294040956,-9496,26,0.643885,0.712129,0.459936,0.699187,2023-12-12,2023-12-12,2023-12-12,2023-12-12,-4.4338908514846676,-0.03000000000000025,0.020000000000000462,-0.5300000000000002,-0.2594788416349525,-0.2209373015468752,2023-12-12,2023-12-12,2023-12-12,2023-12-12,0.15826650645449636,0.39241580162172607,1.0678632836991886,0.21494970715190131,2023-12-12,2023-12-12,2023-12-12,2023-12-12,2023-12-12,0.7208212568049266,1.0578161168318,2.2090261399258404,2.380772904587225,4.1817195935941465
2023-12-13,2023-12-14,2023-12-13,2023-12-13,2023-12-13,2023-12-14,2023-12-13,2023-12-13,2023-12-13,2023-12-13,17468.93,0.1,233.83,370149738911,757,839,198,3466644223,-10159,110,0.511815,1.54624,1.365068,1.379991,2023-12-13,2023-12-13,2023-12-13,2023-12-13,0.9941995740939458,-0.16000000000000014,-0.27000000000000046,-0.41999999999999993,0.46316889472772793,-0.9627418634422846,2023-12-13,2023-12-13,2023-12-13,2023-12-13,0.2516535765338279,-0.9707095193917548,-0.8901035146111291,-1.6689022000512588,2023-12-13,2023-12-13,2023-12-13,2023-12-13,2023-12-13,1.5398730220596457,1.1775875667458635,0.9043786691055766,0.42148232576277866,1.623647736952516
2023-12-14,2023-12-15,2023-12-14,2023-12-14,2023-12-14,2023-12-15,2023-12-14,2023-12-14,2023-12-14,2023-12-14,17653.11,1.05,234.83,439771084261,984,646,164,33822264516,-9355,79,1.302384,2.669045,0.264706,0.18732,2023-12-14,2023-12-14,2023-12-14,2023-12-14,2.3789989486111995,-0.1200000000000001,-0.08999999999999986,-0.4500000000000002,-1.0043531382914583,-0.8846151820868009,2023-12-14,2023-12-14,2023-12-14,2023-12-14,-0.7292079173856991,1.3351079279824818,1.0687172648848442,-0.5238038206704987,2023-12-14,2023-12-14,2023-12-14,2023-12-14,2023-12-14,2.7721442934305784,1.8457556311857637,0.5448286809253577,-0.13749362330810477,1.5417231303278767
2023-12-15,2023-12-18,2023-12-15,2023-12-15,2023-12-15,2023-12-18,2023-12-15,2023-12-15,2023-12-15,2023-12-15,17673.87,0.12,234.81,500823642130,794,825,179,21170047011,-8253,-34,-0.879648,0.47663,-0.007625,0.354707,2023-12-15,2023-12-15,2023-12-15,2023-12-15,-1.6025626330215204,-0.009999999999999787,0.07000000000000028,-0.5300000000000002,0.08762037854230798,0.5786621935886194,2023-12-15,2023-12-15,2023-12-15,2023-12-15,0.8697870855482126,0.7617435666441796,2.377731345650913,-0.31056194676214455,2023-12-15,2023-12-15,2023-12-15,2023-12-15,2023-12-15,0.37199250107535775,0.4732813980242945,1.1168581852518011,0.833328910495923,2.101236255761396
2023-12-18,2023-12-19,2023-12-18,2023-12-18,2023-12-18,2023-12-19,2023-12-18,2023-12-18,2023-12-18,2023-12-18,17652.03,-0.12,233.41,360423376354,590,1031,174,735517925,-12100,-35,0.380339,-0.320864,0.452834,0.613542,2023-12-18,2023-12-18,2023-12-18,2023-12-18,2.280135934316996,0.040000000000000036,-0.010000000000000675,-0.47999999999999954,0.524301763827939,-0.039006254838580556,2023-12-18,2023-12-18,2023-12-18,2023-12-18,-0.6416948079020823,0.12872914044133044,-0.9704451276582815,-0.36449945272842843,2023-12-18,2023-12-18,2023-12-18,2023-12-18,2023-12-18,-0.27752218263847883,-0.4250950628333805,2.4278999580219507,-0.1796622428786976,1.5277833304339516
2023-12-19,2023-12-20,2023-12-19,2023-12-19,2023-12-19,2023-12-20,2023-12-19,2023-12-19,2023-12-19,2023-12-19,17576.55,-0.43,231.08,361716453990,396,1252,143,164592948,-17223,12,0.913244,0.530486,0.586641,0.660258,2023-12-19,2023-12-19,2023-12-19,2023-12-19,-0.23885896212750835,-0.020000000000000018,-0.019999999999999574,-0.48,0.08677068074613992,-0.33167882177322916,2023-12-19,2023-12-19,2023-12-19,2023-12-19,1.405447146589922,0.0658369110713819,-0.7470608395466982,0.14026442572101505,2023-12-19,2023-12-19,2023-12-19,2023-12-19,2023-12-19,0.5336826984602139,0.3346035786940371,-0.9445445532373697,0.8999280453039882,-0.6469021664155195
2023-12-20,2023-12-21,2023-12-20,2023-12-20,2023-12-20,2023-12-21,2023-12-20,2023-12-20,2023-12-20,2023-12-20,17635.2,0.33,232.31,382005615676,1117,464,209,24624431077,-11465,-267,-3.687303,-2.857797,-1.468427,-1.50154,2023-12-20,2023-12-20,2023-12-20,2023-12-20,9.09816733932547,-0.07000000000000028,-0.07000000000000028,-0.48,-0.33465989557395215,0.23490799399565887,2023-12-20,2023-12-20,2023-12-20,2023-12-20,1.3743502594728785,1.7811605431193644,0.6592580846713103,-1.0959688136431223,2023-12-20,2023-12-20,2023-12-20,2023-12-20,2023-12-20,-3.155327756408577,-2.782886608122581,-3.0098379722643065,-3.339274262999914,-2.5623459206492893
2023-12-21,2023-12-22,2023-12-21,2023-12-21,2023-12-21,2023-12-22,2023-12-21,2023-12-21,2023-12-21,2023-12-21,17543.74,-0.52,231.63,360672567221,500,1109,177,-2768160741,-17563,77,2.508999,2.767948,1.030147,1.258157,2023-12-21,2023-12-21,2023-12-21,2023-12-21,-0.14630912693524012,0.03000000000000025,-0.009999999999999787,-0.43999999999999995,0.12791495872452874,-0.5565934028275432,2023-12-21,2023-12-21,2023-12-21,2023-12-21,-1.5900747949116556,-0.546227633789631,0.04406161054590907,1.0119823256254712,2023-12-21,2023-12-21,2023-12-21,2023-12-21,2023-12-21,2.767881432112862,2.4721981491092615,1.8270283642337848,3.277480181145598,1.5228968749632754
2023-12-22,2023-12-25,2023-12-22,2023-12-22,2023-12-22,2023-12-25,2023-12-22,2023-12-22,2023-12-22,2023-12-22,17596.63,0.3,232.85,337671842982,651,931,212,6182826785,-15750,48,0.585079,0.346241,0.166006,0.194466,2023-12-22,2023-12-22,2023-12-22,2023-12-22,-4.542123830666,0.009999999999999787,-0.020000000000000462,-0.4099999999999997,-0.3736782960108931,-0.1374699476460517,2023-12-22,2023-12-22,2023-12-22,2023-12-22,0.08624510252288609,-0.01961560917969063,-1.688938649843208,0.1909369941635486,2023-12-22,2023-12-22,2023-12-22,2023-12-22,2023-12-22,0.32037895581344955,0.011545811552093888,-0.3265969420908066,-0.2215692591520546,-0.47103961493312196
2023-12-25,2023-12-26,2023-12-25,2023-12-25,2023-12-25,2023-12-26,2023-12-22,2023-12-22,2023-12-22,2023-12-22,17604.84,0.05,232.05,278733941825,610,987,199,-864679569,-14288,10,0.585079,0.346241,0.166006,0.194466,2023-12-22,2023-12-22,2023-12-25,2023-12-22,-4.542123830666,0.009999999999999787,-0.020000000000000462,-0.4099999999999997,-0.36226354270691985,-0.1374699476460517,2023-12-25,2023-12-22,2023-12-22,2023-12-25,0.25620410216271594,-0.01961560917969063,-1.688938649843208,0.30624112701065354,2023-12-22,2023-12-22,2023-12-22,2023-12-22,2023-12-22,0.32037895581344955,0.011545811552093888,-0.3265969420908066,-0.2215692591520546,-0.47103961493312196
2023-12-26,2023-12-27,2023-12-26,2023-12-26,2023-12-26,2023-12-27,2023-12-26,2023-12-26,2023-12-26,2023-12-26,17751.73,0.83,233.89,261189730693,1292,325,174,18051785356,-11895,15,1.260296,1.805052,0.423169,0.544259,2023-12-26,2023-12-26,2023-12-26,2023-12-26,-0.3069835968746104,-0.009999999999999787,-0.04999999999999982,-0.36999999999999966,0.127733444468503,-0.22615116464174134,2023-12-26,2023-12-26,2023-12-22,2023-12-26,0.15583167078427884,0.118486873042567,-1.688938649843208,-0.676930572223855,2023-12-26,2023-12-26,2023-12-26,2023-12-26,2023-12-26,1.7670116327348717,1.379270202265248,0.9195115312755187,2.729224492847493,0.8832643728933887
2023-12-27,2023-12-28,2023-12-27,2023-12-27,2023-12-27,2023-12-28,2023-12-27,2023-12-27,2023-12-27,2023-12-27,17891.5,0.79,234.73,339995468122,875,692,227,36787679984,-12235,-17,0.191484,0.169691,0.143046,0.163251,2023-12-27,2023-12-27,2023-12-27,2023-12-27,-4.311004432713538,-0.10000000000000009,-0.05999999999999961,-0.41000000000000014,-0.5678033131921834,-0.47304952316848947,2023-12-27,2023-12-27,2023-12-27,2023-12-27,1.1270893886186073,0.4191944079145138,1.7406520691967353,0.34799395521039056,2023-12-27,2023-12-27,2023-12-27,2023-12-27,2023-12-27,0.25690994536451406,0.10815873136373888,0.28003914479066694,1.8548243457106706,-0.5053549465691698
2023-12-28,2023-12-29,2023-12-28,2023-12-28,2023-12-28,2023-12-29,2023-12-28,2023-12-28,2023-12-28,2023-12-28,17910.37,0.11,233.91,327947506245,741,824,226,19325708661,-13618,-25,0.047774,-0.140219,0.037017,-0.026757,2023-12-28,2023-12-28,2023-12-28,2023-12-28,0.32180177691847334,0.04999999999999982,0.05999999999999961,-0.41999999999999993,-0.31445393355279405,0.23765273615294902,2023-12-28,2023-12-28,2023-12-28,2023-12-28,-0.42046312643688744,1.5986236578104052,2.5184570622038382,2.3432701843757897,2023-12-28,2023-12-28,2023-12-28,2023-12-28,2023-12-28,-0.18745912543165488,-0.022741547818727614,0.2124765619632596,1.8415739356036687,-0.3338745140467059
2023-12-29,2024-01-02,2023-12-29,2023-12-29,2023-12-29,2024-01-02,2023-12-29,2023-12-29,2023-12-29,2023-12-29,17930.81,0.11,234.01,307214851163,791,780,230,12160269252,-16712,-44,-0.668574,-0.789083,-0.282648,-0.55508,2023-12-29,2023-12-29,2024-01-01,2023-12-29,-0.1603885913022296,0.040000000000000036,-0.02999999999999936,-0.35000000000000053,-0.05179379186538435,0.09878343455991256,2023-12-29,2023-12-28,2023-12-29,2023-12-29,-0.22495548932739418,1.5986236578104052,0.02265568391230932,0.48527966196947325,2023-12-29,2023-12-29,2023-12-29,2023-12-29,2023-12-29,-0.7340261889779209,-0.5403322531316923,0.0,-0.9074958957897339,-0.5488166794592519
2024-01-02,2024-01-03,2024-01-02,2024-01-02,2024-01-02,2024-01-03,2024-01-02,2024-01-02,2024-01-02,2024-01-02,17853.76,-0.43,233.23,332656029937,793,793,209,1047078183,-17429,-126,-2.375001,-3.650611,-0.566058,-1.634824,2024-01-02,2024-01-02,2024-01-02,2024-01-02,6.024096477831753,0.07000000000000028,0.09999999999999964,-0.3799999999999999,-0.044000291677548375,0.8585760401327303,2023-12-29,2024-01-02,2024-01-02,2024-01-02,-0.22495548932739418,0.5472126908107056,-1.518354623554008,-1.3045343449865965,2024-01-02,2024-01-02,2024-01-02,2024-01-02,2024-01-02,-3.601807757222686,-3.373931526978402,-2.734138583003487,-5.990096744922868,-2.7655077140782525
2024-01-03,2024-01-04,2024-01-03,2024-01-03,2024-01-03,2024-01-04,2024-01-03,2024-01-03,2024-01-03,2024-01-03,17559.31,-1.65,231.05,338661339610,385,1242,161,-22805986506,-24035,-9,-1.339506,-2.034036,-0.801631,-1.176562,2024-01-03,2024-01-03,2024-01-03,2024-01-03,6.363637611557316,-0.040000000000000036,0.0,-0.41999999999999993,0.6860424901047546,0.25440522895723294,2023-12-29,2024-01-03,2024-01-03,2024-01-03,-0.22495548932739418,-2.340990506003271,-0.8466521431900298,-0.2377205131181337,2024-01-03,2024-01-03,2024-01-03,2024-01-03,2024-01-03,-2.148196237229638,-1.7754630871319566,-1.2435621834944843,-2.352427813365343,-2.4691815359067837
2024-01-04,2024-01-05,2024-01-04,2024-01-04,2024-01-04,2024-01-05,2024-01-04,2024-01-04,2024-01-04,2024-01-04,17549.65,-0.06,229.44,318259036472,512,1050,223,-3464215938,-20470,5,-1.038236,-0.821064,-0.342838,-0.561328,2024-01-04,2024-01-04,2024-01-04,2024-01-04,0.6410267295756666,0.08000000000000007,0.04999999999999982,-0.3899999999999997,0.5275459898703483,-0.03904051911455264,2024-01-04,2024-01-04,2024-01-04,2024-01-04,-0.5255854325544984,-0.7781981661760362,-0.0025812622419296716,-0.9250214471281271,2024-01-04,2024-01-04,2024-01-04,2024-01-04,2024-01-04,-0.8409686947164818,-0.5904655783161017,0.9018496337749538,0.5098929539399277,-0.9040419401197264
2024-01-05,2024-01-08,2024-01-05,2024-01-05,2024-01-05,2024-01-08,2024-01-05,2024-01-05,2024-01-05,2024-01-05,17519.14,-0.17,230.61,300761431919,885,646,263,-4229275092,-19682,29,0.484216,0.630362,0.182569,0.094902,2024-01-05,2024-01-05,2024-01-05,2024-01-05,-5.520167916870921,0.05999999999999961,0.020000000000000462,-0.35000000000000053,0.03898027981255048,-0.009758354827782423,2024-01-05,2024-01-05,2024-01-05,2024-01-05,0.26776026948291953,-0.3455690848449544,-0.664727384684416,-0.5359926246854663,2024-01-05,2024-01-05,2024-01-05,2024-01-05,2024-01-05,0.5548807537753886,0.6606438581734597,2.2896766496153242,1.8895724049820428,0.02573896053872371
2024-01-08,2024-01-09,2024-01-08,2024-01-08,2024-01-08,2024-01-09,2024-01-08,2024-01-08,2024-01-08,2024-01-08,17572.66,0.31,230.56,290462919210,634,953,205,2396317684,-18791,172,2.640294,3.279276,1.411463,2.201168,2024-01-08,2024-01-08,2024-01-08,2024-01-08,-2.0224752812624813,-0.040000000000000036,-0.040000000000000036,-0.35000000000000053,-0.3284639253521182,-0.1952978913042691,2024-01-05,2024-01-08,2024-01-08,2024-01-08,0.26776026948291953,-0.39797094949381995,-1.8800948111932225,-1.2931398313365983,2024-01-08,2024-01-08,2024-01-08,2024-01-08,2024-01-08,3.257426599953117,3.540465328747988,6.428087708278873,5.484190174850667,2.4369083298389826
2024-01-09,2024-01-10,2024-01-09,2024-01-09,2024-01-09,2024-01-10,2024-01-09,2024-01-09,2024-01-09,2024-01-09,17535.49,-0.21,229.48,337471689026,347,1308,139,-584013507,-24260,-40,-0.34233,0.053414,-0.14779,0.093914,2024-01-09,2024-01-09,2024-01-09,2024-01-09,-2.446480861549971,0.009999999999999787,0.0,-0.34000000000000075,-0.7463136321570363,0.3522166261385351,2024-01-09,2024-01-09,2024-01-09,2024-01-09,1.1557447844374513,-0.25625152658005357,-0.21221467382881443,0.19597759296603456,2024-01-09,2024-01-09,2024-01-09,2024-01-09,2024-01-09,0.03395447939764651,0.26749909113665815,1.6975122300572076,2.1069927386615506,0.7107967945541027
2024-01-10,2024-01-11,2024-01-10,2024-01-10,2024-01-10,2024-01-11,2024-01-10,2024-01-10,2024-01-10,2024-01-10,17465.63,-0.4,229.41,297503862501,501,1132,153,-3114862469,-24555,9,-1.069778,-0.388959,0.566597,0.753416,2024-01-10,2024-01-10,2024-01-10,2024-01-10,-0.548594414129322,0.020000000000000462,0.009999999999999787,-0.33000000000000007,1.1070581272880409,-0.20473733557323515,2024-01-10,2024-01-10,2024-01-10,2024-01-10,2.0097013041435074,-0.7519798940771039,-0.572817454812169,-0.4668220861807182,2024-01-10,2024-01-10,2024-01-10,2024-01-10,2024-01-10,-0.33590438261610345,0.09279878425274557,2.2770024433014235,-0.4823805756405508,-0.17737008360272366
2024-01-11,2024-01-12,2024-01-11,2024-01-11,2024-01-11,2024-01-12,2024-01-11,2024-01-11,2024-01-11,2024-01-11,17545.32,0.46,231.71,358359261627,1068,549,177,3605927557,-25309,-85,0.416665,0.470748,-0.067106,0.003608,2024-01-11,2024-01-11,2024-01-11,2024-01-11,-1.9700552266877946,-0.06000000000000005,-0.11000000000000032,-0.2799999999999998,0.18254264271539977,-0.06838578976828824,2024-01-11,2024-01-11,2024-01-11,2024-01-11,1.765709282438177,-0.06726885933950877,1.2720146642590135,0.5657401362007874,2024-01-11,2024-01-11,2024-01-11,2024-01-11,2024-01-11,0.3693048204615357,0.5678501084374954,0.8684455111715561,-0.35006667374100076,1.7962759528235228
2024-01-12,2024-01-15,2024-01-12,2024-01-12,2024-01-12,2024-01-15,2024-01-12,2024-01-12,2024-01-12,2024-01-12,17512.83,-0.19,230.47,326373483163,534,1058,202,2736131089,-26404,5,0.019756,-0.380294,0.075098,0.017163,2024-01-12,2024-01-12,2024-01-12,2024-01-12,2.0900340647264315,-0.020000000000000018,-0.1200000000000001,-0.17999999999999972,-0.7192046382251016,0.10753798940954518,2024-01-12,2024-01-12,2024-01-12,2024-01-12,1.5042856359534174,-0.5991477514635801,-0.3524709839984208,-0.3489427118798738,2024-01-12,2024-01-12,2024-01-12,2024-01-12,2024-01-12,-0.44118195358292533,-0.3514638274557669,-0.20429665934603713,-0.9863577028276227,0.7000096686993196
2024-01-15,2024-01-16,2024-01-15,2024-01-15,2024-01-15,2024-01-16,2024-01-12,2024-01-12,2024-01-12,2024-01-12,17546.82,0.19,233.01,325760829083,1070,516,210,-9087846468,-21768,18,0.019756,-0.380294,0.075098,0.017163,2024-01-12,2024-01-12,2024-01-15,2024-01-12,2.0900340647264315,-0.020000000000000018,-0.1200000000000001,-0.17999999999999972,0.587818268824547,0.10753798940954518,2024-01-15,2024-01-15,2024-01-15,2024-01-15,0.9126083968141296,0.037224664385804296,-0.17390415673497195,-0.09895955682294177,2024-01-12,2024-01-12,2024-01-12,2024-01-12,2024-01-12,-0.44118195358292533,-0.3514638274557669,-0.20429665934603713,-0.9863577028276227,0.7000096686993196
2024-01-16,2024-01-17,2024-01-16,2024-01-16,2024-01-16,2024-01-17,2024-01-16,2024-01-16,2024-01-16,2024-01-16,17346.87,-1.14,232.18,353390194929,354,1325,112,-45131197245,-17248,-5,0.424734,1.320443,-0.373134,-0.189746,2024-01-16,2024-01-16,2024-01-16,2024-01-16,8.9763807908964,0.11000000000000032,0.08000000000000007,-0.14999999999999947,0.38422436149399,0.9374990919605031,2024-01-16,2024-01-16,2024-01-16,2024-01-16,-0.7871735152474302,-1.1243077943121627,-2.1608474578516668,0.6083647700274586,2024-01-16,2024-01-16,2024-01-16,2024-01-16,2024-01-16,1.4173189546638376,1.5900549572273048,3.056115724710917,8.310595071960769,0.6572335606029878
2024-01-17,2024-01-18,2024-01-17,2024-01-17,2024-01-17,2024-01-18,2024-01-17,2024-01-17,2024-01-17,2024-01-17,17161.79,-1.07,228.57,433109340647,268,1446,87,-78222735236,-14532,-10,1.258974,-0.876535,-0.56169,-0.593733,2024-01-17,2024-01-17,2024-01-17,2024-01-17,6.864160395890595,0.02999999999999936,0.1200000000000001,-0.2400000000000002,0.8430854010390787,0.08707075982894441,2024-01-17,2024-01-17,2024-01-17,2024-01-17,-0.39706048466251476,-2.46998840386079,-3.7124826934106347,-2.175171688656641,2024-01-17,2024-01-17,2024-01-17,2024-01-17,2024-01-17,-0.9163371649147711,-0.6032997023363684,-0.5835170193535189,0.9008395025177363,-1.0125972320795817
2024-01-18,2024-01-19,2024-01-18,2024-01-18,2024-01-18,2024-01-19,2024-01-18,2024-01-18,2024-01-18,2024-01-18,17227.79,0.38,228.16,324019332888,725,839,228,-8733292163,-13650,233,9.791163,3.355571,0.880526,1.346496,2024-01-18,2024-01-18,2024-01-18,2024-01-18,-4.462473624843866,0.040000000000000036,0.0,-0.20000000000000018,0.2686100789593082,0.08700238756911283,2024-01-18,2024-01-18,2024-01-18,2024-01-18,-0.03263489088231042,0.16996333530645558,0.7520481609476493,1.4137123031726428,2024-01-18,2024-01-18,2024-01-18,2024-01-18,2024-01-18,3.3011354395588777,3.2466778451451406,1.8803578994849524,1.560841623637299,3.6460193655160067
2024-01-19,2024-01-22,2024-01-19,2024-01-19,2024-01-19,2024-01-22,2024-01-19,2024-01-19,2024-01-19,2024-01-19,17681.52,2.63,230.19,481060144057,1086,491,215,80797089392,-2613,105,1.035122,4.02066,1.23135,1.695837,2024-01-19,2024-01-19,2024-01-19,2024-01-19,-5.874026305617585,0.010000000000000675,0.04999999999999982,-0.23999999999999932,0.12079320549103212,-0.24145257657856023,2024-01-19,2024-01-19,2024-01-19,2024-01-19,1.401610689763788,1.3401399423117244,-0.5398956792166731,-0.15115600985112776,2024-01-19,2024-01-19,2024-01-19,2024-01-19,2024-01-19,3.9111656833898945,3.8101021630567278,4.174624390215875,7.106410333015312,5.882459262063455
2024-01-22,2024-01-23,2024-01-22,2024-01-22,2024-01-22,2024-01-23,2024-01-22,2024-01-22,2024-01-22,2024-01-22,17815.1,0.76,232.95,469076620290,1156,466,170,36944476828,-6854,-28,-1.024517,0.250253,0.219433,0.322124,2024-01-22,2024-01-22,2024-01-22,2024-01-22,-0.827072246421412,-0.040000000000000036,-0.019999999999999574,-0.2599999999999998,-0.6231681074182815,0.03872680334280343,2024-01-22,2024-01-22,2024-01-22,2024-01-22,1.6229883853936533,-0.3392953812879407,-2.27002266316384,-1.5560718610195368,2024-01-22,2024-01-22,2024-01-22,2024-01-22,2024-01-22,0.32765928611617756,0.46479880864378487,0.2739879920814037,-3.4724233485138867,0.767833788050365
2024-01-23,2024-01-24,2024-01-23,2024-01-23,2024-01-23,2024-01-24,2024-01-23,2024-01-23,2024-01-23,2024-01-23,17874.59,0.33,234.6,372314721115,1005,570,210,9062676493,-1447,58,0.973192,0.653346,0.292137,0.427403,2024-01-23,2024-01-23,2024-01-23,2024-01-23,-4.852156254805884,0.02999999999999936,-0.0600000000000005,-0.16999999999999993,-0.05034596135321534,0.280655095701543,2024-01-23,2024-01-23,2024-01-23,2024-01-23,-0.08038675423810426,0.5786519447535943,2.625466637354701,0.40479759210243493,2024-01-23,2024-01-23,2024-01-23,2024-01-23,2024-01-23,0.6631274471896598,0.5104979736766602,0.3671200128814833,0.14270751790717018,0.4760291993580523
2024-01-24,2024-01-25,2024-01-24,2024-01-24,2024-01-24,2024-01-25,2024-01-24,2024-01-24,2024-01-24,2024-01-24,17875.83,0.01,235.07,330929502991,993,595,203,1945217511,-483,116,2.094103,1.541706,0.081193,0.362892,2024-01-24,2024-01-24,2024-01-24,2024-01-24,4.701196363514493,0.040000000000000036,0.03000000000000025,-0.16000000000000014,0.0860763428329081,-0.3667292730553773,2024-01-24,2024-01-24,2024-01-24,2024-01-24,-0.7971227035615813,-0.3598858081355627,3.5553623996627426,1.3979317849355466,2024-01-24,2024-01-24,2024-01-24,2024-01-24,2024-01-24,1.4558649313663574,1.7776840950228356,2.4869279738174654,5.860346291707419,2.2473961784279517
2024-01-25,2024-01-26,2024-01-25,2024-01-25,2024-01-25,2024-01-26,2024-01-25,2024-01-25,2024-01-25,2024-01-25,18002.62,0.71,234.3,356367865437,524,1069,200,28043433522,3388,31,0.03433,-0.246922,0.526037,0.184603,2024-01-25,2024-01-25,2024-01-25,2024-01-25,2.359204397585213,-0.040000000000000036,-0.05999999999999961,-0.14000000000000057,-0.328079755907984,0.31964532921644473,2024-01-25,2024-01-25,2024-01-25,2024-01-25,0.02757176827767882,0.026325024590123647,1.9628452399283125,2.008166106597442,2024-01-25,2024-01-25,2024-01-25,2024-01-25,2024-01-25,-0.2775755169997285,0.0,0.4155683813180433,1.1442081001416193,-1.9037069375970717
2024-01-26,2024-01-29,2024-01-26,2024-01-26,2024-01-26,2024-01-29,2024-01-26,2024-01-26,2024-01-26,2024-01-26,17995.03,-0.04,234.23,314142120676,691,902,198,5270487979,4431,19,0.600553,-2.910378,-0.065179,-0.355499,2024-01-26,2024-01-26,2024-01-26,2024-01-26,-1.412636305410342,0.010000000000000675,0.05999999999999961,-0.1899999999999995,0.07350350663963834,-0.09655158290600152,2024-01-26,2024-01-26,2024-01-26,2024-01-26,-1.3395301866990006,0.3327465211538483,-1.6020856997754462,-0.27221272804288654,2024-01-26,2024-01-26,2024-01-26,2024-01-26,2024-01-26,-2.695621629532219,-2.131304750633767,-0.9510400446939404,-1.707980812832377,-2.042277266339554
2024-01-29,2024-01-30,2024-01-29,2024-01-29,2024-01-29,2024-01-30,2024-01-29,2024-01-29,2024-01-29,2024-01-29,18119.63,0.69,236.1,280111508900,1093,496,200,12775826425,3375,-8,-0.238785,1.063309,0.755677,1.11728,2024-01-29,2024-01-29,2024-01-29,2024-01-29,2.564103670581619,-0.07000000000000028,-0.04999999999999982,-0.20999999999999996,-0.13380371723147322,0.1353043278213617,2024-01-29,2024-01-29,2024-01-29,2024-01-29,0.7716442929921019,0.8912369774300766,0.7836506993168735,-0.8956724361122936,2024-01-29,2024-01-29,2024-01-29,2024-01-29,2024-01-29,1.0405341814153868,1.1738415068392127,2.3496288184632563,0.32722247168106566,1.0698173062414051
2024-01-30,2024-01-31,2024-01-30,2024-01-30,2024-01-30,2024-01-31,2024-01-30,2024-01-30,2024-01-30,2024-01-30,18034.63,-0.47,236.61,364455381390,510,1115,167,1520832347,874,-40,-0.786464,-1.555961,-0.060065,-0.755947,2024-01-30,2024-01-30,2024-01-30,2024-01-30,-2.132352600873144,-0.020000000000000462,0.07000000000000028,-0.3000000000000007,-0.2817131452696353,-0.20268225387084504,2024-01-30,2024-01-30,2024-01-30,2024-01-30,0.10802462610175478,-0.07357462347190591,-2.3249639466311756,-1.7833122244702238,2024-01-30,2024-01-30,2024-01-30,2024-01-30,2024-01-30,-1.5447278508253892,-0.9922298572244137,0.4946739888823215,-3.244674246780166,-0.7891461702822844
2024-01-31,2024-02-01,2024-01-31,2024-01-31,2024-01-31,2024-02-01,2024-01-31,2024-01-31,2024-01-31,2024-01-31,17889.56,-0.8,237.08,353607972292,626,958,210,-12446347016,-1526,-23,-2.671031,-1.367371,-1.610574,-2.230128,2024-01-31,2024-01-31,2024-01-31,2024-01-31,7.813673396435372,-0.0699999999999994,-0.09000000000000075,-0.27999999999999936,-0.0830523890604784,-0.1257300588916932,2024-01-31,2024-01-31,2024-01-31,2024-01-31,0.6123563012977451,-0.0688315903487613,-1.3906490618073697,-0.9149329761375613,2024-01-31,2024-01-31,2024-01-31,2024-01-31,2024-01-31,-1.4478837148184542,-1.4422828747659433,-1.9864878258625374,-2.539808891778772,-2.330818639905863
2024-02-01,2024-02-02,2024-02-01,2024-02-01,2024-02-01,2024-02-02,2024-02-01,2024-02-01,2024-02-01,2024-02-01,17968.11,0.44,237.35,380348598841,980,626,193,21987889929,-3521,69,0.380666,0.459057,1.249369,1.303282,2024-02-01,2024-02-01,2024-02-01,2024-02-01,-3.275263097802583,-0.1200000000000001,-0.0699999999999994,-0.33000000000000007,0.2756859522162314,-0.2130275960683492,2024-02-01,2024-02-01,2024-02-01,2024-02-01,-0.7585421574142881,1.816909740937711,0.5239863093937869,0.07339366506216027,2024-02-01,2024-02-01,2024-02-01,2024-02-01,2024-02-01,0.4948346637809742,0.914624335121661,2.437954052016078,1.6637803360445957,1.6957622463420252
2024-02-02,2024-02-05,2024-02-02,2024-02-02,2024-02-02,2024-02-05,2024-02-02,2024-02-02,2024-02-02,2024-02-02,18059.93,0.51,239.12,401302839297,653,931,220,15166721092,-6136,-26,2.081313,1.314105,1.068445,1.740117,2024-02-02,2024-02-02,2024-02-02,2024-02-02,-0.21613640290952807,0.16000000000000014,0.16000000000000014,-0.33000000000000007,-0.035210710893140984,0.8442456006047205,2024-02-02,2024-02-02,2024-02-02,2024-02-02,0.40697763971409007,2.8653390328863715,-0.20975170389538889,-1.1834527843493148,2024-02-02,2024-02-02,2024-02-02,2024-02-02,2024-02-02,1.2768493609690568,1.9459368523536247,4.970890592326049,4.2116424885682235,2.0274819946199285
2024-02-05,2024-02-15,2024-02-05,2024-02-05,2024-02-05,2024-02-15,2024-02-14,2024-02-14,2024-02-14,2024-02-14,18096.07,0.2,238.67,383390487540,552,1110,141,-6172009551,-5494,19,1.348492,2.176053,0.957976,1.300179,2024-02-14,2024-02-14,2024-02-14,2024-02-14,-9.274449411038432,-0.040000000000000036,-0.08000000000000007,-0.29000000000000004,0.5762511191539366,-0.228656503299296,2024-02-14,2024-02-14,2024-02-14,2024-02-08,-0.6865679381848122,-1.102790261611497,0.8433564877492694,0.6370336901705187,2024-02-14,2024-02-14,2024-02-14,2024-02-14,2024-02-14,2.258765987008582,2.007024555318848,2.4567480233946393,4.1739558950351086,0.8444846393252714
2024-02-15,2024-02-16,2024-02-15,2024-02-15,2024-02-15,2024-02-16,2024-02-15,2024-02-15,2024-02-15,2024-02-15,18644.57,3.03,242.51,584981039445,1071,595,138,56257107897,-2653,39,-0.185662,-0.160118,0.582125,0.296482,2024-02-15,2024-02-15,2024-02-15,2024-02-15,-2.573017264356725,-0.02999999999999936,0.0,-0.3199999999999994,-0.3927712441166409,-0.40106776551706025,2024-02-15,2024-02-15,2024-02-15,2024-02-08,1.205785299495954,-0.252626420353963,0.4109102526769659,0.6370336901705187,2024-02-15,2024-02-15,2024-02-15,2024-02-15,2024-02-15,-0.09534561092662264,-0.3344849603357791,-1.6806554382767014,-1.0856197395281098,0.22579555214918834
2024-02-16,2024-02-19,2024-02-16,2024-02-16,2024-02-16,2024-02-19,2024-02-16,2024-02-16,2024-02-16,2024-02-16,18607.25,-0.2,244.11,497158288041,1291,377,138,3734148587,-6703,2,-1.813529,-0.667382,-0.480347,-0.820559,2024-02-16,2024-02-16,2024-02-16,2024-02-16,1.6416812168366768,0.05999999999999961,0.08000000000000007,-0.33999999999999986,-0.26288406984117385,-0.019179551175096954,2024-02-16,2024-02-16,2024-02-16,2024-02-08,0.862983858311761,1.3375147403939414,2.479393256729945,0.6370336901705187,2024-02-16,2024-02-16,2024-02-16,2024-02-16,2024-02-16,-0.5662630179549266,-0.42937278558531355,-0.061931474472065595,-1.634984996300548,-1.5485366063412997
2024-02-19,2024-02-20,2024-02-19,2024-02-19,2024-02-19,2024-02-20,2024-02-16,2024-02-16,2024-02-16,2024-02-16,18635.8,0.15,245.11,453046139464,1237,465,108,-10954053970,-3471,-13,-1.813529,-0.667382,-0.480347,-0.820559,2024-02-16,2024-02-16,2024-02-19,2024-02-16,1.6416812168366768,0.05999999999999961,0.08000000000000007,-0.33999999999999986,0.2255126060222823,-0.019179551175096954,2024-02-19,2024-02-19,2024-02-19,2024-02-19,-0.04380510463442011,1.1892357134607678,-1.1282133482316214,1.1554513093284147,2024-02-16,2024-02-16,2024-02-16,2024-02-16,2024-02-16,-0.5662630179549266,-0.42937278558531355,-0.061931474472065595,-1.634984996300548,-1.5485366063412997
2024-02-20,2024-02-21,2024-02-20,2024-02-20,2024-02-20,2024-02-21,2024-02-20,2024-02-20,2024-02-20,2024-02-20,18753.16,0.63,245.47,432943963652,628,1005,168,6378443283,2742,5,-1.073487,-1.563937,-0.600532,-0.918315,2024-02-20,2024-02-20,2024-02-20,2024-02-20,8.2865191302115,-0.03000000000000025,-0.04999999999999982,-0.3200000000000003,0.21989185165642855,-0.1917884067734521,2024-02-20,2024-02-20,2024-02-20,2024-02-20,-0.2775369889394419,-0.8383504070968772,0.5688390104903185,0.20682819961488352,2024-02-20,2024-02-20,2024-02-20,2024-02-20,2024-02-20,-1.6828775431670606,-1.9677825133596616,-4.3532088311558965,-4.704660324093279,-1.5198941729906545
2024-02-21,2024-02-22,2024-02-21,2024-02-21,2024-02-21,2024-02-22,2024-02-21,2024-02-21,2024-02-21,2024-02-21,18676.31,-0.41,245.44,427971699105,926,680,197,-13517589926,2421,22,0.007975,-0.235821,0.12642,-0.319307,2024-02-21,2024-02-21,2024-02-21,2024-02-21,-0.5188062471480959,0.05000000000000071,0.04999999999999982,-0.3199999999999994,-0.07738215560203487,-0.06725566256027271,2024-02-21,2024-02-21,2024-02-21,2024-02-21,-0.2644412775616223,-0.16856036040868716,1.5731016471875137,1.3492243345104127,2024-02-21,2024-02-21,2024-02-21,2024-02-21,2024-02-21,-0.22941810089599501,-0.6421297807156612,-2.8508945138381314,-0.8449569283871083,0.07337977920256478
2024-02-22,2024-02-23,2024-02-22,2024-02-22,2024-02-22,2024-02-23,2024-02-22,2024-02-22,2024-02-22,2024-02-22,18852.78,0.94,247.04,493397835406,780,839,184,16481260420,3085,117,2.975914,4.970589,2.112288,2.957152,2024-02-22,2024-02-22,2024-02-22,2024-02-22,-5.215125050698921,0.009999999999999787,0.05000000000000071,-0.3600000000000003,0.15456807377836057,-0.04807523385329526,2024-02-22,2024-02-22,2024-02-22,2024-02-22,2.186284119437931,0.4130674778095367,1.4533609749210141,0.8620458298197464,2024-02-22,2024-02-22,2024-02-22,2024-02-22,2024-02-22,4.928325820770496,6.829168258146012,16.40088017558281,10.694508516789725,6.309831417391609
2024-02-23,2024-02-26,2024-02-23,2024-02-23,2024-02-23,2024-02-26,2024-02-23,2024-02-23,2024-02-23,2024-02-23,18889.19,0.19,246.58,540273997238,505,1151,151,30829103402,4146,14,0.356389,-1.12141,0.034795,-0.279272,2024-02-23,2024-02-23,2024-02-23,2024-02-23,-5.433287234701945,-0.07000000000000028,-0.020000000000000462,-0.41000000000000014,0.08814408362198822,-0.01923493963303935,2024-02-22,2024-02-23,2024-02-23,2024-02-23,2.186284119437931,0.12873813898293118,-0.1020718842703161,0.08805159158065123,2024-02-23,2024-02-23,2024-02-23,2024-02-23,2024-02-23,-1.0786306803895918,-0.624016388461901,0.35524118446885744,-2.9363226217797966,-0.6536991716240115
2024-02-26,2024-02-27,2024-02-26,2024-02-26,2024-02-26,2024-02-27,2024-02-26,2024-02-26,2024-02-26,2024-02-26,18948.05,0.31,247.97,444609182988,1017,622,165,5055193371,6151,4,0.856945,1.049623,-0.378675,-0.12859,2024-02-26,2024-02-26,2024-02-26,2024-02-26,-0.07272893732244157,0.020000000000000462,0.020000000000000462,-0.41000000000000014,0.4705245996972307,-0.10583087143333225,2024-02-26,2024-02-26,2024-02-26,2024-02-26,0.34536012744994515,-0.7729457369378134,-0.5447800234479772,-1.042481185254629,2024-02-26,2024-02-26,2024-02-26,2024-02-26,2024-02-26,0.9866944516786269,0.8292642252993643,0.3489114292523299,-0.288924627963294,0.9842876967568914
2024-02-27,2024-02-29,2024-02-27,2024-02-27,2024-02-27,2024-02-29,2024-02-28,2024-02-28,2024-02-28,2024-02-28,18854.41,-0.49,246.65,531056519529,465,1200,136,-12183674095,3799,11,-0.940975,-1.123336,-0.165816,-0.546043,2024-02-28,2024-02-28,2024-02-28,2024-02-28,3.0528655107632474,-0.040000000000000036,-0.0600000000000005,-0.3700000000000001,0.08653250591499351,0.14446838412174312,2024-02-28,2024-02-28,2024-02-28,2024-02-28,-0.08024634762645588,1.0376941287856711,-1.5124422901770296,-1.2741832498990524,2024-02-28,2024-02-28,2024-02-28,2024-02-28,2024-02-28,-1.124415747309837,-1.1109000524607282,-1.3189088223281908,-0.8202284909366253,-0.5253695332521957
2024-02-29,2024-03-01,2024-02-29,2024-02-29,2024-02-29,2024-03-01,2024-02-29,2024-02-29,2024-02-29,2024-02-29,18966.77,0.6,249.45,515270180866,1111,538,155,3129325273,3622,-7,1.012719,2.701078,0.522909,0.904076,2024-02-29,2024-02-29,2024-02-29,2024-02-29,-3.179194575191846,-0.019999999999999574,0.0,-0.3899999999999997,0.2277027285789046,0.17311050140851325,2024-02-29,2024-02-29,2024-02-29,2024-02-29,-0.10671243216273663,-0.37439086579440506,-0.15365778156194443,1.9076842954756312,2024-02-29,2024-02-29,2024-02-29,2024-02-29,2024-02-29,2.7091253656254644,2.188897934512779,1.8657500482590184,9.05744086397904,0.858521364162379
2024-03-01,2024-03-04,2024-03-01,2024-03-01,2024-03-01,2024-03-04,2024-03-01,2024-03-01,2024-03-01,2024-03-01,18935.93,-0.16,251.37,500295084583,710,936,160,10270966283,-1493,163,4.064658,4.287362,0.800783,1.137344,2024-03-01,2024-03-01,2024-03-01,2024-03-01,-2.1641788814083185,-0.05999999999999961,-0.09999999999999964,-0.34999999999999964,-0.10426928511686473,-0.28802135292833597,2024-03-01,2024-02-29,2024-03-01,2024-03-01,1.9012032559570624,-0.37439086579440506,0.47239975788566646,0.6177325379548071,2024-03-01,2024-03-01,2024-03-01,2024-03-01,2024-03-01,4.25554767059575,4.052840982105921,4.0031851507247085,5.251130044383867,7.587918231032176
2024-03-04,2024-03-05,2024-03-04,2024-03-04,2024-03-04,2024-03-05,2024-03-04,2024-03-04,2024-03-04,2024-03-04,19305.31,1.95,252.74,581197787320,800,835,170,36878656228,3987,66,3.256162,1.062771,-0.119326,-0.414322,2024-03-04,2024-03-04,2024-03-04,2024-03-04,2.898551673472971,0.02999999999999936,0.07000000000000028,-0.39000000000000057,-0.17586998206308158,-0.02888386204562554,2024-03-04,2024-03-04,2024-03-04,2024-03-04,0.4971337464288128,1.2076291955720242,0.0393699257799085,0.08677902416762695,2024-03-04,2024-03-04,2024-03-04,2024-03-04,2024-03-04,0.982585331914021,1.6096867506257606,3.5950852674952127,1.3422824856374582,0.2208383985301099
2024-03-05,2024-03-06,2024-03-05,2024-03-05,2024-03-05,2024-03-06,2024-03-05,2024-03-05,2024-03-05,2024-03-05,19386.92,0.42,253.1,520905157419,800,829,177,5857463944,3331,-123,-2.37957,-2.050196,-1.01931,-1.65306,2024-03-05,2024-03-05,2024-03-05,2024-03-05,7.190513591449865,-0.08999999999999986,-0.07000000000000028,-0.41000000000000014,-0.1584294895698446,-0.02889220723090169,2024-03-05,2024-03-05,2024-03-05,2024-03-05,-0.028924919187967024,-0.9299777885502847,-2.6110618199989055,0.69587112101408,2024-03-05,2024-03-05,2024-03-05,2024-03-05,2024-03-05,-1.9606117331581574,-1.5306317693045912,0.8529129129989377,-0.11199636095416965,-4.243866413068065
2024-03-06,2024-03-07,2024-03-06,2024-03-06,2024-03-06,2024-03-07,2024-03-06,2024-03-06,2024-03-06,2024-03-06,19499.45,0.58,253.89,512471585354,869,757,178,-1135976946,3333,188,4.88998,2.420168,0.51411,0.576867,2024-03-06,2024-03-06,2024-03-06,2024-03-06,0.27662490835065334,-0.019999999999999574,0.009999999999999787,-0.4399999999999995,0.09901968214427459,-0.4142584706489538,2024-03-06,2024-03-06,2024-03-06,2024-03-06,-0.01707745928322124,-0.29855485773883084,1.704240156954362,-0.4055509842321392,2024-03-06,2024-03-06,2024-03-06,2024-03-06,2024-03-06,2.45743449394078,2.5786288167198634,3.1827278396850733,2.6812264754451975,0.5399412671539983
2024-03-07,2024-03-08,2024-03-07,2024-03-07,2024-03-07,2024-03-08,2024-03-07,2024-03-07,2024-03-07,2024-03-07,19693.52,1,252.9,644674806280,431,1269,105,11952627025,3055,247,5.389552,3.359389,1.030413,1.508525,2024-03-07,2024-03-07,2024-03-07,2024-03-07,-0.4137959973565475,-0.020000000000000462,-0.04999999999999982,-0.41000000000000014,-0.2425451004595569,-0.5320722038734793,2024-03-07,2024-03-07,2024-03-07,2024-03-07,-1.2273901808785515,0.23207080003286862,-1.267237083460171,-0.6006696000254608,2024-03-07,2024-03-07,2024-03-07,2024-03-07,2024-03-07,3.4295234465143487,3.4548229973775157,4.474635745856337,0.35607462498863374,4.222965946903945
2024-03-08,2024-03-11,2024-03-08,2024-03-08,2024-03-08,2024-03-11,2024-03-08,2024-03-08,2024-03-08,2024-03-08,19785.32,0.47,247.43,699971981929,285,1447,76,43236252450,-1566,-75,-1.896784,-4.027432,-0.652852,-1.156917,2024-03-08,2024-03-08,2024-03-08,2024-03-08,2.0775637081209553,0.0,-0.019999999999999574,-0.39000000000000057,-0.09280926429229286,-0.07780765540958967,2024-03-08,2024-03-08,2024-03-08,2024-03-08,0.22786213645291653,1.236203798886315,0.7616207546710108,0.43034409336513146,2024-03-08,2024-03-08,2024-03-08,2024-03-08,2024-03-08,-4.046265033517349,-3.9202257964567333,-5.5477008616031664,-1.887598354147113,-6.985742623263191
2024-03-11,2024-03-12,2024-03-11,2024-03-11,2024-03-11,2024-03-12,2024-03-11,2024-03-11,2024-03-11,2024-03-11,19726.08,-0.3,248.63,482852005352,1046,620,142,-4607296393,-6557,-38,-5.021515,-1.363102,-0.112224,-0.409328,2024-03-11,2024-03-11,2024-03-11,2024-03-11,3.2564484624427736,0.009999999999999787,0.02999999999999936,-0.41000000000000014,0.05789736572445747,0.1265377511345589,2024-03-11,2024-03-11,2024-03-11,2024-03-11,-2.1881488753016765,-0.7651989112750335,1.432000760067953,1.2510923762759196,2024-03-11,2024-03-11,2024-03-11,2024-03-11,2024-03-11,-1.3281895035479163,-1.782305732574796,-2.003927663354099,-4.339649947676905,-1.192002590235297
2024-03-12,2024-03-13,2024-03-12,2024-03-12,2024-03-12,2024-03-13,2024-03-12,2024-03-12,2024-03-12,2024-03-12,19914.55,0.96,252.09,546358470794,1261,420,128,5811657898,-8109,37,3.869939,2.092135,1.120179,1.537961,2024-03-12,2024-03-12,2024-03-12,2024-03-12,-9.067017675620026,0.0600000000000005,0.07000000000000028,-0.41999999999999993,-0.28868258741585606,0.08748550159207724,2024-03-12,2024-03-12,2024-03-12,2024-03-12,-0.05918669114498565,0.8259884044588661,3.0500530093834355,0.22929463026801766,2024-03-12,2024-03-12,2024-03-12,2024-03-12,2024-03-12,2.074632626530337,3.163184735410396,7.157180253269502,2.2027295380976364,-0.09588663334902936
2024-03-13,2024-03-14,2024-03-13,2024-03-13,2024-03-13,2024-03-14,2024-03-13,2024-03-13,2024-03-13,2024-03-13,19928.51,0.07,249.21,648534947977,397,1305,106,6984700292,-9132,-45,-1.565093,-2.474899,-0.192453,-0.540219,2024-03-13,2024-03-13,2024-03-13,2024-03-13,-0.650290112685159,0.03000000000000025,0.03000000000000025,-0.41999999999999993,0.11670135758301559,-0.165110888167197,2024-03-13,2024-03-13,2024-03-13,2024-03-13,-0.2617254670508329,0.43851016696505596,-0.06663717202445296,-0.6985393393926564,2024-03-13,2024-03-13,2024-03-13,2024-03-13,2024-03-13,-2.437222439564024,-1.9783280618881571,-1.115186647609434,-3.9307562816265573,-2.63259813865645
2024-03-14,2024-03-15,2024-03-14,2024-03-14,2024-03-14,2024-03-15,2024-03-14,2024-03-14,2024-03-14,2024-03-14,19937.92,0.05,247.96,553178011187,700,938,168,507901307,-8598,-81,-1.772903,-1.751924,-0.287109,-0.304364,2024-03-14,2024-03-14,2024-03-14,2024-03-14,4.727269952947433,0.09999999999999964,0.0699999999999994,-0.3899999999999997,0.02484507667166458,0.5545283488154196,2024-03-14,2024-03-14,2024-03-14,2024-03-14,0.28791153148219895,0.9351879018165921,-0.7051191167659843,-0.28384979156169665,2024-03-14,2024-03-14,2024-03-14,2024-03-14,2024-03-14,-1.7085256110713876,-1.7900294817058127,-3.239151734359269,-3.968374143421338,0.34979354229358606
2024-03-15,2024-03-18,2024-03-15,2024-03-15,2024-03-15,2024-03-18,2024-03-15,2024-03-15,2024-03-15,2024-03-15,19682.5,-1.28,246.37,623686651971,517,1147,142,-11716251664,-11698,26,-1.890846,-0.542263,-0.648292,-0.963264,2024-03-15,2024-03-15,2024-03-15,2024-03-15,0.06944603574132735,0.019999999999999574,0.040000000000000036,-0.41000000000000014,0.38016886083072077,0.06772416254920977,2024-03-15,2024-03-15,2024-03-15,2024-03-15,-0.2570085485313123,-1.9096912448508419,-1.4194927208306396,0.21812295689636052,2024-03-15,2024-03-15,2024-03-15,2024-03-15,2024-03-15,-0.7170744564376608,-0.73818022711023,-0.12167090194183938,2.138351359032309,-2.1207779471828836
2024-03-18,2024-03-19,2024-03-18,2024-03-18,2024-03-18,2024-03-19,2024-03-18,2024-03-18,2024-03-18,2024-03-18,19879.85,1,249.63,476822427140,1051,605,151,-8634473075,-10404,-45,-0.248209,-0.002309,0.631806,0.815619,2024-03-18,2024-03-18,2024-03-18,2024-03-18,-0.5551694972461885,0.03000000000000025,0.010000000000000675,-0.39000000000000057,0.24646821955720544,0.14502709604207187,2024-03-18,2024-03-18,2024-03-18,2024-03-18,2.6682090785532075,0.7124536670298998,0.09705533029882307,0.9394995267283157,2024-03-18,2024-03-18,2024-03-18,2024-03-18,2024-03-18,-0.07770989815965024,0.20198423099666574,0.7035803356058246,-0.21459419415288394,0.1408304066223165
2024-03-19,2024-03-20,2024-03-19,2024-03-19,2024-03-19,2024-03-20,2024-03-19,2024-03-19,2024-03-19,2024-03-19,19857.2,-0.11,251.01,551554791089,818,829,164,-21569097673,-10976,-10,-1.295378,-0.941442,0.564915,0.393331,2024-03-19,2024-03-19,2024-03-19,2024-03-19,-3.5589688178444767,-0.040000000000000036,-0.05000000000000071,-0.3799999999999999,0.11802450064548609,0.22204646019816643,2024-03-19,2024-03-19,2024-03-19,2024-03-19,0.6621973660529523,-1.1046884790124278,-1.2405878821225014,-0.7187437394389873,2024-03-19,2024-03-19,2024-03-19,2024-03-19,2024-03-19,-0.8371846203912847,-0.21989908842925399,1.0660796720779242,-4.841330198285032,0.06223811031951243
2024-03-20,2024-03-21,2024-03-20,2024-03-20,2024-03-20,2024-03-21,2024-03-20,2024-03-20,2024-03-20,2024-03-20,19784.45,-0.37,250.56,586491541942,634,1021,156,-26975893925,-4788,149,1.393939,1.599261,0.890417,1.253311,2024-03-20,2024-03-20,2024-03-20,2024-03-20,-5.643992403728582,-0.03000000000000025,-0.08999999999999986,-0.3200000000000003,0.2825426998389391,-0.3853134629529298,2024-03-19,2024-03-20,2024-03-20,2024-03-20,0.6621973660529523,1.2789080406100384,0.08221579483815855,0.21662386143497248,2024-03-20,2024-03-20,2024-03-20,2024-03-20,2024-03-20,1.7023447752900989,1.6023830052682042,1.0895087080731392,-0.9315414278818657,3.068631024700119
2024-03-21,2024-03-22,2024-03-21,2024-03-21,2024-03-21,2024-03-22,2024-03-21,2024-03-21,2024-03-21,2024-03-21,20199.09,2.1,252.21,554644422936,1134,515,154,18364211663,4132,-54,1.974404,2.291052,0.323654,0.198112,2024-03-21,2024-03-21,2024-03-21,2024-03-21,-0.9202445238506662,0.0,0.03000000000000025,-0.35000000000000053,0.10021719335595591,0.5705408732199935,2024-03-21,2024-03-21,2024-03-21,2024-03-21,2.0299637083457833,2.4058308276944107,1.9345217715310392,-0.11964687319296896,2024-03-21,2024-03-21,2024-03-21,2024-03-21,2024-03-21,2.145609341355348,2.2685184259416458,1.1762447342767768,-0.5842113596606135,5.6426368838060625
2024-03-22,2024-03-25,2024-03-22,2024-03-22,2024-03-22,2024-03-25,2024-03-22,2024-03-22,2024-03-22,2024-03-22,20228.43,0.15,251.17,558349869400,819,801,183,2436810139,-5442,-8,0.78164,0.211926,-0.140219,0.164497,2024-03-22,2024-03-22,2024-03-22,2024-03-22,1.0835939821674634,-0.04999999999999982,-0.03000000000000025,-0.3700000000000001,0.3803263646266597,0.41346183189978625,2024-03-22,2024-03-22,2024-03-22,2024-03-22,0.17828826232730854,-0.22868852074020563,-2.1563586450491057,-1.0077961460021045,2024-03-22,2024-03-22,2024-03-22,2024-03-22,2024-03-22,0.11990597799231839,0.5876902679521789,3.1213473860718155,0.5428706405105066,0.4057841676030849
2024-03-25,2024-03-26,2024-03-25,2024-03-25,2024-03-25,2024-03-26,2024-03-25,2024-03-25,2024-03-25,2024-03-25,20192.25,-0.18,252.27,438747858456,1026,626,164,-9264465264,-5186,9,-0.220576,-0.341659,-0.305496,-0.26995,2024-03-25,2024-03-25,2024-03-25,2024-03-25,0.9953993613303291,0.03000000000000025,-0.04999999999999982,-0.29000000000000004,0.16309646746559547,-0.19151292507683104,2024-03-25,2024-03-25,2024-03-25,2024-03-25,-1.1600068708312428,-0.3998453735807317,-0.15655094996537278,-0.5427359727609327,2024-03-25,2024-03-25,2024-03-25,2024-03-25,2024-03-25,-0.39032585315379453,-0.24600138819856898,0.7561830387919466,-0.5677645690651101,-0.13963764335941375
2024-03-26,2024-03-27,2024-03-26,2024-03-26,2024-03-26,2024-03-27,2024-03-26,2024-03-26,2024-03-26,2024-03-26,20126.49,-0.33,248.49,564492084881,391,1293,124,-5425339719,-6476,-45,-0.991228,-0.809781,-0.27998,-0.41973,2024-03-26,2024-03-26,2024-03-26,2024-03-26,0.3790765149775055,-0.009999999999999787,0.019999999999999574,-0.3199999999999994,-0.6294041552667218,0.05756265629992541,2024-03-26,2024-03-26,2024-03-26,2024-03-26,-0.039812430196550785,0.7130418233622926,0.8782496279567731,0.5102443213533148,2024-03-26,2024-03-26,2024-03-26,2024-03-26,2024-03-26,-0.7525503790745902,-0.9291882126728934,-2.569421612511691,-0.4254659042995601,-1.4864104342937168
2024-03-27,2024-03-28,2024-03-27,2024-03-27,2024-03-27,2024-03-28,2024-03-27,2024-03-27,2024-03-27,2024-03-27,20200.12,0.37,250.94,453458617737,1163,474,164,-6891366447,-3340,-16,-1.548541,0.990756,0.863063,0.513734,2024-03-27,2024-03-27,2024-03-27,2024-03-27,-3.4743205898720597,-0.040000000000000036,-0.019999999999999574,-0.33999999999999986,0.4767770651749492,0.057529540768097576,2024-03-27,2024-03-27,2024-03-27,2024-03-27,0.9027648315163894,-0.07181413757374466,-1.3568186465896748,-1.1558366402116382,2024-03-27,2024-03-27,2024-03-27,2024-03-27,2024-03-27,1.256275902560633,-0.035561110646131766,-2.4967287345075917,0.9669990824309194,-0.9583256026521991
2024-03-28,2024-03-29,2024-03-28,2024-03-28,2024-03-28,2024-03-29,2024-03-28,2024-03-28,2024-03-28,2024-03-28,20146.55,-0.27,250.58,518389689168,748,849,190,-23763196359,-5729,9,-0.468212,0.107343,0.111649,-0.122318,2024-03-28,2024-03-28,2024-03-28,2024-03-28,1.7996909289228258,0.0,0.04999999999999982,-0.3899999999999997,0.29512331100887135,0.19166706330744354,2024-03-28,2024-03-28,2024-03-28,2024-03-28,-1.4588329815292567,-0.3371930231562792,0.9063718034288515,0.5187271195924437,2024-03-28,2024-03-28,2024-03-28,2024-03-28,2024-03-28,0.10634770513699987,0.04446889758862316,0.11745463447887516,0.5011465970410134,0.5065474069847697
2024-03-29,2024-04-01,2024-03-29,2024-03-29,2024-03-29,2024-04-01,2024-03-28,2024-03-28,2024-03-28,2024-03-28,20294.45,0.73,252.11,562341157535,671,934,200,402004409,-754,65,-0.468212,0.107343,0.111649,-0.122318,2024-03-28,2024-03-28,2024-03-31,2024-03-28,1.7996909289228258,0.0,0.04999999999999982,-0.3899999999999997,-0.26266618358599114,0.19166706330744354,2024-03-29,2024-03-29,2024-03-28,2024-03-29,0.501321303670732,0.029492626354388207,0.9063718034288515,0.4691907807679696,2024-03-28,2024-03-28,2024-03-28,2024-03-28,2024-03-28,0.10634770513699987,0.04446889758862316,0.11745463447887516,0.5011465970410134,0.5065474069847697
2024-04-01,2024-04-02,2024-04-01,2024-04-01,2024-04-01,2024-04-02,2024-04-01,2024-04-01,2024-04-01,2024-04-01,20222.33,-0.36,254.03,422930136928,1212,463,139,-2622082264,-4323,74,3.998532,1.15979,-0.201358,0.106048,2024-04-01,2024-04-01,2024-04-01,2024-04-01,4.919288073705452,0.1299999999999999,0.1299999999999999,-0.3899999999999997,0.25364619011380984,0.44953952901936045,2024-04-01,2024-04-01,2024-03-28,2024-04-01,-1.4029214741928975,0.04479033076401073,0.9063718034288515,1.6443887229375065,2024-04-01,2024-04-01,2024-04-01,2024-04-01,2024-04-01,1.0534724247973415,1.3111679968965673,0.0077428776924293174,1.5790297290641409,1.8748919983140988
2024-04-02,2024-04-03,2024-04-02,2024-04-02,2024-04-02,2024-04-03,2024-04-02,2024-04-02,2024-04-02,2024-04-02,20466.57,1.21,254.79,491149482570,711,901,192,7105343555,3312,-70,-0.897593,-1.514684,-0.723906,-0.95372,2024-04-02,2024-04-02,2024-04-02,2024-04-02,7.03296750897886,0.03000000000000025,-0.019999999999999574,-0.33999999999999986,0.07497134359799595,-0.19043701641119348,2024-04-02,2024-04-02,2024-04-02,2024-04-02,0.08999379857346224,0.19287025104317568,2.3583199702168045,-0.4163356030120524,2024-04-02,2024-04-02,2024-04-02,2024-04-02,2024-04-02,-1.5418327750363225,-1.2854294565182722,-1.0081510063399746,-2.5308167788424374,-0.8516832966740884
2024-04-03,2024-04-08,2024-04-03,2024-04-03,2024-04-03,2024-04-08,2024-04-05,2024-04-05,2024-04-05,2024-04-05,20337.6,-0.63,254.92,454324969123,603,1041,163,-18189110047,-7466,102,1.21724,1.325886,1.109919,1.242685,2024-04-05,2024-04-05,2024-04-07,2024-04-05,-1.9571846321599473,0.08000000000000007,0.08000000000000007,-0.34000000000000075,0.19719823058421682,0.17287773763690062,2024-04-05,2024-04-05,2024-04-05,2024-04-03,-1.9637938762850693,-1.0134952247447093,-0.007053395959077946,-0.35970494594300684,2024-04-05,2024-04-05,2024-04-05,2024-04-05,2024-04-05,1.1870547952362864,1.250625316127696,2.4480583033000824,2.7678925931429843,1.6645109404648917
2024-04-08,2024-04-09,2024-04-08,2024-04-08,2024-04-08,2024-04-09,2024-04-08,2024-04-08,2024-04-08,2024-04-08,20417.7,0.39,255.93,484669641097,963,684,168,-12366934651,-5854,58,1.011596,0.129904,-0.037463,0.033483,2024-04-08,2024-04-08,2024-04-08,2024-04-08,-5.240181349224815,0.03000000000000025,0.04999999999999982,-0.3600000000000003,-0.1195805343893186,-0.15340714997867932,2024-04-08,2024-04-08,2024-04-08,2024-04-08,0.9103411630487335,0.12673822054141137,0.05339470376390931,-0.879817710890507,2024-04-08,2024-04-08,2024-04-08,2024-04-08,2024-04-08,0.25718181332490264,0.18864452483682292,-0.9942277609286565,-0.3051310163408316,-0.24860766946059876
2024-04-09,2024-04-10,2024-04-09,2024-04-09,2024-04-09,2024-04-10,2024-04-09,2024-04-09,2024-04-09,2024-04-09,20796.2,1.85,254.93,534992493416,971,700,146,20598666882,5164,-47,1.82786,0.941269,0.144549,0.324104,2024-04-09,2024-04-09,2024-04-09,2024-04-09,-1.3824887685854326,-0.05999999999999961,-0.040000000000000036,-0.3799999999999999,-0.33236826467953895,0.009604509591976118,2024-04-09,2024-04-09,2024-04-09,2024-04-09,1.0829019257921457,-0.45958790437294894,0.5690644770490971,-0.08256740444601007,2024-04-09,2024-04-09,2024-04-09,2024-04-09,2024-04-09,1.0756073008431066,0.4662461025306319,-2.041714266651151,0.5179546288557546,-0.15118318141353893
2024-04-10,2024-04-11,2024-04-10,2024-04-10,2024-04-10,2024-04-11,2024-04-10,2024-04-10,2024-04-10,2024-04-10,20763.53,-0.16,255.93,514515816607,954,691,165,-257684542,-1710,-135,0.563967,-1.65188,-0.945698,-0.835729,2024-04-10,2024-04-10,2024-04-10,2024-04-10,5.473969783420429,0.1899999999999995,0.22999999999999954,-0.41999999999999993,0.6782125595073074,1.0561675064860943,2024-04-10,2024-04-09,2024-04-10,2024-04-10,-0.48102907103678705,-0.45958790437294894,1.8486944943646444,-0.8144930189816657,2024-04-10,2024-04-10,2024-04-10,2024-04-10,2024-04-10,-1.8255447311011253,-0.8701526791259906,1.974137429397893,-2.1313967769448827,-0.8777623585058181
2024-04-11,2024-04-12,2024-04-11,2024-04-11,2024-04-11,2024-04-12,2024-04-11,2024-04-11,2024-04-11,2024-04-11,20753.22,-0.05,254.66,518583178895,509,1176,113,-5198349976,-12964,16,0.67022,2.421953,0.74448,1.681093,2024-04-11,2024-04-11,2024-04-11,2024-04-11,-5.632913497334324,0.009999999999999787,-0.040000000000000036,-0.3700000000000001,0.1289503566611172,0.028502403132413257,2024-04-11,2024-04-11,2024-04-11,2024-04-11,-0.35162538662262266,0.06654130944596659,-0.2575423734125115,-0.013409688914722828,2024-04-11,2024-04-11,2024-04-11,2024-04-11,2024-04-11,2.2586038384825757,2.322756607643117,4.109647157492002,2.010291146716159,4.544116024815259
2024-04-12,2024-04-15,2024-04-12,2024-04-12,2024-04-12,2024-04-15,2024-04-12,2024-04-12,2024-04-12,2024-04-12,20736.57,-0.08,256.43,563022595112,839,811,162,-7467475056,-12009,-261,-3.179343,-3.287977,-1.455069,-1.624536,2024-04-12,2024-04-12,2024-04-14,2024-04-12,16.09657708311001,-0.05999999999999961,-0.04999999999999982,-0.3799999999999999,0.09155415847534876,0.7218865359446713,2024-04-12,2024-04-12,2024-04-12,2024-04-12,0.20516349250538912,-0.9287131298912232,-2.1839087682537506,-0.8104439885080583,2024-04-12,2024-04-12,2024-04-12,2024-04-12,2024-04-12,-3.282030361653665,-2.91672383706022,-2.6816460417505072,-4.234604821526755,-2.7769370944438765
2024-04-15,2024-04-16,2024-04-15,2024-04-15,2024-04-15,2024-04-16,2024-04-15,2024-04-15,2024-04-15,2024-04-15,20449.77,-1.38,252.5,548379306232,404,1305,102,-27875360290,-17803,-216,-1.669944,-1.389863,-1.202135,-1.793315,2024-04-15,2024-04-15,2024-04-15,2024-04-15,11.091855202373434,0.1299999999999999,0.04999999999999982,-0.2999999999999998,0.4179325060941874,0.16031513341907555,2024-04-15,2024-04-15,2024-04-15,2024-04-15,-0.7356373459692644,-0.42471666362456917,-0.7249776762380034,2.107116218882843,2024-04-15,2024-04-15,2024-04-15,2024-04-15,2024-04-15,-1.2656530806281485,-1.504437273707615,-2.4777148670937943,-1.8128316249433007,-2.4834997389452496
2024-04-16,2024-04-17,2024-04-16,2024-04-16,2024-04-16,2024-04-17,2024-04-16,2024-04-16,2024-04-16,2024-04-16,19901.96,-2.68,245.52,591258981568,113,1653,44,-39494347804,-18386,-23,-0.242612,0.88542,-0.205651,-0.124454,2024-04-16,2024-04-16,2024-04-16,2024-04-16,-4.316172352906522,0.040000000000000036,0.040000000000000036,-0.2999999999999998,0.33683409634026606,0.04707942019475109,2024-04-16,2024-04-16,2024-04-16,2024-04-16,-1.9412367899667826,-2.2767887712661805,-2.117358139998937,-1.0698538738856733,2024-04-16,2024-04-16,2024-04-16,2024-04-16,2024-04-16,0.7570502537249446,0.8281206508572669,1.644168642080257,1.9585823641451894,1.4015561359380202
2024-04-17,2024-04-18,2024-04-17,2024-04-17,2024-04-17,2024-04-18,2024-04-17,2024-04-17,2024-04-17,2024-04-17,20213.33,1.56,250.33,475163922741,1502,220,92,-22215929501,-17952,-170,-0.55079,-3.245816,-0.57806,-1.146404,2024-04-17,2024-04-17,2024-04-17,2024-04-17,-1.0326116195473745,-0.08000000000000007,-0.040000000000000036,-0.33999999999999986,-0.4920221304314132,-0.291742124746841,2024-04-17,2024-04-17,2024-04-17,2024-04-17,-1.3241033496344201,-0.9752322097280164,0.01766337949911101,1.5462287783887918,2024-04-17,2024-04-17,2024-04-17,2024-04-17,2024-04-17,-3.033097518670813,-3.084508876011549,-3.866610098973966,-5.77511443391211,-3.4934503832779518
2024-04-18,2024-04-19,2024-04-18,2024-04-18,2024-04-18,2024-04-19,2024-04-18,2024-04-18,2024-04-18,2024-04-18,20301.2,0.43,250.68,522232690613,948,704,150,-6659484739,-14700,-355,-4.862256,-1.655243,-0.220816,-0.522019,2024-04-18,2024-04-18,2024-04-18,2024-04-18,-1.1532075509642303,0.04999999999999982,0.05000000000000071,-0.34000000000000075,0.2408928500440055,0.18877261292835623,2024-04-18,2024-04-18,2024-04-18,2024-04-18,0.31057124549853654,1.9549729843763686,0.8247022993310038,0.1234124251106472,2024-04-18,2024-04-18,2024-04-18,2024-04-18,2024-04-18,-1.7731487529552337,-1.7749477975546601,0.7568202889319364,0.6882207045771915,-1.8430867858123423
2024-04-19,2024-04-22,2024-04-19,2024-04-19,2024-04-19,2024-04-22,2024-04-19,2024-04-19,2024-04-19,2024-04-19,19527.12,-3.81,242.42,774805617491,191,1568,49,-85752593505,-19777,26,-3.455059,-4.115133,-0.875855,-2.047817,2024-04-19,2024-04-19,2024-04-21,2024-04-19,3.9444393581814285,-0.019999999999999574,-0.010000000000000675,-0.34999999999999964,0.2717815335421703,0.0,2024-04-19,2024-04-19,2024-04-19,2024-04-19,-2.655870915472003,-1.6259856736606904,-0.9870058817113891,-0.7882832745208734,2024-04-19,2024-04-19,2024-04-19,2024-04-19,2024-04-19,-3.9878068520771137,-4.515169414023901,-10.004607137666376,-5.442353844308601,-4.311393509351746
2024-04-22,2024-04-23,2024-04-22,2024-04-22,2024-04-22,2024-04-23,2024-04-22,2024-04-22,2024-04-22,2024-04-22,19411.22,-0.59,236.73,548208106700,662,1024,129,-12953892110,-16400,156,1.605327,1.74256,0.873125,1.107837,2024-04-22,2024-04-22,2024-04-22,2024-04-22,-9.460174436266822,0.0,0.0,-0.34999999999999964,0.2430425847365969,-0.06594412983325082,2024-04-22,2024-04-22,2024-04-22,2024-04-22,0.9988515725489311,1.4499175274454101,1.7723578008969731,-0.3038126198632196,2024-04-22,2024-04-22,2024-04-22,2024-04-22,2024-04-22,1.648270720561107,1.9125533006312256,4.354331924331611,1.3638843482845608,1.6393974177307369
2024-04-23,2024-04-24,2024-04-23,2024-04-23,2024-04-23,2024-04-24,2024-04-23,2024-04-23,2024-04-23,2024-04-23,19599.28,0.97,239.26,394856878724,1285,394,133,1483562578,-12505,202,2.836218,2.2109,1.196458,1.587762,2024-04-23,2024-04-23,2024-04-23,2024-04-23,-7.378990048797274,-0.009999999999999787,-0.10999999999999943,-0.25,-0.24398701951591217,-0.3676464771084409,2024-04-23,2024-04-23,2024-04-23,2024-04-23,0.3032986084302136,-0.2441554862655071,1.9213069339488964,-0.6989700168006152,2024-04-23,2024-04-23,2024-04-23,2024-04-23,2024-04-23,2.087668044543012,2.354447186830866,3.6532594655278805,2.442145383287242,2.0196654770362255
2024-04-24,2024-04-25,2024-04-24,2024-04-24,2024-04-24,2024-04-25,2024-04-24,2024-04-24,2024-04-24,2024-04-24,20131.74,2.72,244.93,496792287784,1308,361,142,29866861839,-13333,-200,-0.344744,1.058328,0.021301,0.102636,2024-04-24,2024-04-24,2024-04-24,2024-04-24,1.7845805872141796,0.040000000000000036,0.02999999999999936,-0.23999999999999932,0.3808770229507319,0.16084602613153365,2024-04-24,2024-04-24,2024-04-24,2024-04-24,2.4177516419089162,2.010277469333732,2.212498659534856,0.43922362581509944,2024-04-24,2024-04-24,2024-04-24,2024-04-24,2024-04-24,1.2969341002925017,0.11549096768550537,-3.33158788660588,-0.3480651240729826,0.610796192821006
2024-04-25,2024-04-26,2024-04-25,2024-04-25,2024-04-25,2024-04-26,2024-04-25,2024-04-25,2024-04-25,2024-04-25,19857.42,-1.36,242.65,427185009353,594,1023,183,-24632605202,-17160,250,2.714899,1.962791,-0.457643,-0.642728,2024-04-25,2024-04-25,2024-04-25,2024-04-25,-3.757046784203688,0.04999999999999982,0.07000000000000028,-0.2599999999999998,-0.2951578331521709,-0.24560942256884877,2024-04-25,2024-04-25,2024-04-25,2024-04-25,-2.1622360036482657,-1.7613709357189533,0.4840894510647731,0.24590704906273242,2024-04-25,2024-04-25,2024-04-25,2024-04-25,2024-04-25,1.8557641222643584,1.9996172833883108,3.708726180225952,1.331217174473398,2.9916791266594744
2024-04-26,2024-04-29,2024-04-26,2024-04-26,2024-04-26,2024-04-29,2024-04-26,2024-04-26,2024-04-26,2024-04-26,20120.51,1.32,245.36,501409361606,966,630,219,20505183224,-13888,76,1.259336,2.605611,1.020914,2.025016,2024-04-26,2024-04-26,2024-04-28,2024-04-26,-2.2121025056567434,-0.03000000000000025,0.0,-0.29000000000000004,0.08607137638918516,0.32197345852091885,2024-04-26,2024-04-26,2024-04-26,2024-04-26,0.81396125005464,1.0541637704252427,2.1210361861508265,1.529340159599979,2024-04-26,2024-04-26,2024-04-26,2024-04-26,2024-04-26,2.1138318143986368,2.5636204145342845,6.175569503917644,2.3673253900165836,3.835691882376646
2024-04-29,2024-04-30,2024-04-29,2024-04-29,2024-04-29,2024-04-30,2024-04-29,2024-04-29,2024-04-29,2024-04-29,20495.52,1.86,248.72,488997444656,1351,353,110,34255519763,-15041,-45,0.144611,0.6441,0.317845,0.346434,2024-04-29,2024-04-29,2024-04-29,2024-04-29,-2.3952073391426465,-0.040000000000000036,0.009999999999999787,-0.33999999999999986,-0.3839184473235724,-0.3398155579151241,2024-04-26,2024-04-29,2024-04-29,2024-04-29,0.81396125005464,1.1711595459254598,0.5425128872952101,1.105940466597688,2024-04-29,2024-04-29,2024-04-29,2024-04-29,2024-04-29,0.760723467821256,0.34001355230626196,0.02507912882550034,1.7789092505297477,-0.40548347805533513
2024-04-30,2024-05-02,2024-04-30,2024-04-30,2024-04-30,2024-05-02,2024-05-01,2024-05-01,2024-05-01,2024-05-01,20396.6,-0.48,248.53,434501403175,758,890,162,2339635762,-13735,-142,-1.747484,-3.543955,-0.343544,-0.334273,2024-05-01,2024-05-01,2024-05-01,2024-05-01,-1.6613372622684919,-0.0600000000000005,-0.08000000000000007,-0.33000000000000007,-0.4225153435658102,-0.4330625863173121,2024-05-01,2024-04-30,2024-04-30,2024-04-30,-0.342682236067704,0.17191517906378628,0.09082787078471544,-0.5386452755357762,2024-05-01,2024-05-01,2024-05-01,2024-05-01,2024-05-01,-3.378667601632024,-2.9146575464117697,-3.889956302418307,-8.90895326136133,-4.415229147061728
2024-05-02,2024-05-03,2024-05-02,2024-05-02,2024-05-02,2024-05-03,2024-05-02,2024-05-02,2024-05-02,2024-05-02,20222.44,-0.85,250.2,455885997315,996,637,179,-18100909786,-17541,221,0.955975,2.166745,0.912844,1.508954,2024-05-02,2024-05-02,2024-05-02,2024-05-02,-4.613385460092079,-0.04999999999999982,-0.08999999999999986,-0.29000000000000004,-0.4002988704028487,-0.4349461754739048,2024-05-02,2024-05-02,2024-05-02,2024-04-30,-0.09923294758391599,-0.31240596669277476,2.500145414825883,-0.5386452755357762,2024-05-02,2024-05-02,2024-05-02,2024-05-02,2024-05-02,2.2489888173796047,2.0110620895048115,3.342928149131552,1.3100432062641998,-0.3451722991710149
2024-05-03,2024-05-06,2024-05-03,2024-05-03,2024-05-03,2024-05-06,2024-05-03,2024-05-03,2024-05-03,2024-05-03,20330.32,0.53,249.99,477248280983,658,962,191,16697951027,-19457,300,3.912502,2.406763,1.255674,1.990852,2024-05-03,2024-05-03,2024-05-05,2024-05-03,-8.106270499449886,-0.08000000000000007,-0.0600000000000005,-0.3099999999999996,-0.21362587285993495,-0.2564143063967683,2024-05-02,2024-05-03,2024-05-03,2024-04-30,-0.09923294758391599,-0.2615847739721566,1.4762845644161304,-0.5386452755357762,2024-05-03,2024-05-03,2024-05-03,2024-05-03,2024-05-03,2.25154648520971,2.688297401810269,3.4631833734197315,3.037768425123044,3.1923869291867746
2024-05-06,2024-05-07,2024-05-06,2024-05-06,2024-05-06,2024-05-07,2024-05-06,2024-05-06,2024-05-06,2024-05-06,20523.31,0.95,250.79,477426448908,975,671,166,21662798874,-18758,142,0.897149,2.210688,1.032612,1.194083,2024-05-06,2024-05-06,2024-05-06,2024-05-06,0.0,-0.009999999999999787,0.010000000000000675,-0.33000000000000007,-0.043067197592394635,0.01904624649475828,2024-05-02,2024-05-03,2024-05-06,2024-05-06,-0.09923294758391599,-0.2615847739721566,0.5541313223261124,1.4840234222306847,2024-05-06,2024-05-06,2024-05-06,2024-05-06,2024-05-06,2.077071532218344,2.2688662739827725,3.77411376355159,3.439570030442596,2.5193519536225173
2024-05-07,2024-05-08,2024-05-07,2024-05-07,2024-05-07,2024-05-08,2024-05-07,2024-05-07,2024-05-07,2024-05-07,20653.53,0.63,250.67,484133363924,693,984,133,6994113129,-19225,-21,-1.20423,-0.737904,0.134343,-0.102087,2024-05-07,2024-05-07,2024-05-07,2024-05-07,-1.927355324634561,-0.020000000000000462,0.0,-0.35000000000000053,0.31243083104899316,0.34269452631447983,2024-05-07,2024-05-07,2024-05-07,2024-05-07,1.566665311325588,2.1568250799290256,-0.5325117823738013,0.030895682453513373,2024-05-07,2024-05-07,2024-05-07,2024-05-07,2024-05-07,-0.8837111011872234,-0.8712455460363921,-1.7212921051250052,-0.8666106779396388,-0.5494891960730608
2024-05-08,2024-05-09,2024-05-08,2024-05-08,2024-05-08,2024-05-09,2024-05-08,2024-05-08,2024-05-08,2024-05-08,20700.51,0.23,250.59,482138978183,810,832,171,2385939546,-15603,-2,1.764585,0.114945,-0.000584,-0.182456,2024-05-08,2024-05-08,2024-05-08,2024-05-08,-1.7384697671535276,0.010000000000000675,0.019999999999999574,-0.35999999999999943,-0.09516764309563941,0.1328141398203586,2024-05-08,2024-05-08,2024-05-08,2024-05-08,-1.629274659502833,0.39094855784482796,-0.8956461898969481,-0.7868259170010883,2024-05-08,2024-05-08,2024-05-08,2024-05-08,2024-05-08,0.09601364758442532,0.30353743574222936,-0.15681062092860465,-0.5245079304603162,1.7082194485239066
2024-05-09,2024-05-10,2024-05-09,2024-05-09,2024-05-09,2024-05-10,2024-05-09,2024-05-09,2024-05-09,2024-05-09,20560.77,-0.68,247.44,487016894985,486,1181,145,-20782452326,-17216,88,-0.564076,-0.638986,0.509095,0.266826,2024-05-09,2024-05-09,2024-05-09,2024-05-09,-2.3846186124361513,-0.03000000000000025,-0.040000000000000036,-0.34999999999999964,0.01793319460277054,-0.3031735533605806,2024-05-09,2024-05-09,2024-05-09,2024-05-09,-0.3360802518904471,-1.1988909369448297,1.222850778141904,0.9459506081658686,2024-05-09,2024-05-09,2024-05-09,2024-05-09,2024-05-09,-0.374562430243075,-0.6413722710440717,-1.8415706635392604,-0.8006742394443989,-1.4863782812348014
2024-05-10,2024-05-13,2024-05-10,2024-05-10,2024-05-10,2024-05-13,2024-05-10,2024-05-10,2024-05-10,2024-05-10,20708.84,0.72,247.65,490672571517,940,718,162,16603533576,-14869,136,4.531131,1.01391,0.16494,-0.032972,2024-05-10,2024-05-10,2024-05-12,2024-05-10,-1.1032261172400193,0.04999999999999982,0.07000000000000028,-0.3700000000000001,0.26346452966479195,0.07601843495985694,2024-05-10,2024-05-10,2024-05-10,2024-05-10,0.40744073600953445,0.5711353708842237,2.2973001021244777,0.04693525759229544,2024-05-10,2024-05-10,2024-05-10,2024-05-10,2024-05-10,0.9812009765065133,1.5092314704518994,1.2744055383280717,-0.3084199898848783,2.077858424121337
2024-05-13,2024-05-14,2024-05-13,2024-05-13,2024-05-13,2024-05-14,2024-05-13,2024-05-13,2024-05-13,2024-05-13,20857.71,0.72,247.12,482243581993,742,941,133,15887457287,-14517,2,-1.909414,0.313227,-0.02413,0.289887,2024-05-13,2024-05-13,2024-05-13,2024-05-13,8.366535257186957,-0.019999999999999574,-0.020000000000000462,-0.3699999999999992,-0.16192227613095467,-0.08545849394835381,2024-05-13,2024-05-13,2024-05-13,2024-05-13,-0.12987076683630416,-0.015395119317540562,0.7982673292820097,-0.0433706066617634,2024-05-13,2024-05-13,2024-05-13,2024-05-13,2024-05-13,0.20885917344948268,-0.017916947772100844,0.5796788231795746,-0.8952084167610064,0.35339758785652986
2024-05-14,2024-05-15,2024-05-14,2024-05-14,2024-05-14,2024-05-15,2024-05-14,2024-05-14,2024-05-14,2024-05-14,20985.85,0.61,247.95,535587887278,853,786,176,21921363410,-10044,164,3.78389,1.676111,0.483781,0.750169,2024-05-14,2024-05-14,2024-05-14,2024-05-14,-1.3235316185802093,-0.03000000000000025,-0.040000000000000036,-0.35999999999999943,-0.17854125279843647,-0.1995809561265549,2024-05-14,2024-05-14,2024-05-14,2024-05-14,0.4625462275098524,0.11477396305963339,-0.21631953125965664,-0.2084730959583836,2024-05-14,2024-05-14,2024-05-14,2024-05-14,2024-05-14,1.6628899953297083,1.7110129079134229,1.0586408151119109,1.7268903730579321,3.1790406623416922
2024-05-15,2024-05-16,2024-05-15,2024-05-15,2024-05-15,2024-05-16,2024-05-15,2024-05-15,2024-05-15,2024-05-15,21147.21,0.77,248.35,558608476907,853,792,174,26693469933,-3481,210,2.388947,2.878302,1.171593,1.40033,2024-05-15,2024-05-15,2024-05-15,2024-05-15,-7.228019832446108,-0.08999999999999986,-0.07999999999999918,-0.3700000000000001,-0.8739389928487662,-0.6285150449317656,2024-05-15,2024-05-14,2024-05-14,2024-05-15,0.07735903032757285,0.11477396305963339,-0.21631953125965664,-0.8474040502755908,2024-05-15,2024-05-15,2024-05-15,2024-05-15,2024-05-15,2.8078634348890352,3.0033433197273363,3.5837759371930344,4.250453350208727,4.068026180415774
2024-05-16,2024-05-17,2024-05-16,2024-05-16,2024-05-16,2024-05-17,2024-05-16,2024-05-16,2024-05-16,2024-05-16,21304.26,0.74,250.36,601216739084,1122,537,162,48378526782,-8488,-87,-2.153237,-0.545879,-0.208167,-0.263226,2024-05-16,2024-05-16,2024-05-16,2024-05-16,-0.24096171430353364,0.019999999999999574,0.04999999999999982,-0.40000000000000036,0.28877622974334827,0.10541505698138387,2024-05-16,2024-05-16,2024-05-16,2024-05-16,1.3925259294861325,0.8299300226324968,1.5876216241677454,0.39436878035801204,2024-05-16,2024-05-16,2024-05-16,2024-05-16,2024-05-16,-0.4898794345959412,-0.7268050417284511,-0.28637440728680463,1.8475587036212104,-1.6739013378971102
2024-05-17,2024-05-20,2024-05-17,2024-05-17,2024-05-17,2024-05-20,2024-05-17,2024-05-17,2024-05-17,2024-05-17,21258.47,-0.21,251.32,479860402305,933,721,165,1342685543,-9648,53,-0.361297,-0.687987,0.116477,-0.073957,2024-05-17,2024-05-17,2024-05-19,2024-05-17,-3.4621602458483336,0.040000000000000036,0.04999999999999982,-0.41000000000000014,0.12515050063168776,-0.009575087419233519,2024-05-17,2024-05-17,2024-05-17,2024-05-17,-0.3414232243869608,-1.0308711519251723,0.91388955891889,1.0331357934774577,2024-05-17,2024-05-17,2024-05-17,2024-05-17,2024-05-17,-0.5663447900114971,-0.8397919784111085,-1.9923959131691982,1.1376252361725125,-1.1925180465577112
2024-05-20,2024-05-21,2024-05-20,2024-05-20,2024-05-20,2024-05-21,2024-05-20,2024-05-20,2024-05-20,2024-05-20,21271.63,0.06,251.14,511123163567,848,817,152,-6551090254,-9254,64,1.232866,2.153916,0.091639,0.652635,2024-05-20,2024-05-20,2024-05-20,2024-05-20,1.334444123990064,0.020000000000000462,-0.009999999999999787,-0.3799999999999999,0.12995161060771476,0.11489013890684241,2024-05-20,2024-05-20,2024-05-20,2024-05-20,0.7278160814432111,0.6430171780684724,0.42248633764065957,0.3531836947513689,2024-05-20,2024-05-20,2024-05-20,2024-05-20,2024-05-20,2.199434320387894,2.062975027144409,2.488135247005574,1.1309056949878826,1.343084825713592
2024-05-21,2024-05-22,2024-05-21,2024-05-21,2024-05-21,2024-05-22,2024-05-21,2024-05-21,2024-05-21,2024-05-21,21236.75,-0.16,251.27,447918869574,752,898,167,-3182449784,-8235,29,0.078147,-0.313342,0.250187,0.224771,2024-05-21,2024-05-21,2024-05-21,2024-05-21,-2.3868310366918943,-0.03000000000000025,0.0,-0.41000000000000014,0.09004381018689056,0.08607054370071143,2024-05-21,2024-05-21,2024-05-21,2024-05-21,-0.31418225330184235,-0.6549615133097486,-2.116504844712097,-0.4009810180754636,2024-05-21,2024-05-21,2024-05-21,2024-05-21,2024-05-21,-0.3215296311678606,-0.14042631108710513,0.6393783661343022,-1.0040270249269678,-1.048776695165321
2024-05-22,2024-05-23,2024-05-22,2024-05-22,2024-05-22,2024-05-23,2024-05-22,2024-05-22,2024-05-22,2024-05-22,21551.83,1.48,253.88,539400871639,1019,627,178,32110695758,-5663,-32,1.613845,1.032835,-0.270612,-0.184642,2024-05-22,2024-05-22,2024-05-22,2024-05-22,3.625635055846632,0.019999999999999574,0.040000000000000036,-0.4300000000000006,-0.033810014699131585,0.26753178817080503,2024-05-22,2024-05-22,2024-05-22,2024-05-22,-0.8468655363759181,-0.026428896812680236,-0.130170266977081,0.22550811881694166,2024-05-22,2024-05-22,2024-05-22,2024-05-22,2024-05-22,1.174147800449865,0.8181694225620761,-0.4570949944626812,0.5222887108130569,-0.49742649700968977
2024-05-23,2024-05-24,2024-05-23,2024-05-23,2024-05-23,2024-05-24,2024-05-23,2024-05-23,2024-05-23,2024-05-23,21607.43,0.26,251.96,618387919201,295,1445,83,16683514203,-8725,-184,0.601987,-0.016191,-0.738079,-0.389903,2024-05-23,2024-05-23,2024-05-23,2024-05-23,3.905618367782915,0.040000000000000036,0.04999999999999982,-0.4400000000000004,-0.0096243747411906,0.1619955831811959,2024-05-23,2024-05-23,2024-05-23,2024-05-23,1.258813240328882,-0.0605811125338529,-1.7029354567041022,-1.1578366560741737,2024-05-23,2024-05-23,2024-05-23,2024-05-23,2024-05-23,-0.561132160089628,1.3652356550676537,9.319649223007008,-3.0751640075486364,0.07541496313532292
2024-05-24,2024-05-27,2024-05-24,2024-05-24,2024-05-24,2024-05-27,2024-05-24,2024-05-24,2024-05-24,2024-05-24,21565.34,-0.19,254.61,504411825940,940,695,184,6062207208,-8402,87,1.852444,1.852133,0.700104,1.103964,2024-05-24,2024-05-24,2024-05-26,2024-05-24,-6.577917952048329,-0.009999999999999787,0.019999999999999574,-0.46999999999999975,-0.09869189434805747,-0.3710392801672513,2024-05-24,2024-05-24,2024-05-24,2024-05-24,-1.1689814537326315,-1.256882743506904,-1.3767314854494117,-1.106874865419949,2024-05-24,2024-05-24,2024-05-24,2024-05-24,2024-05-24,1.9835838859306287,1.8513831402793057,2.572277263090883,3.696321264911151,1.0442922046880687
2024-05-27,2024-05-28,2024-05-27,2024-05-27,2024-05-27,2024-05-28,2024-05-24,2024-05-24,2024-05-24,2024-05-24,21803.77,1.11,256.84,588991237254,1133,537,148,3390915790,-9297,30,1.852444,1.852133,0.700104,1.103964,2024-05-24,2024-05-24,2024-05-27,2024-05-24,-6.577917952048329,-0.009999999999999787,0.019999999999999574,-0.46999999999999975,-0.36968990725814166,-0.3710392801672513,2024-05-27,2024-05-27,2024-05-27,2024-05-27,0.6570135011165101,1.3167841677408365,1.1736840608255195,0.9504420586643025,2024-05-24,2024-05-24,2024-05-24,2024-05-24,2024-05-24,1.9835838859306287,1.8513831402793057,2.572277263090883,3.696321264911151,1.0442922046880687
2024-05-28,2024-05-29,2024-05-28,2024-05-28,2024-05-28,2024-05-29,2024-05-28,2024-05-28,2024-05-28,2024-05-28,21858.41,0.25,259.36,583821172605,1233,449,139,-2400437208,-10160,-32,-0.368748,1.856956,0.02488,0.585622,2024-05-28,2024-05-28,2024-05-28,2024-05-28,8.298405245544348,0.08000000000000007,0.010000000000000675,-0.40000000000000036,0.3236723675793307,-0.10504259842371022,2024-05-28,2024-05-28,2024-05-28,2024-05-28,-0.11477741666461316,-0.00513746207759791,-0.03287479785215597,-0.7299822963781288,2024-05-28,2024-05-28,2024-05-28,2024-05-28,2024-05-28,1.6893019871477177,2.280360046459795,6.98043475846295,3.1558066727209066,0.32745095063957397
2024-05-29,2024-05-30,2024-05-29,2024-05-29,2024-05-29,2024-05-30,2024-05-29,2024-05-29,2024-05-29,2024-05-29,21662.5,-0.9,259.75,602195384267,774,901,146,-27485567892,-15465,-174,-3.180483,-1.853191,-0.736705,-0.58344,2024-05-29,2024-05-29,2024-05-29,2024-05-29,10.526313070017856,0.07000000000000028,0.019999999999999574,-0.34999999999999964,0.6315619238836723,0.46840441727427073,2024-05-29,2024-05-29,2024-05-29,2024-05-29,-0.7682335584436428,-1.6728812528950199,-1.828529101117693,0.12052903438777296,2024-05-29,2024-05-29,2024-05-29,2024-05-29,2024-05-29,-2.065210677466589,-1.6731408973838957,0.8112272620587557,-3.7701772610522655,-1.5419971324343473
2024-05-30,2024-05-31,2024-05-30,2024-05-30,2024-05-30,2024-05-31,2024-05-30,2024-05-30,2024-05-30,2024-05-30,21364.48,-1.38,257.92,528030919679,438,1257,118,-43506845922,-14412,168,-0.894123,-0.882492,-0.597504,-1.084478,2024-05-30,2024-05-30,2024-05-30,2024-05-30,1.330535977664793,-0.0600000000000005,-0.040000000000000036,-0.3700000000000001,-0.0636234547158887,-0.3615578105945816,2024-05-30,2024-05-30,2024-05-30,2024-05-30,-1.3038977832967702,-1.5635194658214502,-1.3358239002459693,-0.5316135190525872,2024-05-30,2024-05-30,2024-05-30,2024-05-30,2024-05-30,-0.6945067524861681,-1.3759371903130369,-3.7665987922400723,0.9749307353167369,-1.9120255390258523
2024-05-31,2024-06-03,2024-05-31,2024-05-31,2024-05-31,2024-06-03,2024-05-31,2024-05-31,2024-05-31,2024-05-31,21174.22,-0.89,257.84,778198198499,1033,649,135,-33018811098,-14059,65,-1.255239,-0.964574,0.802788,-0.012311,2024-05-31,2024-05-31,2024-06-02,2024-05-31,-10.711818674023643,-0.040000000000000036,-0.03000000000000025,-0.3799999999999999,0.3356387546574968,-0.04774928492641273,2024-05-31,2024-05-31,2024-05-31,2024-05-31,1.1398750772054989,0.040982839640180124,-0.8259929416103096,-0.4003588027789662,2024-05-31,2024-05-31,2024-05-31,2024-05-31,2024-05-31,-0.8137999527613293,-0.7388486041832953,-0.7846124571373014,0.08995136220952826,-2.604692473462289
2024-06-03,2024-06-04,2024-06-03,2024-06-03,2024-06-03,2024-06-04,2024-06-03,2024-06-03,2024-06-03,2024-06-03,21536.76,1.71,260.45,511980536589,984,670,169,2901323619,-16699,-96,2.588721,0.568961,0.111608,0.559607,2024-06-03,2024-06-03,2024-06-03,2024-06-03,1.4705849788028802,-0.09999999999999964,-0.0699999999999994,-0.41000000000000014,-0.46419102039185756,-0.5063521434684803,2024-06-03,2024-06-03,2024-06-03,2024-06-03,1.1305704654324122,1.7447240930936747,1.7889196651960315,0.2466557441981987,2024-06-03,2024-06-03,2024-06-03,2024-06-03,2024-06-03,0.16238831320574132,1.247505012183625,4.895420728044075,-2.007184522010419,-0.5005406702933368
2024-06-04,2024-06-05,2024-06-04,2024-06-04,2024-06-04,2024-06-05,2024-06-04,2024-06-04,2024-06-04,2024-06-04,21356.62,-0.84,259.19,547203725343,629,1046,140,-20282805872,-19089,-25,-1.600514,-0.703342,0.150281,0.168646,2024-06-04,2024-06-04,2024-06-04,2024-06-04,0.3813897181103032,-0.08000000000000007,-0.05000000000000071,-0.4399999999999995,0.04487073545036413,-0.028806202681674886,2024-06-04,2024-06-04,2024-06-04,2024-06-04,-0.21984493435361907,-0.7612216023114016,0.22317135968965562,0.7501197318007691,2024-06-04,2024-06-04,2024-06-04,2024-06-04,2024-06-04,-0.780750815231035,-0.3614217346250337,1.2495621390964606,-2.176702838377287,0.6747849871710176
2024-06-05,2024-06-06,2024-06-05,2024-06-05,2024-06-05,2024-06-06,2024-06-05,2024-06-05,2024-06-05,2024-06-05,21484.88,0.6,259.43,486936232632,626,1014,173,-18732803654,-16446,327,6.853805,4.518329,1.184765,1.962678,2024-06-05,2024-06-05,2024-06-05,2024-06-05,-4.027353640702469,-0.040000000000000036,-0.04999999999999982,-0.4299999999999997,-0.23756310030170757,0.1536797923127997,2024-06-05,2024-06-05,2024-06-05,2024-06-05,-0.8942115527554195,1.0292589060746815,-0.103818715833226,-0.5774831017116844,2024-06-05,2024-06-05,2024-06-05,2024-06-05,2024-06-05,4.3730642740409165,4.8680945018420685,5.155582988186724,3.862736710791159,6.18190661367064
2024-06-06,2024-06-07,2024-06-06,2024-06-06,2024-06-06,2024-06-07,2024-06-06,2024-06-06,2024-06-06,2024-06-06,21902.7,1.94,259.38,559068844981,550,1113,149,21500210599,-10528,-59,-0.521723,-0.855732,-0.019982,-0.085998,2024-06-06,2024-06-06,2024-06-06,2024-06-06,-0.39588432527165596,-0.009999999999999787,0.0,-0.4399999999999995,-0.13363032114330764,-0.16303651521850648,2024-06-06,2024-06-05,2024-06-06,2024-06-06,0.5542709563439718,1.0292589060746815,0.281356600569449,-0.0706588989871193,2024-06-06,2024-06-06,2024-06-06,2024-06-06,2024-06-06,-0.819836966754095,-0.7861326092570953,-1.1777207726400563,0.36709431129160475,-0.8364695723178883
2024-06-07,2024-06-11,2024-06-07,2024-06-07,2024-06-07,2024-06-11,2024-06-10,2024-06-10,2024-06-10,2024-06-10,21858.38,-0.2,261.37,527160023778,1251,423,135,-9854815458,-10606,-101,2.293329,1.421529,0.258085,0.346688,2024-06-10,2024-06-10,2024-06-10,2024-06-10,4.2553149977613725,0.040000000000000036,0.0,-0.40000000000000036,-0.2190993617724568,0.2478807681794315,2024-06-10,2024-06-10,2024-06-07,2024-06-07,0.9157044581860729,-0.7896660490227081,-0.5945377871448221,-0.5049729995998287,2024-06-10,2024-06-10,2024-06-10,2024-06-10,2024-06-10,1.441542952040975,1.4472042342972058,0.7461455426533758,-4.485613271174693,2.4050187469707884
2024-06-11,2024-06-12,2024-06-11,2024-06-11,2024-06-11,2024-06-12,2024-06-11,2024-06-11,2024-06-11,2024-06-11,21792.12,-0.3,261.35,583091604016,478,1231,104,-33292279280,-15850,36,-1.456944,0.055572,0.271038,0.878413,2024-06-11,2024-06-11,2024-06-11,2024-06-11,0.8634270983343129,-0.08000000000000007,-0.0600000000000005,-0.41999999999999993,-0.0562872544702997,0.07608352819186148,2024-06-11,2024-06-11,2024-06-11,2024-06-11,0.2475242323491722,0.15364255505607716,-1.0377846245984923,-0.8737902210825377,2024-06-11,2024-06-11,2024-06-11,2024-06-11,2024-06-11,-0.045178500197884386,-0.14852062921363318,-0.7225529573879674,-0.8606646223911163,1.427311778568896
2024-06-12,2024-06-13,2024-06-12,2024-06-12,2024-06-12,2024-06-13,2024-06-12,2024-06-12,2024-06-12,2024-06-12,22048.96,1.18,264.13,530316212788,753,936,128,16817421899,-11139,240,4.387176,2.898028,0.850367,1.527304,2024-06-12,2024-06-12,2024-06-12,2024-06-12,-6.303505023896772,-0.08000000000000007,-0.05999999999999961,-0.4400000000000004,-0.3552426383712781,-0.5511753421572729,2024-06-12,2024-06-12,2024-06-12,2024-06-12,-0.6594596040567335,0.8446266222939869,-1.3121453606734224,0.03500639073361622,2024-06-12,2024-06-12,2024-06-12,2024-06-12,2024-06-12,2.8187536458832207,2.9787070367996105,3.548087963111368,0.8052332191963885,2.3599776334343847
2024-06-13,2024-06-14,2024-06-13,2024-06-13,2024-06-13,2024-06-14,2024-06-13,2024-06-13,2024-06-13,2024-06-13,22312.04,1.19,266.17,599154764916,905,720,185,32305370571,-13318,-55,-0.040463,1.477119,0.234466,0.335754,2024-06-13,2024-06-13,2024-06-13,2024-06-13,-0.8305679550378975,-0.0699999999999994,-0.07000000000000028,-0.4399999999999995,0.3043370457556316,0.5255570132287835,2024-06-13,2024-06-13,2024-06-13,2024-06-13,-0.4018914762392911,0.979410061260455,0.9744262249386848,-0.5076079190362348,2024-06-13,2024-06-13,2024-06-13,2024-06-13,2024-06-13,1.0870004664288002,1.5660021948900482,3.5223672281178064,-0.2121889572040736,12.26872961809713
2024-06-14,2024-06-17,2024-06-14,2024-06-14,2024-06-14,2024-06-17,2024-06-14,2024-06-14,2024-06-14,2024-06-14,22504.72,0.86,266.93,576126739576,1020,639,162,19927601608,-12855,-53,-0.23134,-0.073359,-0.039386,0.120675,2024-06-14,2024-06-14,2024-06-16,2024-06-14,6.0301532021133974,-0.040000000000000036,-0.009999999999999787,-0.46999999999999975,0.15480119319866148,0.33270543124428453,2024-06-14,2024-06-14,2024-06-14,2024-06-14,0.24299768775397634,0.12813685608217273,-0.9432730332025074,0.436743596979805,2024-06-14,2024-06-14,2024-06-14,2024-06-14,2024-06-14,-0.35975634437172,0.25449018191885386,1.7514113585149094,-0.1688486704049863,3.338313901966372
2024-06-17,2024-06-18,2024-06-17,2024-06-17,2024-06-17,2024-06-18,2024-06-17,2024-06-17,2024-06-17,2024-06-17,22496.53,-0.04,267.65,518231667042,942,713,159,-13544699347,-13192,257,2.741876,1.603878,0.766439,0.950533,2024-06-17,2024-06-17,2024-06-17,2024-06-17,0.7109016877775653,0.08000000000000007,0.08000000000000007,-0.46999999999999975,-0.14838275415750557,-0.21790937970964652,2024-06-17,2024-06-17,2024-06-17,2024-06-17,-1.834665170235028,-0.5191314094416866,-0.03154735188937163,-0.15050212989604628,2024-06-17,2024-06-17,2024-06-17,2024-06-17,2024-06-17,1.57911277319418,1.7133883634723235,-0.682445497384665,-0.7705387137155739,5.407942021103596
2024-06-18,2024-06-19,2024-06-18,2024-06-18,2024-06-18,2024-06-19,2024-06-18,2024-06-18,2024-06-18,2024-06-18,22757.43,1.16,269.04,541590034445,794,818,188,18119583730,-12938,161,1.382305,1.354055,0.252133,0.029181,2024-06-18,2024-06-18,2024-06-18,2024-06-18,-3.5294102687461693,-0.0600000000000005,-0.05999999999999961,-0.47000000000000064,0.14396198742181454,-0.05696691869312431,2024-06-18,2024-06-18,2024-06-18,2024-06-18,0.9964400042033139,0.7222704534604274,-0.11467563977323181,0.26554314938096457,2024-06-18,2024-06-18,2024-06-18,2024-06-18,2024-06-18,1.2733418895080506,1.570756975458143,3.511991337275977,-2.380043660945841,-1.4407774209260649
2024-06-19,2024-06-20,2024-06-19,2024-06-19,2024-06-19,2024-06-20,2024-06-18,2024-06-18,2024-06-18,2024-06-18,23209.54,1.99,268.66,684297941578,574,1093,152,48547371425,-11596,9,1.382305,1.354055,0.252133,0.029181,2024-06-18,2024-06-18,2024-06-19,2024-06-18,-3.5294102687461693,-0.0600000000000005,-0.05999999999999961,-0.47000000000000064,0.10293992607994795,-0.05696691869312431,2024-06-19,2024-06-19,2024-06-19,2024-06-19,0.2303728802548255,1.208796100985987,2.8737036892486634,-0.4749586803093675,2024-06-18,2024-06-18,2024-06-18,2024-06-18,2024-06-18,1.2733418895080506,1.570756975458143,3.511991337275977,-2.380043660945841,-1.4407774209260649
2024-06-20,2024-06-21,2024-06-20,2024-06-20,2024-06-20,2024-06-21,2024-06-20,2024-06-20,2024-06-20,2024-06-20,23406.1,0.85,271.77,594050058163,1239,394,162,22709515004,-16528,-319,-2.398574,-2.690496,-0.252593,-0.787363,2024-06-20,2024-06-20,2024-06-20,2024-06-20,7.967475829590032,0.03000000000000025,0.009999999999999787,-0.4500000000000002,-0.12290844763791497,0.3135038903315568,2024-06-20,2024-06-20,2024-06-20,2024-06-20,0.16141193413283794,0.3682012633419385,-0.515834495504619,-0.7217845045164761,2024-06-20,2024-06-20,2024-06-20,2024-06-20,2024-06-20,-2.71520877787621,-2.8327778802038406,-3.540347386732645,4.623936927314376,-3.7702801025480848
2024-06-21,2024-06-24,2024-06-21,2024-06-21,2024-06-21,2024-06-24,2024-06-21,2024-06-21,2024-06-21,2024-06-21,23253.39,-0.65,270.76,713986348630,804,814,199,-13792193144,-20148,-177,-0.809669,-1.273968,-0.156213,-0.181871,2024-06-21,2024-06-21,2024-06-23,2024-06-21,-0.6024090761646117,0.0,0.0,-0.4500000000000002,0.06802312668354737,0.1988888352596918,2024-06-21,2024-06-21,2024-06-21,2024-06-21,-0.09461021088562616,-0.8323701492828017,-1.6732774558666397,-0.2186497238393037,2024-06-21,2024-06-21,2024-06-21,2024-06-21,2024-06-21,-0.9752642960253355,-1.4985864115984904,-3.2191459885065554,-0.3399697465124474,-4.377471715255588
2024-06-24,2024-06-25,2024-06-24,2024-06-24,2024-06-24,2024-06-25,2024-06-24,2024-06-24,2024-06-24,2024-06-24,22813.7,-1.89,267.56,568517074619,509,1173,123,-45087762658,-21147,-164,-3.535301,-3.015596,-0.306517,-1.088446,2024-06-24,2024-06-24,2024-06-24,2024-06-24,0.9848493660558288,0.0,0.009999999999999787,-0.45999999999999996,-0.12823314551579923,-0.3119109844384904,2024-06-24,2024-06-24,2024-06-24,2024-06-24,0.5393749590109742,-0.7014441621247536,-0.0044850812547236885,-0.5381036257705252,2024-06-24,2024-06-24,2024-06-24,2024-06-24,2024-06-24,-2.8545139393296615,-3.4391692269833074,-6.684047645469504,-0.6078246936104592,-4.004517756121018
2024-06-25,2024-06-26,2024-06-25,2024-06-25,2024-06-25,2024-06-26,2024-06-25,2024-06-25,2024-06-25,2024-06-25,22875.97,0.27,268.29,536769266783,855,768,179,-9705292362,-23113,69,2.854424,1.789812,0.393359,1.262115,2024-06-25,2024-06-25,2024-06-25,2024-06-25,-3.675917283740937,-0.019999999999999574,-0.05999999999999961,-0.41999999999999993,0.4702765421042532,0.13273858730264987,2024-06-25,2024-06-25,2024-06-25,2024-06-25,0.9496284977134062,0.3493980308245881,0.25066661697465964,-0.5438938547493888,2024-06-25,2024-06-25,2024-06-25,2024-06-25,2024-06-25,1.5371980548737785,2.3418524759410753,6.756409860554746,0.0,-0.7172410303422971
2024-06-26,2024-06-27,2024-06-26,2024-06-26,2024-06-26,2024-06-27,2024-06-26,2024-06-26,2024-06-26,2024-06-26,22986.69,0.48,271.14,536727908439,841,819,153,-7926811897,-25652,-191,-0.307068,-0.280565,0.157243,0.493913,2024-06-26,2024-06-26,2024-06-26,2024-06-26,-2.2585666542580096,0.08999999999999986,0.05999999999999961,-0.3899999999999997,0.3350392876177333,0.41662952264307496,2024-06-26,2024-06-26,2024-06-26,2024-06-26,1.2608684639888956,0.6365419762104585,0.09422558918010804,0.6466383658682462,2024-06-26,2024-06-26,2024-06-26,2024-06-26,2024-06-26,-0.3896447336803166,-0.32852709923045786,0.24586025615984664,-1.6911118339264841,0.7091405148619279
2024-06-27,2024-06-28,2024-06-27,2024-06-27,2024-06-27,2024-06-28,2024-06-27,2024-06-27,2024-06-27,2024-06-27,22905.98,-0.35,269.46,513820518317,485,1140,148,-16131811503,-24402,61,-0.255711,-0.572783,0.090732,0.300584,2024-06-27,2024-06-27,2024-06-27,2024-06-27,-2.4701228279307874,-0.03000000000000025,-0.009999999999999787,-0.41000000000000014,-0.1850665019445641,-0.1320126219893747,2024-06-27,2024-06-27,2024-06-27,2024-06-27,-0.8206586658289661,-0.28616930551543796,-2.0644579101546046,-0.7510902204081349,2024-06-27,2024-06-27,2024-06-27,2024-06-27,2024-06-27,-0.5134033559761386,-0.7857185549702939,-1.9066484438419518,1.2250907812754175,-0.3354249951429744
2024-06-28,2024-07-01,2024-06-28,2024-06-28,2024-06-28,2024-07-01,2024-06-28,2024-06-28,2024-06-28,2024-06-28,23032.25,0.55,273.35,533529961646,1159,485,164,9077026149,-26509,-35,1.27017,0.943905,-0.408365,-0.705988,2024-06-28,2024-06-28,2024-06-30,2024-06-28,1.633985400367921,0.07000000000000028,0.009999999999999787,-0.34999999999999964,-0.055340206795018165,-0.037768779288271936,2024-06-28,2024-06-28,2024-06-28,2024-06-28,0.6139542790033703,0.4942425621584867,0.012071658688905806,0.21828409742781218,2024-06-28,2024-06-28,2024-06-28,2024-06-28,2024-06-28,1.0116322016940016,0.7108193462074697,-0.3629300395154522,1.7181949408603625,1.1892865540492847
2024-07-01,2024-07-02,2024-07-01,2024-07-01,2024-07-01,2024-07-02,2024-07-01,2024-07-01,2024-07-01,2024-07-01,23058.57,0.11,275.57,509048900346,820,843,137,-6443882948,-25944,-76,-0.851502,0.089362,0.267556,0.827296,2024-07-01,2024-07-01,2024-07-01,2024-07-01,-1.7684832859754307,0.1200000000000001,0.05999999999999961,-0.28999999999999915,0.05445543450566248,0.02833548551868237,2024-07-01,2024-07-01,2024-06-28,2024-07-01,0.1212145973046308,0.23196596192052166,0.012071658688905806,0.47722826478304725,2024-07-01,2024-07-01,2024-07-01,2024-07-01,2024-07-01,-0.004058616318702857,0.1189096831907932,0.6151870896861533,-2.786513831069659,2.1967874741696036
2024-07-02,2024-07-03,2024-07-02,2024-07-02,2024-07-02,2024-07-03,2024-07-02,2024-07-02,2024-07-02,2024-07-02,22879.37,-0.78,276.14,563555704909,633,1008,157,-24242594483,-24975,216,1.955548,1.238606,0.619532,0.835933,2024-07-02,2024-07-02,2024-07-02,2024-07-02,-1.5548324869538943,-0.05000000000000071,-0.02999999999999936,-0.3100000000000005,0.15711929888313492,-0.16997195711256907,2024-07-02,2024-07-02,2024-07-02,2024-07-02,1.1194069203338541,-0.8362110708840187,0.28518744857763956,-0.1837136865748934,2024-07-02,2024-07-02,2024-07-02,2024-07-02,2024-07-02,1.4070234731187403,1.0037910498299052,-1.3113474197854802,4.198107054787648,1.016576821650439
2024-07-03,2024-07-04,2024-07-03,2024-07-03,2024-07-03,2024-07-04,2024-07-03,2024-07-03,2024-07-03,2024-07-03,23172.43,1.28,276.63,595379415401,1103,547,159,9423777650,-25460,287,3.864547,1.9248,0.508444,0.884925,2024-07-03,2024-07-03,2024-07-03,2024-07-03,0.49875661636344937,-0.0699999999999994,-0.03000000000000025,-0.34999999999999964,0.14950641568265421,-0.30268604911967145,2024-07-03,2024-07-03,2024-07-03,2024-07-03,1.262817740428246,0.47287176757486726,1.1786146101255168,-0.2413777002306272,2024-07-03,2024-07-03,2024-07-03,2024-07-03,2024-07-03,1.6673990283527118,2.2721200635100747,4.57324585806651,-0.24953056308284483,4.328254895460604
2024-07-04,2024-07-05,2024-07-04,2024-07-04,2024-07-04,2024-07-05,2024-07-03,2024-07-03,2024-07-03,2024-07-03,23522.53,1.51,277.31,645406543533,1001,597,177,36334201075,-25626,-13,3.864547,1.9248,0.508444,0.884925,2024-07-03,2024-07-03,2024-07-04,2024-07-03,0.49875661636344937,-0.0699999999999994,-0.03000000000000025,-0.34999999999999964,-0.3522176733286364,-0.30268604911967145,2024-07-04,2024-07-04,2024-07-04,2024-07-04,0.8203067282401166,1.1070086196011797,0.276490196444823,-0.5081654774414468,2024-07-03,2024-07-03,2024-07-03,2024-07-03,2024-07-03,1.6673990283527118,2.2721200635100747,4.57324585806651,-0.24953056308284483,4.328254895460604
2024-07-05,2024-07-08,2024-07-05,2024-07-05,2024-07-05,2024-07-08,2024-07-05,2024-07-05,2024-07-05,2024-07-05,23556.59,0.14,280.65,601749184792,1170,498,150,-5535089168,-28498,-8,0.821963,0.081211,0.544877,0.904202,2024-07-05,2024-07-05,2024-07-07,2024-07-05,3.225801362500036,-0.08000000000000007,-0.11000000000000032,-0.3199999999999994,-0.34946094601715494,-0.4933626802019142,2024-07-05,2024-07-05,2024-07-05,2024-07-05,-0.003122048017667467,1.3200294461459317,-1.2683957138085677,-0.4280560956403834,2024-07-05,2024-07-05,2024-07-05,2024-07-05,2024-07-05,0.19664910359562526,0.03709150112258808,-1.9098822665701398,4.881025197019007,-1.4983654259528412
2024-07-08,2024-07-09,2024-07-08,2024-07-08,2024-07-08,2024-07-09,2024-07-08,2024-07-08,2024-07-08,2024-07-08,23878.15,1.37,278.77,668322405053,595,1106,113,-8220732155,-29432,-41,1.43486,1.925282,0.10167,0.277781,2024-07-08,2024-07-08,2024-07-08,2024-07-08,-0.8814075377564845,0.0,0.020000000000000462,-0.33999999999999986,0.24079002019752327,0.12395584116804415,2024-07-08,2024-07-08,2024-07-08,2024-07-08,-0.3218387775625997,-0.1561709133657052,-1.5480610968463981,-0.8539649066980792,2024-07-08,2024-07-08,2024-07-08,2024-07-08,2024-07-08,1.8959027850524945,1.664685679242961,1.8834896945877588,3.9499760244382065,2.4980802328302243
2024-07-09,2024-07-10,2024-07-09,2024-07-09,2024-07-09,2024-07-10,2024-07-09,2024-07-09,2024-07-09,2024-07-09,23900.08,0.09,278.06,701235715894,398,1287,107,-15717998958,-34785,-115,-1.13058,-0.000169,0.074107,0.138824,2024-07-09,2024-07-09,2024-07-09,2024-07-09,1.131773198205055,0.019999999999999574,0.0,-0.3200000000000003,0.11240498501070562,0.10475250748862575,2024-07-09,2024-07-09,2024-07-09,2024-07-09,1.9604191972324436,0.3366228449555475,-0.004736791012449615,1.1185400709895044,2024-07-09,2024-07-09,2024-07-09,2024-07-09,2024-07-09,-0.04622486185149599,0.2188126334608409,2.4805054682287997,-0.8898071051356093,-0.7188462381533922
2024-07-10,2024-07-11,2024-07-10,2024-07-10,2024-07-10,2024-07-11,2024-07-10,2024-07-10,2024-07-10,2024-07-10,24007.08,0.45,279.95,612501226581,1032,605,156,-10846775163,-33628,249,3.538911,2.416912,1.020807,1.183769,2024-07-10,2024-07-10,2024-07-10,2024-07-10,2.717826909410692,-0.019999999999999574,0.0,-0.33999999999999986,0.2442485876554823,-0.06659027111421967,2024-07-10,2024-07-10,2024-07-10,2024-07-10,0.6056165592749796,0.021277523272456023,-0.29424110449811636,-0.315136234442448,2024-07-10,2024-07-10,2024-07-10,2024-07-10,2024-07-10,2.320109833641748,2.3507119509728724,2.6868615071566904,3.8735179977023027,0.6565476054235075
2024-07-11,2024-07-12,2024-07-11,2024-07-11,2024-07-11,2024-07-12,2024-07-11,2024-07-11,2024-07-11,2024-07-11,24390.03,1.6,281.34,674097417135,790,836,149,3214698848,-35249,-322,-3.428423,-3.46987,-0.876303,-1.952219,2024-07-11,2024-07-11,2024-07-11,2024-07-11,0.544744690631771,-0.08000000000000007,-0.1200000000000001,-0.2999999999999998,-0.6140502852808205,-0.580676432775562,2024-07-11,2024-07-11,2024-07-11,2024-07-11,0.9371566260830022,0.8145114697546862,2.0642569248543463,1.1431990220619248,2024-07-11,2024-07-11,2024-07-11,2024-07-11,2024-07-11,-3.2882522090731725,-3.6441854447193722,-5.566675511357733,-1.098067079114029,-2.2204477873010275
2024-07-12,2024-07-15,2024-07-12,2024-07-12,2024-07-12,2024-07-15,2024-07-12,2024-07-12,2024-07-12,2024-07-12,23916.93,-1.94,278.46,653243113274,766,866,182,-41655578110,-40329,241,1.544719,1.325163,0.551703,0.629199,2024-07-12,2024-07-12,2024-07-14,2024-07-12,-3.5603717912586985,-0.020000000000000462,-0.04999999999999982,-0.27000000000000046,0.49773822276901747,-0.3351264796379039,2024-07-12,2024-07-12,2024-07-12,2024-07-12,-2.4472796650381046,-1.18802969187628,2.585476935600095,0.121965779187172,2024-07-12,2024-07-12,2024-07-12,2024-07-12,2024-07-12,1.2190390885518543,1.2655978645126131,1.4442731124389985,-0.18137948039269602,-0.3095048941361367
2024-07-15,2024-07-16,2024-07-15,2024-07-15,2024-07-15,2024-07-16,2024-07-15,2024-07-15,2024-07-15,2024-07-15,23879.36,-0.16,278.74,533900316374,680,997,138,-13159058396,-36218,-71,-1.136912,0.043635,0.28262,0.402866,2024-07-15,2024-07-15,2024-07-15,2024-07-15,5.29694899993165,0.05000000000000071,-0.009999999999999787,-0.20999999999999996,0.07988501995308539,0.09607657511196965,2024-07-12,2024-07-15,2024-07-15,2024-07-15,-2.4472796650381046,0.1372041258312917,-1.5166218228481076,0.11087713870892024,2024-07-15,2024-07-15,2024-07-15,2024-07-15,2024-07-15,0.11157720997323484,-0.22591568853636002,-0.6190057395193516,-0.9801215645144468,0.7955669327319281
2024-07-16,2024-07-17,2024-07-16,2024-07-16,2024-07-16,2024-07-17,2024-07-16,2024-07-16,2024-07-16,2024-07-16,23997.25,0.49,279.89,549783060350,873,751,164,-5278153470,-37134,70,0.442712,0.455541,0.638938,0.199049,2024-07-16,2024-07-16,2024-07-16,2024-07-16,0.5335342639847473,-0.0600000000000005,-0.010000000000000675,-0.2599999999999998,-0.03284897586730562,0.07677723369392542,2024-07-16,2024-07-16,2024-07-16,2024-07-16,0.20489692848066898,0.18071690773633353,-1.598356750277885,0.6337297172779532,2024-07-16,2024-07-16,2024-07-16,2024-07-16,2024-07-16,0.6188084843045338,-0.04382102876663296,-1.619434593209057,-1.2678634021473623,-1.1900555990685957
2024-07-17,2024-07-18,2024-07-17,2024-07-17,2024-07-17,2024-07-18,2024-07-17,2024-07-17,2024-07-17,2024-07-17,23769.82,-0.95,281.21,630955932532,953,667,179,-30381611855,-34842,-541,-7.976778,-6.811127,-1.392754,-2.76844,2024-07-17,2024-07-17,2024-07-17,2024-07-17,9.780136488947022,-0.009999999999999787,-0.009999999999999787,-0.2599999999999998,-0.2226498352794204,-0.49870208095089685,2024-07-17,2024-07-17,2024-07-17,2024-07-17,-0.4297671302106121,-0.7955105432469245,0.06447258626072205,0.09433346674618814,2024-07-17,2024-07-17,2024-07-17,2024-07-17,2024-07-17,-7.112574876126898,-7.1206718215742315,-6.62393376555298,-10.205581562673572,-7.91121075037422
2024-07-18,2024-07-19,2024-07-18,2024-07-18,2024-07-18,2024-07-19,2024-07-18,2024-07-18,2024-07-18,2024-07-18,23398.47,-1.56,276.94,681452569002,513,1136,132,-53351796061,-43033,-337,0.391354,0.512321,-0.78164,-0.698449,2024-07-18,2024-07-18,2024-07-18,2024-07-18,10.013817740186969,0.040000000000000036,0.040000000000000036,-0.2599999999999998,0.45613217759497005,0.4048175122364439,2024-07-18,2024-07-18,2024-07-18,2024-07-18,-2.3634900416870663,-0.6661276600713917,0.21984947445539138,0.5526034842529226,2024-07-18,2024-07-18,2024-07-18,2024-07-18,2024-07-18,0.300199750395147,0.5192321843644931,2.6273400544513326,-2.2956711857619605,2.910635125835115
2024-07-19,2024-07-22,2024-07-19,2024-07-19,2024-07-19,2024-07-22,2024-07-19,2024-07-19,2024-07-19,2024-07-19,22869.26,-2.26,271.63,638715487819,209,1546,61,-64358158801,-37237,-122,-3.549189,-3.113442,-0.714027,-0.807339,2024-07-19,2024-07-19,2024-07-21,2024-07-19,3.7037045906157084,0.04999999999999982,0.03000000000000025,-0.2400000000000002,0.4350571135180781,0.2207961610602771,2024-07-19,2024-07-19,2024-07-19,2024-07-19,-0.15591375134754726,-1.0228950278764692,-2.0290367112673735,0.5137872164981072,2024-07-19,2024-07-19,2024-07-19,2024-07-19,2024-07-19,-3.0586271593939784,-2.8958261293364207,-2.609626004031884,-2.6898647534716713,-1.974830603396116
2024-07-22,2024-07-23,2024-07-22,2024-07-22,2024-07-22,2024-07-23,2024-07-22,2024-07-22,2024-07-22,2024-07-22,22256.99,-2.68,264.16,621464122692,242,1505,65,-7753786811,-40239,273,2.15962,3.999687,1.079204,1.583076,2024-07-22,2024-07-22,2024-07-22,2024-07-22,-9.745766136434542,0.009999999999999787,0.009999999999999787,-0.2400000000000002,0.08389052827177945,-0.08621069537325665,2024-07-22,2024-07-22,2024-07-22,2024-07-22,-1.1601225779591773,-1.1429228684484594,1.2527568297836744,-0.6809822358518902,2024-07-22,2024-07-22,2024-07-22,2024-07-22,2024-07-22,4.144816000070217,3.860724532368298,4.757059777693695,2.830184215800635,2.3577955584173527
2024-07-23,2024-07-26,2024-07-23,2024-07-23,2024-07-23,2024-07-26,2024-07-25,2024-07-25,2024-07-25,2024-07-25,22871.84,2.76,267.56,469611784548,1326,367,116,12877482763,-32825,-115,0.300373,-1.964295,-0.514262,-0.926569,2024-07-25,2024-07-25,2024-07-25,2024-07-25,2.3281493771090345,-0.010000000000000675,0.040000000000000036,-0.14000000000000057,-0.2194732292683632,-0.02873721570291199,2024-07-25,2024-07-25,2024-07-25,2024-07-25,-3.2827090193364827,-1.742120747532938,-1.6702661707466926,-0.5529245992950127,2024-07-25,2024-07-25,2024-07-25,2024-07-25,2024-07-25,-2.2292833883427954,-1.8341763828159108,-1.724289908711707,-4.3628551099797575,-1.374390036597295
2024-07-26,2024-07-29,2024-07-26,2024-07-26,2024-07-26,2024-07-29,2024-07-26,2024-07-26,2024-07-26,2024-07-26,22119.21,-3.29,264.34,530812160328,406,1308,105,-84417588290,-37411,157,1.03569,1.953306,1.109047,1.025277,2024-07-26,2024-07-26,2024-07-28,2024-07-26,-11.213433355830272,-0.0699999999999994,-0.04999999999999982,-0.16000000000000014,0.47483004597199674,-0.0383297386866599,2024-07-26,2024-07-26,2024-07-26,2024-07-26,-0.533678817939276,0.7839448385284387,-0.003522573962000397,0.2947697439061203,2024-07-26,2024-07-26,2024-07-26,2024-07-26,2024-07-26,2.1465116900126313,1.5852215246456192,0.6946907621811382,1.2073438985806817,1.5878403210499936
2024-07-29,2024-07-30,2024-07-29,2024-07-29,2024-07-29,2024-07-30,2024-07-29,2024-07-29,2024-07-29,2024-07-29,22164.49,0.2,260.11,484461524935,425,1288,100,-676497998,-36297,-255,-1.191804,-0.303927,0.081331,0.070967,2024-07-29,2024-07-29,2024-07-29,2024-07-29,1.2812751655983723,-0.03000000000000025,0.0,-0.1900000000000004,0.15641212361443557,0.23005930259931695,2024-07-29,2024-07-29,2024-07-29,2024-07-29,2.127087438919806,1.2310160750865329,1.275044575899864,-0.544102983776229,2024-07-29,2024-07-29,2024-07-29,2024-07-29,2024-07-29,-0.20926700865726566,-0.7115773261414882,-1.300195694716244,-0.17144473444269392,-0.9298975247010621
2024-07-30,2024-07-31,2024-07-30,2024-07-30,2024-07-30,2024-07-31,2024-07-30,2024-07-30,2024-07-30,2024-07-30,22223.57,0.27,263.36,452258046927,1239,444,123,-23607834670,-39033,-354,-3.418537,-3.881387,-0.496017,-1.282537,2024-07-30,2024-07-30,2024-07-30,2024-07-30,6.566265828551643,-0.019999999999999574,-0.010000000000000675,-0.1999999999999993,-0.2672783628201558,-0.00955863338686358,2024-07-30,2024-07-30,2024-07-30,2024-07-30,0.14900534313218028,-0.9886020980063637,-1.3657329512816063,-0.6299541540605857,2024-07-30,2024-07-30,2024-07-30,2024-07-30,2024-07-30,-3.6305638432229226,-3.8264897943261045,-7.043635844522522,-0.9373864462209336,-4.460123082011269
2024-07-31,2024-08-01,2024-07-31,2024-07-31,2024-07-31,2024-08-01,2024-07-31,2024-07-31,2024-07-31,2024-07-31,22199.35,-0.11,262.3,455931075821,823,830,164,-16457608465,-37129,403,7.286146,7.014719,1.57934,2.635851,2024-07-31,2024-07-31,2024-07-31,2024-07-31,-7.518371303299154,-0.0600000000000005,-0.05999999999999961,-0.20000000000000018,-0.5775112476597344,-0.43042043472150127,2024-07-31,2024-07-31,2024-07-31,2024-07-31,1.4947615968660788,1.1869154695422157,2.0095939458893097,2.1576728609127738,2024-07-31,2024-07-31,2024-07-31,2024-07-31,2024-07-31,6.709585152281106,7.634986786621534,12.812101471164627,4.362895969096203,11.956513303012084
2024-08-01,2024-08-02,2024-08-01,2024-08-01,2024-08-01,2024-08-02,2024-08-01,2024-08-01,2024-08-01,2024-08-01,22642.1,1.99,266.91,508170294189,1529,182,78,18233661280,-41342,-532,-4.595905,-7.138878,-1.36935,-2.302635,2024-08-01,2024-08-01,2024-08-01,2024-08-01,13.630803539367387,-0.09999999999999964,-0.1299999999999999,-0.16999999999999993,0.4427055244088818,0.3073964452591005,2024-08-01,2024-08-01,2024-08-01,2024-08-01,-2.494748785872136,0.25228338003158157,-0.22853610211661657,-0.6626823919266611,2024-08-01,2024-08-01,2024-08-01,2024-08-01,2024-08-01,-7.2053727428168735,-6.469901870895911,-6.674070913209606,-8.26412153549807,-8.501362351243891
2024-08-02,2024-08-05,2024-08-02,2024-08-02,2024-08-02,2024-08-05,2024-08-02,2024-08-02,2024-08-02,2024-08-02,21638.09,-4.43,257.78,573089825274,111,1677,37,-94430564975,-45100,-429,-5.259826,-5.182126,-1.838186,-2.431003,2024-08-02,2024-08-02,2024-08-04,2024-08-02,25.82032919667483,-0.1900000000000004,-0.28000000000000025,-0.08000000000000007,-0.3900105801548759,-1.158780986104735,2024-08-02,2024-08-02,2024-08-02,2024-08-02,-5.8139060729441745,-3.653768351000408,-2.077156794362167,-1.0201044887910515,2024-08-02,2024-08-02,2024-08-02,2024-08-02,2024-08-02,-5.315447627360282,-5.445652625511155,-1.776396353511256,-0.030174504420321657,-2.1765724767031536
2024-08-05,2024-08-06,2024-08-05,2024-08-05,2024-08-05,2024-08-06,2024-08-05,2024-08-05,2024-08-05,2024-08-05,19830.88,-8.35,237.52,648884849656,21,1800,5,-68774621949,-39446,849,-1.274525,-1.91654,-2.99688,-3.433921,2024-08-05,2024-08-05,2024-08-05,2024-08-05,64.8995327118046,-0.020000000000000018,0.010000000000000231,-0.11000000000000032,0.2764724507885674,-0.5038239004738432,2024-08-05,2024-08-05,2024-08-05,2024-08-05,-12.395757674714236,-8.767684570805523,-1.4585007712565767,-1.2135074717252614,2024-08-05,2024-08-05,2024-08-05,2024-08-05,2024-08-05,-1.7649020548197836,-2.3439982094341727,-6.357788671810349,1.7509489239386777,-1.2098493982422798
2024-08-06,2024-08-07,2024-08-06,2024-08-06,2024-08-06,2024-08-07,2024-08-06,2024-08-06,2024-08-06,2024-08-06,20501.02,3.38,235.51,687723654453,657,1092,78,24771772421,-35525,-135,5.028728,1.064723,1.035409,1.029436,2024-08-06,2024-08-06,2024-08-06,2024-08-06,-28.156600197766878,0.1200000000000001,0.10000000000000009,-0.0900000000000003,0.3029438503285631,0.27266410813131525,2024-08-06,2024-08-06,2024-08-06,2024-08-06,10.226327398560752,3.3011755607594617,-0.3055361913361643,-0.01017216071663718,2024-08-06,2024-08-06,2024-08-06,2024-08-06,2024-08-06,0.9056882775759556,1.945529606099905,3.7829797582928704,-3.441636549743743,1.2950424508570535
2024-08-07,2024-08-08,2024-08-07,2024-08-07,2024-08-07,2024-08-08,2024-08-07,2024-08-07,2024-08-07,2024-08-07,21295.28,3.87,247.83,499065967647,1750,45,34,-7795805122,-31932,-417,-0.225244,-3.093544,-0.773465,-1.045039,2024-08-07,2024-08-07,2024-08-07,2024-08-07,0.5052374652567915,0.06000000000000005,0.009999999999999787,-0.040000000000000036,-0.3905008009258193,0.22336187706368804,2024-08-07,2024-08-07,2024-08-07,2024-08-07,1.1943897645556811,1.8341498942087808,1.3847229251858328,-0.04457071962979953,2024-08-07,2024-08-07,2024-08-07,2024-08-07,2024-08-07,-2.785369128715698,-2.75453200967003,-5.122298645458634,-1.15992824688248,-5.315448856179228
2024-08-08,2024-08-09,2024-08-08,2024-08-08,2024-08-08,2024-08-09,2024-08-08,2024-08-08,2024-08-08,2024-08-08,20870.1,-2,246.71,462609778483,487,1213,110,-45209351236,-31809,731,6.133907,6.862206,2.304261,2.866235,2024-08-08,2024-08-08,2024-08-08,2024-08-08,-14.57809483063327,0.03000000000000025,0.040000000000000036,-0.04999999999999982,-0.7344664716750882,0.009691992757998591,2024-08-08,2024-08-08,2024-08-08,2024-08-08,-0.7366071453420164,-0.4547534093197969,0.08277532603271354,0.04339235419266174,2024-08-08,2024-08-08,2024-08-08,2024-08-08,2024-08-08,6.8994934332996305,6.355512537865571,6.126779227807488,5.945449027852545,6.949439292427573
2024-08-09,2024-08-12,2024-08-09,2024-08-09,2024-08-09,2024-08-12,2024-08-09,2024-08-09,2024-08-09,2024-08-09,21469,2.87,252.27,522843941637,1436,301,84,25461193494,-32006,78,1.56183,-0.434662,0.467168,0.511892,2024-08-09,2024-08-09,2024-08-11,2024-08-09,-14.37578791374391,-0.050000000000000266,0.009999999999999787,-0.10999999999999988,0.07652887976525857,-0.06782259029662896,2024-08-09,2024-08-09,2024-08-09,2024-08-09,0.5565465716637075,1.2398630834713043,1.1745346105625831,-0.33832670619240446,2024-08-09,2024-08-09,2024-08-09,2024-08-09,2024-08-09,-0.5914356677357069,-0.026676251663704242,-0.20958485104765057,-1.5038167118654577,1.7290990247630145
2024-08-12,2024-08-13,2024-08-12,2024-08-12,2024-08-12,2024-08-13,2024-08-12,2024-08-12,2024-08-12,2024-08-12,21773.26,1.42,255.51,440758837692,1257,449,121,18766263858,-34712,127,0.305176,0.729801,0.004303,0.210857,2024-08-12,2024-08-12,2024-08-12,2024-08-12,1.669112573546916,-0.040000000000000036,-0.040000000000000036,-0.10999999999999988,-0.604294595055821,0.0,2024-08-09,2024-08-12,2024-08-12,2024-08-12,0.5565465716637075,1.1539859287814425,0.12533430672083679,-0.17318176368841254,2024-08-12,2024-08-12,2024-08-12,2024-08-12,2024-08-12,0.5760700858132184,0.9384036260066564,4.076369110325917,1.8619199526701324,0.24281709408464636
2024-08-13,2024-08-14,2024-08-13,2024-08-13,2024-08-13,2024-08-14,2024-08-13,2024-08-13,2024-08-13,2024-08-13,21796.57,0.11,256.99,408538603297,879,771,170,-4551149919,-35894,342,2.809754,4.184186,1.684758,2.425418,2024-08-13,2024-08-13,2024-08-13,2024-08-13,-12.506027811373066,-0.04999999999999982,-0.07999999999999963,-0.08000000000000007,0.20472686912957894,-0.5623442257969402,2024-08-13,2024-08-13,2024-08-13,2024-08-13,3.447570931477517,0.12221483833785296,0.364723184644955,0.25646854890906123,2024-08-13,2024-08-13,2024-08-13,2024-08-13,2024-08-13,4.061029998349475,4.066793908397925,6.530914479747296,3.1878339359162178,5.073347323808308
2024-08-14,2024-08-15,2024-08-14,2024-08-14,2024-08-14,2024-08-15,2024-08-14,2024-08-14,2024-08-14,2024-08-14,22027.25,1.06,260.23,488964735763,1033,656,138,24881513902,-33209,-42,-1.375186,-0.181291,0.382373,0.029034,2024-08-14,2024-08-14,2024-08-14,2024-08-14,-10.651215318914042,-0.020000000000000018,0.009999999999999787,-0.10999999999999988,-0.9596021142668665,0.00975247315577743,2024-08-14,2024-08-14,2024-08-14,2024-08-14,0.5793635571816225,0.8773602899103672,-0.35344682586463394,-0.7542579948352834,2024-08-14,2024-08-14,2024-08-14,2024-08-14,2024-08-14,-0.2526494807192692,0.08467629712303193,1.6703999066657094,-0.26925874701700936,0.9797635395855986
2024-08-15,2024-08-16,2024-08-15,2024-08-15,2024-08-15,2024-08-16,2024-08-15,2024-08-15,2024-08-15,2024-08-15,21895.17,-0.6,262.25,397630916287,861,769,177,-691636459,-33152,517,2.347476,4.865452,1.613325,2.337636,2024-08-15,2024-08-15,2024-08-15,2024-08-15,-5.929592094835401,0.08999999999999986,0.14000000000000012,-0.16000000000000014,1.398656718686797,0.39973058723725696,2024-08-15,2024-08-14,2024-08-15,2024-08-15,0.7798901992462026,0.8773602899103672,-0.024651793417973522,0.9884432991873471,2024-08-15,2024-08-15,2024-08-15,2024-08-15,2024-08-15,4.807999031564836,4.221834998649299,4.048101884463007,4.6962704158803215,5.3522749132700165
2024-08-16,2024-08-19,2024-08-16,2024-08-16,2024-08-16,2024-08-19,2024-08-16,2024-08-16,2024-08-16,2024-08-16,22349.33,2.07,266.24,518217426441,1292,375,161,45340297474,-34952,-22,0.333402,-0.0605,0.198978,0.211547,2024-08-16,2024-08-16,2024-08-18,2024-08-16,-2.8233707447526624,-0.029999999999999805,-0.020000000000000462,-0.16999999999999948,-0.9462871123850913,-0.5049565503106201,2024-08-16,2024-08-16,2024-08-16,2024-08-16,3.6377714576229403,1.9939489683777678,1.8763042416106046,0.11011330793073704,2024-08-16,2024-08-16,2024-08-16,2024-08-16,2024-08-16,-0.21146447893264364,0.13800852515257755,1.399968429235221,0.8143301732301156,-0.2467968759758854
2024-08-19,2024-08-20,2024-08-19,2024-08-19,2024-08-19,2024-08-20,2024-08-19,2024-08-19,2024-08-19,2024-08-19,22409.63,0.27,268.88,396873296537,929,716,177,-3275443345,-34655,194,0.521373,1.862963,0.972228,1.389818,2024-08-19,2024-08-19,2024-08-19,2024-08-19,-1.013517366699046,-0.03000000000000025,0.0,-0.19999999999999973,-0.7001673407422859,-0.5563143665014869,2024-08-19,2024-08-19,2024-08-19,2024-08-19,-1.7708971757516734,-0.8479022260793778,0.799821430212222,0.33895225377087446,2024-08-19,2024-08-19,2024-08-19,2024-08-19,2024-08-19,1.6996099153161248,1.876693080144598,4.350616543011032,4.523425774864243,1.2008239672372412
2024-08-20,2024-08-21,2024-08-20,2024-08-20,2024-08-20,2024-08-21,2024-08-20,2024-08-20,2024-08-20,2024-08-20,22429.1,0.09,270.08,455872987130,886,751,189,4757246052,-35638,-122,-1.943576,-1.334265,-0.198456,-0.334681,2024-08-20,2024-08-20,2024-08-20,2024-08-20,8.395908040535783,-0.040000000000000036,-0.0699999999999994,-0.17000000000000037,-0.0485705808362491,-0.44164977027951746,2024-08-20,2024-08-20,2024-08-20,2024-08-20,1.803491975698246,0.8327141632430868,-0.3329064589211228,-0.7229739837728344,2024-08-20,2024-08-20,2024-08-20,2024-08-20,2024-08-20,-1.3225040661337006,-1.3050047056129443,-2.115384615384619,0.721274553060347,-1.0494363455770261
2024-08-21,2024-08-22,2024-08-21,2024-08-21,2024-08-21,2024-08-22,2024-08-21,2024-08-21,2024-08-21,2024-08-21,22237.89,-0.85,268.38,429015928237,749,906,167,-5021767692,-37001,52,-0.348751,1.378488,0.423968,0.572774,2024-08-21,2024-08-21,2024-08-21,2024-08-21,2.4559215397492062,-0.029999999999999805,-0.07000000000000028,-0.1299999999999999,-0.6270599155635659,-0.39432326128930884,2024-08-21,2024-08-21,2024-08-21,2024-08-21,-0.29194052446873675,0.1668749585800322,-0.6856819337488718,-0.3318648169890248,2024-08-21,2024-08-21,2024-08-21,2024-08-21,2024-08-21,1.4177949764555775,1.0360426306186943,0.982318271119853,0.9015369035388909,-0.10243939263122614
2024-08-22,2024-08-23,2024-08-22,2024-08-22,2024-08-22,2024-08-23,2024-08-22,2024-08-22,2024-08-22,2024-08-22,22148.83,-0.4,269.76,380109448128,754,867,185,-6889484161,-33090,-267,-2.916472,-3.436459,-0.893281,-1.672196,2024-08-22,2024-08-22,2024-08-22,2024-08-22,7.867232595473528,0.06999999999999984,0.07000000000000028,-0.13000000000000034,1.0727248962346891,0.4651635158792855,2024-08-22,2024-08-22,2024-08-22,2024-08-22,0.6830003640514004,0.24212234680438538,1.4374681961776048,-0.2558976973690785,2024-08-22,2024-08-22,2024-08-22,2024-08-22,2024-08-22,-3.416331015230134,-3.2757477372695076,-3.704281818078181,-3.8717449495447642,-2.0750406965474366
2024-08-23,2024-08-26,2024-08-23,2024-08-23,2024-08-23,2024-08-26,2024-08-23,2024-08-23,2024-08-23,2024-08-23,22158.05,0.04,271.68,392261041612,829,765,208,-1950815102,-34860,167,2.907953,2.786569,1.148337,1.466793,2024-08-23,2024-08-23,2024-08-25,2024-08-23,-9.629627657273677,-0.04999999999999982,-0.0900000000000003,-0.08999999999999986,-0.8756060974664415,-0.7782493339593577,2024-08-23,2024-08-23,2024-08-23,2024-08-23,0.4010828439404923,-0.22085337730564092,-0.16382512683521533,0.42407049758446114,2024-08-23,2024-08-23,2024-08-23,2024-08-23,2024-08-23,2.6792768394745314,2.462668618841657,4.5498604740694,2.162161400976137,2.4762870291642702
2024-08-26,2024-08-27,2024-08-26,2024-08-26,2024-08-26,2024-08-27,2024-08-26,2024-08-26,2024-08-26,2024-08-26,22240.12,0.37,269.71,428539462867,923,747,137,-5150399141,-36989,-125,-1.29028,-2.511161,-0.315373,-0.850326,2024-08-26,2024-08-26,2024-08-26,2024-08-26,1.8284991685414864,0.009999999999999787,0.010000000000000231,-0.0900000000000003,0.17163104694757347,0.12906796251235253,2024-08-26,2024-08-26,2024-08-26,2024-08-26,-0.6622067469395199,-0.1362085109851474,1.0596741076552618,-0.08926363554314642,2024-08-26,2024-08-26,2024-08-26,2024-08-26,2024-08-26,-2.510819069230208,-2.343086307713982,-2.249359312473398,-3.21976408048662,-4.051457963714789
2024-08-27,2024-08-28,2024-08-27,2024-08-27,2024-08-27,2024-08-28,2024-08-27,2024-08-27,2024-08-27,2024-08-27,22185,-0.25,272.43,371829210783,917,689,194,-12796353515,-37502,86,0.875374,1.104099,0.15952,0.16389,2024-08-27,2024-08-27,2024-08-27,2024-08-27,-4.4582001879948985,0.010000000000000231,-0.08000000000000007,0.0,-0.35839014234928523,-0.2974669577612943,2024-08-27,2024-08-27,2024-08-27,2024-08-27,0.4681220669981112,-0.3246841091737118,0.42665657114326905,-0.5682503788739801,2024-08-27,2024-08-27,2024-08-27,2024-08-27,2024-08-27,1.107548141335557,1.0058898911421865,1.4550086830667164,0.340018993371638,1.1088863091127443
2024-08-28,2024-08-29,2024-08-28,2024-08-28,2024-08-28,2024-08-29,2024-08-28,2024-08-28,2024-08-28,2024-08-28,22370.66,0.84,272.62,412625773219,768,844,188,-11546280695,-37243,-255,-0.79156,-1.825312,-0.597597,-1.119645,2024-08-28,2024-08-28,2024-08-28,2024-08-28,10.887882514248881,0.009999999999999787,0.0,0.009999999999999787,0.9086610177773791,0.5370395522065197,2024-08-28,2024-08-28,2024-08-28,2024-08-28,0.21714186258217083,0.021570256577119196,-1.0194353457794403,-0.5696882816520921,2024-08-28,2024-08-28,2024-08-28,2024-08-28,2024-08-28,-1.8039596175705053,-1.681562062592734,-2.0966503331422914,-2.7508301592348405,-1.988974983584435
2024-08-29,2024-08-30,2024-08-29,2024-08-29,2024-08-29,2024-08-30,2024-08-29,2024-08-29,2024-08-29,2024-08-29,22201.85,-0.75,273.32,434903789995,768,853,175,-24142596279,-36971,114,-0.029553,-0.599065,-0.003938,-0.225561,2024-08-29,2024-08-29,2024-08-29,2024-08-29,-8.53302711712346,0.03000000000000025,0.040000000000000036,0.0,-0.39083263225860865,0.24730439119255987,2024-08-29,2024-08-29,2024-08-29,2024-08-29,-0.024055368678810307,-1.0242300824938821,0.5305715030710312,-0.2683726870340797,2024-08-29,2024-08-29,2024-08-29,2024-08-29,2024-08-29,-0.2877352430484037,-1.2370773942835256,-6.384845341526102,-0.5944213675590615,-0.7902390048544872
2024-08-30,2024-09-02,2024-08-30,2024-08-30,2024-08-30,2024-09-02,2024-08-30,2024-08-30,2024-08-30,2024-08-30,22268.09,0.3,274.58,519444655133,1059,616,149,-4739463391,-39554,-18,1.50754,2.576325,1.009305,1.12574,2024-08-30,2024-08-30,2024-09-01,2024-08-30,-4.153352296319845,0.040000000000000036,0.040000000000000036,0.0,0.4331737370221411,0.3552404019743882,2024-08-30,2024-08-30,2024-08-30,2024-08-30,0.7434826136505368,0.45186941886246057,1.1399209979228164,1.334785607882738,2024-08-30,2024-08-30,2024-08-30,2024-08-30,2024-08-30,2.6148720930736724,2.3328161768431555,1.5137396582415308,2.110105127168982,3.7532752968429284
2024-09-02,2024-09-03,2024-09-02,2024-09-02,2024-09-02,2024-09-03,2024-08-30,2024-08-30,2024-08-30,2024-08-30,22235.1,-0.15,272.56,376320913617,546,1135,132,-12798199913,-40452,8,1.50754,2.576325,1.009305,1.12574,2024-08-30,2024-08-30,2024-09-02,2024-08-30,-4.153352296319845,0.040000000000000036,0.040000000000000036,0.0,-0.203152061097156,0.3552404019743882,2024-09-02,2024-09-02,2024-09-02,2024-09-02,0.13744938256432526,0.2501557882098382,-1.6515562183808674,-1.6986636188688564,2024-08-30,2024-08-30,2024-08-30,2024-08-30,2024-08-30,2.6148720930736724,2.3328161768431555,1.5137396582415308,2.110105127168982,3.7532752968429284
2024-09-03,2024-09-04,2024-09-03,2024-09-03,2024-09-03,2024-09-04,2024-09-03,2024-09-03,2024-09-03,2024-09-03,22092.21,-0.64,270.86,370558678507,429,1238,148,-5971663488,-37243,-687,-6.528824,-7.750219,-2.115107,-3.259178,2024-09-03,2024-09-03,2024-09-03,2024-09-03,38.13332875569662,-0.07000000000000028,-0.03000000000000025,-0.040000000000000036,0.15659122730726782,0.12783174701436195,2024-09-03,2024-09-03,2024-09-03,2024-09-03,-0.037628351994256626,-0.6105974333271202,-0.22880700759271289,0.25788349345992057,2024-09-03,2024-09-03,2024-09-03,2024-09-03,2024-09-03,-7.631738096490814,-7.5043143714085385,-9.52500836472302,-7.821752361435275,-6.160185227183701
2024-09-04,2024-09-05,2024-09-04,2024-09-04,2024-09-04,2024-09-05,2024-09-04,2024-09-04,2024-09-04,2024-09-04,21092.75,-4.52,262.06,552154454418,85,1707,20,-100751844312,-30917,296,0.236768,0.249004,-0.160254,-0.303449,2024-09-04,2024-09-04,2024-09-04,2024-09-04,2.8957548327861904,-0.06999999999999984,-0.1200000000000001,0.010000000000000231,-0.08130132213054475,-0.4615547601412251,2024-09-04,2024-09-04,2024-09-04,2024-09-04,-4.235863483275681,-3.146021686730205,-1.0999093450302921,-0.6497777553035822,2024-09-04,2024-09-04,2024-09-04,2024-09-04,2024-09-04,0.3278674230642542,-0.239801296268638,-1.6574082551179092,2.8698646164131647,0.870477053143115
2024-09-05,2024-09-06,2024-09-05,2024-09-05,2024-09-05,2024-09-06,2024-09-05,2024-09-05,2024-09-05,2024-09-05,21187.71,0.45,261.21,391079418282,826,844,145,-25713841993,-25669,179,1.759186,-0.595914,-0.301802,0.253797,2024-09-05,2024-09-05,2024-09-05,2024-09-05,-6.660413211162819,-0.040000000000000036,-0.009999999999999787,-0.020000000000000018,0.16272898106874933,-0.2466456180885923,2024-09-05,2024-09-05,2024-09-05,2024-09-05,-1.054101837711352,-0.20536456633017952,-0.07469100456716227,0.17219625749023137,2024-09-05,2024-09-05,2024-09-05,2024-09-05,2024-09-05,-0.5368785774363283,-0.1736031160669227,0.9415309374070091,-1.0151151596134111,-0.8434906787923802
2024-09-06,2024-09-09,2024-09-06,2024-09-06,2024-09-06,2024-09-09,2024-09-06,2024-09-06,2024-09-06,2024-09-06,21435.19,1.17,261.8,330695321009,961,661,195,1195974712,-27531,-756,-4.202804,-4.516675,-1.726025,-2.550436,2024-09-06,2024-09-06,2024-09-08,2024-09-06,12.462309496363154,-0.009999999999999787,-0.08999999999999986,0.06000000000000005,0.05905528468521659,0.06923122777338087,2024-09-06,2024-09-06,2024-09-05,2024-09-06,-0.7246104229282846,-1.2121906698941975,-0.07469100456716227,-0.8106770305426836,2024-09-06,2024-09-06,2024-09-06,2024-09-06,2024-09-06,-4.280690094034389,-4.129133476168734,-4.085437264081026,-3.6503128576962585,-10.352052457801197
2024-09-09,2024-09-10,2024-09-09,2024-09-09,2024-09-09,2024-09-10,2024-09-09,2024-09-09,2024-09-09,2024-09-09,21144.44,-1.36,260.59,346894414405,612,1052,146,-50123264824,-28097,227,3.80053,2.154479,1.158007,1.160934,2024-09-09,2024-09-09,2024-09-09,2024-09-09,-13.092039802055044,-0.020000000000000018,0.020000000000000018,0.020000000000000018,0.2563547314850423,0.36568763141533456,2024-09-09,2024-09-09,2024-09-09,2024-09-09,-0.48285698828794965,-0.32819098370070465,-1.4178833927001144,-1.1883623044196656,2024-09-09,2024-09-09,2024-09-09,2024-09-09,2024-09-09,1.9761752477935213,2.260465400163514,3.539822352263311,2.828423982385897,2.7883265140282942
2024-09-10,2024-09-11,2024-09-10,2024-09-10,2024-09-10,2024-09-11,2024-09-10,2024-09-10,2024-09-10,2024-09-10,21064.08,-0.38,256,410897406750,387,1341,98,-27012102327,-26965,140,-0.215018,1.186614,0.447267,0.836746,2024-09-10,2024-09-10,2024-09-10,2024-09-10,-1.9023178648836292,-0.050000000000000266,-0.0900000000000003,0.06000000000000005,0.1557220455938646,0.07877321443248153,2024-09-10,2024-09-10,2024-09-10,2024-09-10,-0.15625755023711552,-0.4929158272095169,0.21590388199950183,0.08800822551944254,2024-09-10,2024-09-10,2024-09-10,2024-09-10,2024-09-10,1.053080934754158,0.9460574116621601,1.5309450875642616,3.3948625759046003,5.247833408099445
2024-09-11,2024-09-12,2024-09-11,2024-09-11,2024-09-11,2024-09-12,2024-09-11,2024-09-11,2024-09-11,2024-09-11,21031,-0.16,257.02,292838533551,797,866,159,-8514879212,-27727,511,4.802071,4.903144,1.066503,2.171097,2024-09-11,2024-09-11,2024-09-11,2024-09-11,-7.285112134206173,0.0,0.03000000000000025,0.029999999999999805,-0.1585997292772645,0.04920107557724318,2024-09-11,2024-09-11,2024-09-11,2024-09-11,-1.4917122595469623,-0.39865638141910464,-0.727505237507331,-0.3013407428498094,2024-09-11,2024-09-11,2024-09-11,2024-09-11,2024-09-11,4.644306471135362,5.163553811397126,8.149866153881003,4.914592867851231,6.787664194642051
2024-09-12,2024-09-13,2024-09-12,2024-09-12,2024-09-12,2024-09-13,2024-09-12,2024-09-12,2024-09-12,2024-09-12,21653.25,2.96,262.12,392279399631,1407,291,125,36372607548,-30370,99,0.704927,-0.238892,0.74953,1.001122,2024-09-12,2024-09-12,2024-09-12,2024-09-12,-3.5048096128643014,0.03000000000000025,0.020000000000000018,0.040000000000000036,-0.5730778859112329,-0.3048756467971536,2024-09-12,2024-09-12,2024-09-12,2024-09-12,3.406815978793376,2.3363041639419713,0.7696645760223664,-0.4287305480879189,2024-09-12,2024-09-12,2024-09-12,2024-09-12,2024-09-12,-0.4410900843753951,0.21422451288570787,1.9074464611122055,0.6072358590705429,3.97421691813733
2024-09-13,2024-09-16,2024-09-13,2024-09-13,2024-09-13,2024-09-16,2024-09-13,2024-09-13,2024-09-13,2024-09-13,21759.65,0.49,264.3,352403593690,1187,468,171,2944555598,-31780,24,0.624166,1.675029,0.540771,0.650557,2024-09-13,2024-09-13,2024-09-15,2024-09-13,-2.9876991095463934,-0.020000000000000018,-0.07000000000000028,0.0900000000000003,0.04698615258813543,-0.25648824029378403,2024-09-13,2024-09-13,2024-09-13,2024-09-13,-0.6828278230544216,0.1290710708143461,0.7464982757604988,-0.4167090886661784,2024-09-13,2024-09-13,2024-09-13,2024-09-13,2024-09-13,1.7858790620758347,1.286878941500591,-0.03357471523608435,1.0214188780878652,1.9020448038704174
2024-09-16,2024-09-18,2024-09-16,2024-09-16,2024-09-16,2024-09-18,2024-09-17,2024-09-17,2024-09-17,2024-09-17,21850.08,0.42,265.08,313168147864,1214,474,136,-2053079919,-32276,-76,-1.023182,0.033809,0.026455,0.204237,2024-09-17,2024-09-17,2024-09-17,2024-09-17,2.7421309068831112,0.020000000000000018,0.029999999999999805,0.06000000000000005,0.24009018886061995,0.12901672356280258,2024-09-17,2024-09-13,2024-09-17,2024-09-13,-1.034786054483472,0.1290710708143461,1.36550777035076,-0.4167090886661784,2024-09-17,2024-09-17,2024-09-17,2024-09-17,2024-09-17,0.12278925217223957,-0.0342180624509969,-1.0190122057247453,-0.8285076878389752,-0.9450085424842602
2024-09-18,2024-09-19,2024-09-18,2024-09-18,2024-09-18,2024-09-19,2024-09-18,2024-09-18,2024-09-18,2024-09-18,21678.84,-0.78,263,409438736635,591,1094,147,-15924770214,-30477,-43,-0.041833,-1.075101,-0.289646,-0.31064,2024-09-18,2024-09-18,2024-09-18,2024-09-18,3.520720672322497,0.050000000000000266,0.020000000000000018,0.0900000000000003,-0.5025171841719578,-0.2874426774524319,2024-09-18,2024-09-13,2024-09-17,2024-09-18,0.48877732729220025,0.1290710708143461,1.36550777035076,0.3722405560061759,2024-09-18,2024-09-18,2024-09-18,2024-09-18,2024-09-18,-1.103789572178615,-1.1381155434778245,-1.9205758816871588,-1.6775055796457772,-0.4924004713159791
2024-09-19,2024-09-20,2024-09-19,2024-09-19,2024-09-19,2024-09-20,2024-09-19,2024-09-19,2024-09-19,2024-09-19,22042.69,1.68,267.76,416507591769,1365,312,144,27106699891,-30264,278,5.344334,4.267287,1.697685,2.507666,2024-09-19,2024-09-19,2024-09-19,2024-09-19,-10.422378860340853,0.029999999999999805,-0.020000000000000018,0.14000000000000012,-0.03461304571514834,0.00994248149321919,2024-09-19,2024-09-19,2024-09-19,2024-09-19,2.1307107967037275,0.20929238073543743,1.999661576676659,0.7893393341487753,2024-09-19,2024-09-19,2024-09-19,2024-09-19,2024-09-19,4.2577642019503426,4.340863362449143,3.969303952526948,5.698302373462605,3.5566277386799072
2024-09-20,2024-09-23,2024-09-20,2024-09-20,2024-09-20,2024-09-23,2024-09-20,2024-09-20,2024-09-20,2024-09-20,22159.42,0.53,267.01,576882809007,787,883,164,23788053286,-31945,-22,-1.214391,-1.314278,-0.194103,-0.364496,2024-09-20,2024-09-20,2024-09-22,2024-09-20,-1.1022676424785383,0.0,-0.040000000000000036,0.18000000000000016,0.6956707184216482,0.10933367427119478,2024-09-20,2024-09-20,2024-09-20,2024-09-20,1.530283972562807,0.4870609160551931,1.362393683958052,0.15675678978961383,2024-09-20,2024-09-20,2024-09-20,2024-09-20,2024-09-20,-1.462622689931048,-1.32315835989123,-1.5864958878490043,-0.5040248291661165,2.198069510702516
2024-09-23,2024-09-24,2024-09-23,2024-09-23,2024-09-23,2024-09-24,2024-09-23,2024-09-23,2024-09-23,2024-09-23,22285.53,0.57,267.37,382895555222,877,781,174,11590313001,-35862,-20,0.390621,0.514994,0.280927,0.144577,2024-09-23,2024-09-23,2024-09-23,2024-09-23,-1.609902670890473,0.020000000000000018,0.020000000000000018,0.18000000000000016,-0.17505941198043828,0.19856726153522075,2024-09-20,2024-09-23,2024-09-23,2024-09-23,1.530283972562807,0.33315308605061933,-0.06277018027065484,0.3658162402611298,2024-09-23,2024-09-23,2024-09-23,2024-09-23,2024-09-23,0.3889637073857255,0.44136321088545927,0.22413977261246387,0.5129868979884211,1.0753923274423594
2024-09-24,2024-09-25,2024-09-24,2024-09-24,2024-09-24,2024-09-25,2024-09-24,2024-09-24,2024-09-24,2024-09-24,22431.78,0.66,266.41,430458640946,657,996,161,10546160099,-31749,332,4.125662,1.312619,0.251118,0.557742,2024-09-24,2024-09-24,2024-09-24,2024-09-24,-3.1466330345934046,-0.009999999999999787,-0.07999999999999963,0.25,-0.7296520762731573,-0.5449816016074083,2024-09-24,2024-09-24,2024-09-24,2024-09-24,0.5743828956291219,1.1402693211649995,4.129153590251877,4.331163918897918,2024-09-24,2024-09-24,2024-09-24,2024-09-24,2024-09-24,1.2113660381369185,1.8623130383241149,3.965250753177929,1.0015995688795742,1.0986433847935961
2024-09-25,2024-09-26,2024-09-25,2024-09-25,2024-09-25,2024-09-26,2024-09-25,2024-09-25,2024-09-25,2024-09-25,22761.6,1.47,270.18,531818494979,1240,434,153,34739262394,-34290,147,0.208828,0.800118,-0.186125,0.042554,2024-09-25,2024-09-25,2024-09-25,2024-09-25,0.12995129072905787,0.04999999999999982,0.03999999999999959,0.26000000000000023,0.5141959081656822,0.5479679259867476,2024-09-25,2024-09-25,2024-09-25,2024-09-25,-0.18536381561180537,-1.3436232444576257,0.67650142311797,1.480353544355073,2024-09-25,2024-09-25,2024-09-25,2024-09-25,2024-09-25,0.4444291956517743,0.8792109463069853,2.1841642505655345,2.3370368728350854,0.3889315653245351
2024-09-26,2024-09-27,2024-09-26,2024-09-26,2024-09-26,2024-09-27,2024-09-26,2024-09-26,2024-09-26,2024-09-26,22858.81,0.43,270.98,531783891882,563,1082,183,21210167525,-37081,254,2.456811,3.467692,0.403868,0.597704,2024-09-26,2024-09-26,2024-09-26,2024-09-26,-0.2595714617073419,0.0,0.07000000000000028,0.18999999999999995,-1.264795450138878,-0.3567188038875124,2024-09-26,2024-09-26,2024-09-26,2024-09-26,2.786796656801238,2.8983329488937226,4.158483593028817,4.227216512100673,2024-09-26,2024-09-26,2024-09-26,2024-09-26,2024-09-26,3.574709007137278,2.883441404514575,0.4291140556473172,3.3761270685467304,1.4642160453917752
2024-09-27,2024-09-30,2024-09-27,2024-09-27,2024-09-27,2024-09-30,2024-09-27,2024-09-27,2024-09-27,2024-09-27,22822.79,-0.16,270.34,517019038887,1095,568,171,24649457628,-36237,-241,-4.742279,-1.756332,-0.125322,-0.388665,2024-09-27,2024-09-27,2024-09-29,2024-09-27,10.344822451218505,-0.040000000000000036,-0.050000000000000266,0.20000000000000018,0.36554889324060813,-0.13921976237804,2024-09-27,2024-09-27,2024-09-27,2024-09-27,2.32219674517542,-0.8156267103217485,3.551998086534325,4.466729666936176,2024-09-27,2024-09-27,2024-09-27,2024-09-27,2024-09-27,-1.5860931845235071,-1.9317511354394856,-2.128345187167735,-1.8747383644790672,-3.0321713782502147
2024-09-30,2024-10-01,2024-09-30,2024-09-30,2024-09-30,2024-10-01,2024-09-30,2024-09-30,2024-09-30,2024-09-30,22224.54,-2.62,268.45,435444105584,523,1156,159,-40340637430,-37202,-116,-2.416139,-0.846616,0.423655,0.384005,2024-09-30,2024-09-30,2024-09-30,2024-09-30,-1.3561294495994303,0.06000000000000005,0.11000000000000032,0.1499999999999999,0.015832654460190554,0.35849493817545763,2024-09-30,2024-09-30,2024-09-30,2024-09-30,-4.795453125608362,-2.1326302236725714,2.4300678415159593,8.482648927939529,2024-09-30,2024-09-30,2024-09-30,2024-09-30,2024-09-30,-0.8982277822239926,-0.9243596085191319,0.032949682886807,-0.164286134733016,-0.1100251541606867
2024-10-01,2024-10-04,2024-10-01,2024-10-01,2024-10-01,2024-10-04,2024-10-03,2024-10-03,2024-10-03,2024-10-03,22390.39,0.75,270.28,355642656589,744,910,177,-9307641062,-39479,-291,2.093284,0.510075,-0.168141,-0.037036,2024-10-03,2024-10-03,2024-10-03,2024-10-03,8.412699389840173,0.06000000000000005,0.07000000000000028,0.1499999999999999,0.6475584055064321,0.3048756467971536,2024-10-03,2024-10-02,2024-10-03,2024-09-30,1.9659381614483884,-1.2177705324611043,-1.4713271645495407,8.482648927939529,2024-10-03,2024-10-03,2024-10-03,2024-10-03,2024-10-03,0.35659821225966226,0.9202689254442786,3.3655869174209263,1.921396512500495,0.7207287596069367
2024-10-04,2024-10-07,2024-10-04,2024-10-04,2024-10-04,2024-10-07,2024-10-04,2024-10-04,2024-10-04,2024-10-04,22302.71,-0.39,267.72,464303896816,421,1306,101,-22318869442,-37000,234,0.936042,1.592713,0.897025,1.224262,2024-10-04,2024-10-04,2024-10-06,2024-10-04,-6.246953152482426,0.1299999999999999,0.22999999999999998,0.04999999999999982,1.005679869258036,0.5196576040768397,2024-10-04,2024-10-04,2024-10-04,2024-09-30,0.21675236822125132,0.31307534146178817,2.8189074534382463,8.482648927939529,2024-10-04,2024-10-04,2024-10-04,2024-10-04,2024-10-04,1.368658986356186,1.3371515974869297,1.6849814574969368,4.943191581983597,2.7633952044135324
2024-10-07,2024-10-08,2024-10-07,2024-10-07,2024-10-07,2024-10-08,2024-10-07,2024-10-07,2024-10-07,2024-10-07,22702.56,1.79,271.02,435638680063,1222,481,127,1746515126,-42146,-207,1.849189,-0.192824,-0.958602,-1.179573,2024-10-07,2024-10-07,2024-10-07,2024-10-07,17.855286145995876,0.050000000000000266,0.06000000000000005,0.040000000000000036,-0.6747083567230305,0.019512556687439897,2024-10-07,2024-10-07,2024-10-07,2024-09-30,1.8043379859441933,1.5826658452988474,1.5961307337674313,8.482648927939529,2024-10-07,2024-10-07,2024-10-07,2024-10-07,2024-10-07,-0.27263496530223197,0.16140500551315995,2.241436993915902,0.0409639126500716,-0.883150794827936
2024-10-08,2024-10-09,2024-10-08,2024-10-08,2024-10-08,2024-10-09,2024-10-08,2024-10-08,2024-10-08,2024-10-08,22611.39,-0.4,269.78,420662226219,412,1290,132,-25130696662,-41090,213,0.834648,1.333519,0.968935,1.445107,2024-10-08,2024-10-08,2024-10-08,2024-10-08,-5.388689691892424,0.009999999999999787,-0.010000000000000231,0.06000000000000005,0.1500498127376071,0.009754375015758043,2024-10-08,2024-10-08,2024-10-08,2024-10-08,-1.0047589769217602,-0.6136951750242869,-9.406974008054558,5.929788175496631,2024-10-08,2024-10-08,2024-10-08,2024-10-08,2024-10-08,0.9850311575273274,1.7323354405814007,4.047915846799466,1.0703642849556827,3.227092664721587
2024-10-09,2024-10-11,2024-10-09,2024-10-09,2024-10-09,2024-10-11,2024-10-10,2024-10-10,2024-10-10,2024-10-10,22659.08,0.21,267.95,486178172862,398,1314,118,13320374742,-40450,90,-0.726729,-0.525376,-0.207012,-0.05231,2024-10-10,2024-10-10,2024-10-10,2024-10-10,0.3355689970089504,0.03000000000000025,-0.010000000000000231,0.10999999999999988,-0.09929871833751491,0.05828967105399041,2024-10-10,2024-10-10,2024-10-10,2024-10-10,0.2620545594609336,0.18500919258543913,2.978790901271,1.0568824614930472,2024-10-10,2024-10-10,2024-10-10,2024-10-10,2024-10-10,-0.7016772014932449,-0.1959631636138104,1.6283481051608373,-3.999538899427524,-0.13981958112551096
2024-10-11,2024-10-14,2024-10-11,2024-10-11,2024-10-11,2024-10-14,2024-10-11,2024-10-11,2024-10-11,2024-10-11,22901.64,1.07,269.45,435225289249,596,1072,160,21988528227,-41849,129,2.707503,0.79336,0.605185,0.333052,2024-10-11,2024-10-11,2024-10-13,2024-10-11,-2.2455863060207304,-0.009999999999999787,-0.029999999999999805,0.1299999999999999,-0.20343946585824613,-0.0970953259493923,2024-10-11,2024-10-11,2024-10-10,2024-10-11,0.571114956214891,-0.0865664320812809,2.978790901271,-2.7670316876731493,2024-10-11,2024-10-11,2024-10-11,2024-10-11,2024-10-11,0.8394033035833859,0.8011029231562272,-0.00741377272972521,2.259719137150662,-2.2672231453040315
2024-10-14,2024-10-15,2024-10-14,2024-10-14,2024-10-14,2024-10-15,2024-10-14,2024-10-14,2024-10-14,2024-10-14,22975.29,0.32,270.26,379310539289,955,700,171,-1607699802,-39071,155,0.733719,1.804181,0.770767,0.870907,2024-10-14,2024-10-11,2024-10-14,2024-10-14,-3.7145569674535084,-0.009999999999999787,-0.029999999999999805,0.1299999999999999,0.06846983628858716,0.3984873792803434,2024-10-11,2024-10-14,2024-10-14,2024-10-14,0.571114956214891,1.0158275737681466,-0.7486894144240641,1.9080762484354752,2024-10-14,2024-10-14,2024-10-14,2024-10-14,2024-10-14,1.843198935760082,1.7881476856264955,2.425819138301799,-1.5605426926632249,0.4573516919742504
2024-10-15,2024-10-16,2024-10-15,2024-10-15,2024-10-15,2024-10-16,2024-10-15,2024-10-15,2024-10-15,2024-10-15,23292.04,1.38,270.8,501526030159,762,874,194,33428479334,-39049,-358,-2.642943,-5.283301,-0.760947,-1.011202,2024-10-15,2024-10-15,2024-10-15,2024-10-15,4.771566448247833,-0.04999999999999982,0.0,0.08000000000000007,0.05909743352694452,-0.03872305357754957,2024-10-15,2024-10-15,2024-10-15,2024-10-15,0.7694579934974355,0.38729656111551325,-3.669866213857631,-2.6594560254569743,2024-10-15,2024-10-15,2024-10-15,2024-10-15,2024-10-15,-5.187657332398466,-5.404162271569302,-4.6860294614964,-5.221761154301929,-3.4721089988607123
2024-10-16,2024-10-17,2024-10-16,2024-10-16,2024-10-16,2024-10-17,2024-10-16,2024-10-16,2024-10-16,2024-10-16,23010.98,-1.21,270.37,482921769403,818,836,172,-34079979432,-32317,114,0.187031,0.206987,0.467915,0.281128,2024-10-16,2024-10-16,2024-10-16,2024-10-16,-5.135656479108253,-0.010000000000000675,-0.020000000000000018,0.08999999999999941,-0.11191169434519033,0.31957601668921587,2024-10-16,2024-10-16,2024-10-16,2024-10-16,-1.8297166681625288,-0.8767906805946746,-0.15719171564189116,-0.6327791930358928,2024-10-16,2024-10-16,2024-10-16,2024-10-16,2024-10-16,0.0,0.0647368747931143,3.1306952326026094,-0.32558382841110234,0.47733357033388213
2024-10-17,2024-10-18,2024-10-17,2024-10-17,2024-10-17,2024-10-18,2024-10-17,2024-10-17,2024-10-17,2024-10-17,23053.84,0.19,271.78,438540864026,1102,545,180,-3916194907,-34416,628,9.793045,0.949409,-0.017116,0.035549,2024-10-17,2024-10-17,2024-10-17,2024-10-17,-2.4004050826652468,0.07000000000000028,0.029999999999999805,0.1299999999999999,-0.20848772856875142,0.23168790582945853,2024-10-17,2024-10-17,2024-10-17,2024-10-17,-0.6868486704644794,-0.040609668786162345,-1.0240624049581037,-1.1319091080375987,2024-10-17,2024-10-17,2024-10-17,2024-10-17,2024-10-17,0.7872947226106319,1.7224625508163616,0.8915351047709352,0.07685589792785219,2.6637208799804135
2024-10-18,2024-10-21,2024-10-18,2024-10-18,2024-10-18,2024-10-21,2024-10-18,2024-10-18,2024-10-18,2024-10-18,23487.27,1.88,268.69,552675898208,490,1192,151,56620954409,-28759,68,-2.458219,0.073203,0.397155,0.631021,2024-10-18,2024-10-18,2024-10-20,2024-10-18,-5.651490786039204,-0.009999999999999787,-0.009999999999999787,0.1299999999999999,-0.08108075314693375,-0.3274621605404482,2024-10-18,2024-10-18,2024-10-18,2024-10-18,0.1813323910166087,-0.5932618012137847,3.6107683099818377,3.6167384899825405,2024-10-18,2024-10-18,2024-10-18,2024-10-18,2024-10-18,0.0916459609255238,-0.027827062449015116,0.7814265547740673,-0.17919921875000355,-0.9034316094731709
2024-10-21,2024-10-22,2024-10-21,2024-10-21,2024-10-21,2024-10-22,2024-10-21,2024-10-21,2024-10-21,2024-10-21,23542.53,0.24,272.46,416106147278,1125,547,163,21116206203,-33579,86,0.582726,0.126518,-0.182277,0.272905,2024-10-21,2024-10-21,2024-10-21,2024-10-21,1.8857467534081795,0.11000000000000032,0.0699999999999994,0.17000000000000082,0.028084610514422792,0.5024681449365298,2024-10-21,2024-10-21,2024-10-21,2024-10-21,-0.06964396801066863,0.42793459928180955,-1.5653082361282267,0.25399710979314705,2024-10-21,2024-10-21,2024-10-21,2024-10-21,2024-10-21,-0.18748165914981296,0.528806751263522,4.1376860245414315,1.2374127464743978,0.055592920037206284
2024-10-22,2024-10-23,2024-10-22,2024-10-22,2024-10-22,2024-10-23,2024-10-22,2024-10-22,2024-10-22,2024-10-22,23535.43,-0.03,273.55,443975934752,770,907,156,7857295541,-34905,-60,-1.718248,-0.46978,-0.047485,0.214454,2024-10-22,2024-10-22,2024-10-22,2024-10-22,-0.9254222565459602,0.009999999999999787,0.010000000000000675,0.16999999999999993,-0.11543711676430535,0.06730092624411821,2024-10-22,2024-10-22,2024-10-22,2024-10-22,-1.3930077660513907,-1.3136668968500853,0.1000479543483701,0.573797479293936,2024-10-22,2024-10-22,2024-10-22,2024-10-22,2024-10-22,-0.37128854755625884,-0.4548306886334341,-0.08350871224681589,-2.412918116444951,-0.33890804585520184
2024-10-23,2024-10-24,2024-10-23,2024-10-23,2024-10-23,2024-10-24,2024-10-23,2024-10-23,2024-10-23,2024-10-23,23334.76,-0.85,274.07,402253585777,801,848,181,-7893276517,-36095,-109,1.199116,-1.143193,-0.919132,-1.631447,2024-10-23,2024-10-23,2024-10-23,2024-10-23,5.714280025176999,0.040000000000000036,0.040000000000000036,0.16999999999999993,-0.03123109124840706,0.33627831280136355,2024-10-23,2024-10-23,2024-10-23,2024-10-23,-0.7994946235618694,1.1249918918947222,1.2742173712791294,0.3898632952414438,2024-10-23,2024-10-23,2024-10-23,2024-10-23,2024-10-23,-0.8944267487480007,-1.0648050810815213,-2.8066013525159694,-0.7657814938185514,-3.2723883466339476
2024-10-24,2024-10-25,2024-10-24,2024-10-24,2024-10-24,2024-10-25,2024-10-24,2024-10-24,2024-10-24,2024-10-24,23192.52,-0.61,270.23,446788584736,404,1287,143,-6685257341,-35511,-3,-1.458731,0.511359,0.214577,0.759657,2024-10-24,2024-10-24,2024-10-24,2024-10-24,-0.8316000484173136,-0.03000000000000025,0.0,0.13999999999999968,-0.06311938616798685,-0.3543069477169092,2024-10-24,2024-10-24,2024-10-24,2024-10-24,0.10085245853239666,-0.715107863941955,-1.3031276022073879,-1.1169780416544706,2024-10-24,2024-10-24,2024-10-24,2024-10-24,2024-10-24,0.5574278017386192,0.42167104731571925,0.6090614204537825,0.3466083098578876,-1.2448783768679195
2024-10-25,2024-10-28,2024-10-25,2024-10-25,2024-10-25,2024-10-28,2024-10-25,2024-10-25,2024-10-25,2024-10-25,23348.45,0.67,270.11,366206432649,861,773,202,17915121943,-37492,75,2.783817,1.070655,-0.029945,0.559959,2024-10-25,2024-10-25,2024-10-24,2024-10-25,6.551362709634656,0.040000000000000036,0.040000000000000036,0.13999999999999968,-0.06311938616798685,0.19220121307814697,2024-10-25,2024-10-25,2024-10-25,2024-10-25,-0.6013303863863673,0.08678667853334598,0.49064479583553755,0.7022406976472606,2024-10-25,2024-10-25,2024-10-25,2024-10-25,2024-10-25,1.0030790799319567,1.159725339353379,0.8047785731440493,1.8182959083295147,0.962937751801185
2024-10-28,2024-10-29,2024-10-28,2024-10-28,2024-10-28,2024-10-29,2024-10-28,2024-10-28,2024-10-28,2024-10-28,23198.07,-0.64,266.99,383392559649,492,1187,150,8006262340,-40342,-154,-4.305943,-0.022256,0.265144,0.262331,2024-10-28,2024-10-28,2024-10-28,2024-10-28,-2.6069881388808724,0.03000000000000025,0.009999999999999787,0.16000000000000014,0.25012638112038577,0.05754609376984465,2024-10-28,2024-10-28,2024-10-28,2024-10-28,1.824156776184216,1.1287984565649944,0.04472519238709616,0.19563116118137547,2024-10-28,2024-10-28,2024-10-28,2024-10-28,2024-10-28,0.06098065534099195,-0.6918089632957258,-0.7206366130100728,2.3619039507890127,-0.5664715188087088
2024-10-29,2024-10-30,2024-10-29,2024-10-29,2024-10-29,2024-10-30,2024-10-29,2024-10-29,2024-10-29,2024-10-29,22926.59,-1.17,264.37,387831403921,327,1391,109,-29169609759,-40874,76,1.160884,2.312119,0.161413,0.783967,2024-10-29,2024-10-29,2024-10-29,2024-10-29,-2.3232277888761477,0.0,-0.009999999999999787,0.16999999999999993,-0.15593671303683054,-0.0383444360087859,2024-10-29,2024-10-29,2024-10-29,2024-10-29,0.7722946112806106,0.20556023809326085,0.4940991035067066,-0.9966805235311793,2024-10-29,2024-10-29,2024-10-29,2024-10-29,2024-10-29,2.4595132624329663,2.273001298220967,0.5194959474407845,3.9582303048599554,4.197186979060552
2024-10-30,2024-11-01,2024-10-30,2024-10-30,2024-10-30,2024-11-01,2024-10-31,2024-10-31,2024-10-31,2024-10-31,22820.43,-0.46,264.22,386147960050,624,1053,154,-2825018675,-38775,-201,-2.025917,-4.011655,-1.86147,-2.755703,2024-10-31,2024-10-31,2024-10-31,2024-10-31,13.808350925148428,-0.009999999999999787,0.009999999999999787,0.1200000000000001,-0.42964366675352084,-0.009611027061495747,2024-10-31,2024-10-31,2024-10-31,2024-10-31,-0.49937285007715104,-1.4511635927306865,-0.3106406125298111,0.04088207614409978,2024-10-31,2024-10-31,2024-10-31,2024-10-31,2024-10-31,-3.8798663554027057,-3.590234666888714,-4.722263530923742,-3.048451274047226,-3.889263553513178
2024-11-01,2024-11-04,2024-11-01,2024-11-01,2024-11-01,2024-11-04,2024-11-01,2024-11-01,2024-11-01,2024-11-01,22780.08,-0.18,264.94,464335694752,1165,511,152,-21337281281,-39276,14,1.264828,1.105376,0.409251,0.800046,2024-11-01,2024-11-01,2024-11-01,2024-11-01,-5.526773294813014,0.08999999999999986,0.04999999999999982,0.16000000000000014,-0.008469656393517155,0.28851261076947576,2024-11-01,2024-11-01,2024-11-01,2024-11-01,-2.629337917799457,-0.5394752048473728,0.9307306060780007,-0.026214572993599194,2024-11-01,2024-11-01,2024-11-01,2024-11-01,2024-11-01,1.0629558245251802,1.2702778125027514,1.9885503908427138,-1.5339811213403554,-0.5006809696202041
2024-11-04,2024-11-05,2024-11-04,2024-11-04,2024-11-04,2024-11-05,2024-11-04,2024-11-04,2024-11-04,2024-11-04,22965.39,0.81,263.94,362522563455,512,1201,116,-1712738279,-39117,-188,-0.720394,-0.548447,-0.281208,-0.328617,2024-11-04,2024-11-04,2024-11-04,2024-11-04,0.45704015221827987,-0.0600000000000005,-0.040000000000000036,0.13999999999999968,0.18830568818823945,-0.3739925145893497,2024-11-01,2024-11-04,2024-11-04,2024-11-04,-2.629337917799457,1.8333305004740508,0.297905801648346,1.4071904504227017,2024-11-04,2024-11-04,2024-11-04,2024-11-04,2024-11-04,-0.5757567603221103,-0.19611674261044154,0.4800658674847469,-0.8106540896211323,-0.21903570992076737
2024-11-05,2024-11-06,2024-11-05,2024-11-05,2024-11-05,2024-11-06,2024-11-05,2024-11-05,2024-11-05,2024-11-05,23106.79,0.62,263.74,380242628053,885,741,199,9314416880,-41306,113,2.192523,1.685365,1.226564,1.425686,2024-11-05,2024-11-05,2024-11-05,2024-11-05,-6.778888999770039,-0.04999999999999982,0.020000000000000462,0.0699999999999994,-0.03382976410999383,-0.45240275624638393,2024-11-05,2024-11-05,2024-11-05,2024-11-05,1.1069275098698927,-0.4669844775117893,2.1366269822051365,2.5301934299339024,2024-11-05,2024-11-05,2024-11-05,2024-11-05,2024-11-05,1.1672963326306185,1.6539047838336263,2.837192593728277,0.6751452653783074,3.1741268156985525
2024-11-06,2024-11-07,2024-11-06,2024-11-06,2024-11-06,2024-11-07,2024-11-06,2024-11-06,2024-11-06,2024-11-06,23217.38,0.48,265.09,447573478211,838,816,176,-2007912778,-44625,-78,-1.297504,3.118724,2.529593,2.951872,2024-11-06,2024-11-06,2024-11-06,2024-11-06,-20.595409275225197,0.16000000000000014,0.07999999999999918,0.15000000000000036,-0.2810876692411757,1.6147729631722063,2024-11-06,2024-11-06,2024-11-06,2024-11-06,2.6141029043489583,-0.518839591090392,-2.2306397736837513,-0.5016612079792759,2024-11-06,2024-11-06,2024-11-06,2024-11-06,2024-11-06,2.916122667819865,2.617695648144891,4.074045314163532,2.428351230041903,3.248999053235546
2024-11-07,2024-11-08,2024-11-07,2024-11-07,2024-11-07,2024-11-08,2024-11-07,2024-11-07,2024-11-07,2024-11-07,23408.82,0.82,267.58,485037977080,1285,400,147,5435117757,-45946,216,4.124832,2.270517,0.743123,1.506522,2024-11-07,2024-11-07,2024-11-07,2024-11-07,-6.5765250054922735,-0.11000000000000032,-0.05999999999999961,0.09999999999999964,1.6098729025626257,-0.5519023902097464,2024-11-07,2024-11-07,2024-11-07,2024-11-07,-0.2514185145183756,0.04368514429859971,2.0204074859464294,3.017189786289287,2024-11-07,2024-11-07,2024-11-07,2024-11-07,2024-11-07,2.084614978525834,2.4371066734342417,2.245727806300457,3.252929718924924,2.3725950623392222
2024-11-08,2024-11-11,2024-11-08,2024-11-08,2024-11-08,2024-11-11,2024-11-08,2024-11-08,2024-11-08,2024-11-08,23553.89,0.62,266.53,498439649074,473,1233,133,-12272057,-42828,-210,0.004968,-0.814966,0.375683,0.089875,2024-11-08,2024-11-08,2024-11-08,2024-11-08,-1.7105278430553206,-0.009999999999999787,0.04999999999999982,0.040000000000000036,-0.9296486058043341,0.46885260142930374,2024-11-08,2024-11-08,2024-11-08,2024-11-08,0.30207383897125073,-0.13569133277561152,-1.0745322335434682,-1.004664801185906,2024-11-08,2024-11-08,2024-11-08,2024-11-08,2024-11-08,-0.7464630834850161,-0.6436260617930123,-0.8396023367838512,-1.2481713286328633,-0.09248581209034823
2024-11-11,2024-11-12,2024-11-11,2024-11-11,2024-11-11,2024-11-12,2024-11-11,2024-11-11,2024-11-11,2024-11-11,23529.64,-0.1,265.55,413301636731,777,930,131,-172795792,-51698,-458,-3.553675,-2.535287,0.096906,0.062118,2024-11-11,2024-11-08,2024-11-11,2024-11-11,0.20080781451226049,-0.009999999999999787,0.04999999999999982,0.040000000000000036,0.627458984621776,0.514286586216528,2024-11-11,2024-11-11,2024-11-11,2024-11-11,0.08341496000581206,-1.1514355410196075,-1.4533819574848672,0.6598379506522978,2024-11-11,2024-11-11,2024-11-11,2024-11-11,2024-11-11,-2.5025904524802134,-2.240301396096256,-1.6053717385282607,-0.4055362332561985,-2.5756892524830266
2024-11-12,2024-11-13,2024-11-12,2024-11-12,2024-11-12,2024-11-13,2024-11-12,2024-11-12,2024-11-12,2024-11-12,22981.77,-2.33,260.46,492245482068,293,1449,101,-47671175170,-49505,-40,-1.174954,-0.926035,-0.289266,-0.089951,2024-11-12,2024-11-12,2024-11-12,2024-11-12,-1.7368084451840793,0.1299999999999999,0.08000000000000007,0.08999999999999986,0.4336932611868294,0.4547998136964715,2024-11-12,2024-11-12,2024-11-12,2024-11-12,-0.39771632513316835,-1.9390378429264832,-2.8396280645150207,-1.0987282865873804,2024-11-12,2024-11-12,2024-11-12,2024-11-12,2024-11-12,-1.0905734955850455,-0.6586984486988023,2.0859141497174383,-2.524602013310928,-1.5035506044070113
2024-11-13,2024-11-14,2024-11-13,2024-11-13,2024-11-13,2024-11-14,2024-11-13,2024-11-13,2024-11-13,2024-11-13,22860.23,-0.53,260.03,439006263248,688,986,170,-42519495291,-44794,19,-2.664651,-2.00347,0.023223,-0.262842,2024-11-13,2024-11-13,2024-11-13,2024-11-13,-4.690683742990798,0.010000000000000675,-0.07000000000000028,0.17000000000000082,0.1235439255507842,0.4338867463049123,2024-11-13,2024-11-13,2024-11-13,2024-11-13,-1.6619976490730104,-2.637991614780666,-0.11806208134681473,0.6155591531641358,2024-11-13,2024-11-13,2024-11-13,2024-11-13,2024-11-13,-2.124515028549623,-1.679502786186049,-1.3621883506152788,-3.0146916966183546,-1.4981269840884992
2024-11-14,2024-11-15,2024-11-14,2024-11-14,2024-11-14,2024-11-15,2024-11-14,2024-11-14,2024-11-14,2024-11-14,22715.38,-0.63,256.17,459173962890,298,1471,70,-25427151819,-47248,16,0.985748,-0.033961,-0.604973,-0.639967,2024-11-14,2024-11-14,2024-11-14,2024-11-14,2.068473269502902,-0.010000000000000675,0.07000000000000028,0.08999999999999986,-0.020971256315938103,0.1784323873233129,2024-11-14,2024-11-14,2024-11-14,2024-11-14,-0.48025042508407223,0.07364378669059146,-1.9554552166852535,-1.7336882563379952,2024-11-14,2024-11-14,2024-11-14,2024-11-14,2024-11-14,-0.05952723676788674,0.22210062679157705,0.3349902372753677,-0.3302273537612699,-1.843528583066123
2024-11-15,2024-11-18,2024-11-15,2024-11-15,2024-11-15,2024-11-18,2024-11-15,2024-11-15,2024-11-15,2024-11-15,22742.77,0.12,256.45,459038218589,1088,604,143,5128163032,-45184,-212,-1.320958,-3.416863,-1.320349,-2.237487,2024-11-15,2024-11-15,2024-11-15,2024-11-15,12.78825238553527,0.0,-0.03000000000000025,0.1200000000000001,0.3986669276656585,0.018753419709693908,2024-11-15,2024-11-15,2024-11-15,2024-11-15,0.27821199478283987,-0.08268357454254138,-0.04872810990906862,-1.7523934679230746,2024-11-15,2024-11-15,2024-11-15,2024-11-15,2024-11-15,-3.2212236997570476,-3.316139886542191,-3.2570175512470656,-2.837800738497276,-3.2515602689014433
2024-11-18,2024-11-19,2024-11-18,2024-11-18,2024-11-18,2024-11-19,2024-11-18,2024-11-18,2024-11-18,2024-11-18,22546.54,-0.86,251.78,389150882114,427,1285,127,-10703393837,-46583,49,0.790281,1.141598,0.391781,0.597916,2024-11-18,2024-11-18,2024-11-18,2024-11-18,-3.469637466662756,-0.009999999999999787,-0.019999999999999574,0.1299999999999999,-0.23173876056459264,-0.38429436004048245,2024-11-18,2024-11-18,2024-11-18,2024-11-18,-1.0922018865645367,2.1602392615596377,0.7735349657148394,-0.4648774311148296,2024-11-18,2024-11-18,2024-11-18,2024-11-18,2024-11-18,1.2925503720273346,0.6626365318244121,-1.2889152599824594,2.9873973029155954,0.5035196854489943
2024-11-19,2024-11-20,2024-11-19,2024-11-19,2024-11-19,2024-11-20,2024-11-19,2024-11-19,2024-11-19,2024-11-19,22848.8,1.34,256.29,403373260340,1389,335,118,10652245301,-41369,10,1.168126,0.621632,0.396358,1.041199,2024-11-19,2024-11-19,2024-11-19,2024-11-19,4.942236595213734,-0.03000000000000025,-0.020000000000000462,0.1200000000000001,-0.06007286302424086,-0.06586346972922152,2024-11-19,2024-11-19,2024-11-19,2024-11-19,0.5064725590518515,0.11663835908932718,0.4447171888007251,0.6710749485376422,2024-11-19,2024-11-19,2024-11-19,2024-11-19,2024-11-19,0.19164422615245424,1.0929864465637484,4.894756267644507,0.33110684381931765,-0.1931502800545548
2024-11-20,2024-11-21,2024-11-20,2024-11-20,2024-11-20,2024-11-21,2024-11-20,2024-11-20,2024-11-20,2024-11-20,22688.36,-0.7,255.82,438646442498,520,1162,159,-32148813760,-41885,-33,-0.690672,-0.709677,0.002195,-0.112338,2024-11-20,2024-11-20,2024-11-20,2024-11-20,4.954125058372449,0.020000000000000462,0.040000000000000036,0.10000000000000053,-0.36001887929690835,0.4425206899110412,2024-11-20,2024-11-20,2024-11-20,2024-11-20,-0.1616315646362554,0.41829681404847996,0.21023463023051026,0.22329325661485377,2024-11-20,2024-11-20,2024-11-20,2024-11-20,2024-11-20,-0.7651034956614122,-0.6716354487838805,-0.7618496422264864,-1.2841619154679074,-1.270036907165839
2024-11-21,2024-11-22,2024-11-21,2024-11-21,2024-11-21,2024-11-22,2024-11-21,2024-11-21,2024-11-21,2024-11-21,22555.66,-0.58,257.95,408552295744,998,630,213,-26352251633,-43707,226,1.52899,1.613345,0.534046,0.033108,2024-11-21,2024-11-21,2024-11-21,2024-11-21,-1.6899709251596895,0.019999999999999574,0.03000000000000025,0.08999999999999986,0.45165552347810056,0.2718418772944764,2024-11-21,2024-11-21,2024-11-21,2024-11-21,-0.850451289488019,-0.06688002706674023,-0.5272790618264578,0.08856580484013499,2024-11-21,2024-11-21,2024-11-21,2024-11-21,2024-11-21,1.5843143297535223,1.4678044511953647,0.5346485588869188,-0.07994230048856688,0.4226661203101001
2024-11-22,2024-11-25,2024-11-22,2024-11-22,2024-11-22,2024-11-25,2024-11-22,2024-11-22,2024-11-22,2024-11-22,22904.32,1.55,259.58,409195363109,1159,504,172,8040908897,-38202,20,-0.60657,-0.14608,0.346796,0.16461,2024-11-22,2024-11-22,2024-11-22,2024-11-22,-9.66212796103989,-0.019999999999999574,0.03000000000000025,0.040000000000000036,0.10408579018676978,0.4861144593179212,2024-11-22,2024-11-22,2024-11-22,2024-11-22,0.677637728949021,0.8308416972913069,-1.893457481280958,-3.098290330218656,2024-11-22,2024-11-22,2024-11-22,2024-11-22,2024-11-22,0.04164954513512509,-0.6013860014719374,-3.2181095518023284,0.6255004552998766,0.17688988765049984
2024-11-25,2024-11-26,2024-11-25,2024-11-25,2024-11-25,2024-11-26,2024-11-25,2024-11-25,2024-11-25,2024-11-25,22948.37,0.19,261.8,558402404444,1313,392,135,5215840041,-46343,-207,-2.630471,0.648132,0.302048,0.269366,2024-11-25,2024-11-25,2024-11-25,2024-11-25,-4.199471123755016,-0.14000000000000057,-0.16000000000000014,0.05999999999999961,0.194435698150075,-0.623312105554652,2024-11-25,2024-11-25,2024-11-25,2024-11-25,1.296340473188251,1.323347531043928,-0.4107154918190581,-0.4555413897530114,2024-11-25,2024-11-25,2024-11-25,2024-11-25,2024-11-25,0.9760839284933986,-0.392441940250321,-4.177522228438968,2.009395487280896,0.35925933874987326
2024-11-26,2024-11-27,2024-11-26,2024-11-26,2024-11-26,2024-11-27,2024-11-26,2024-11-26,2024-11-26,2024-11-26,22678.76,-1.17,259.72,369376563101,573,1071,193,-29254619095,-48462,17,-0.669984,-1.210121,0.572201,0.626932,2024-11-26,2024-11-26,2024-11-26,2024-11-26,-3.42465744476691,0.03000000000000025,0.0,0.08999999999999986,-0.7261611146034852,0.17787159890383375,2024-11-26,2024-11-26,2024-11-26,2024-11-26,-0.8719427509811917,-0.5516221179449388,0.04286454264001982,-0.20556057860734445,2024-11-26,2024-11-26,2024-11-26,2024-11-26,2024-11-26,-1.2965007544809892,-0.9193160385363663,0.6616628938502345,-2.416214514369841,-0.04853890759591861
2024-11-27,2024-11-28,2024-11-27,2024-11-27,2024-11-27,2024-11-28,2024-11-27,2024-11-27,2024-11-27,2024-11-27,22334.78,-1.52,255.4,422831358034,206,1535,97,-41060965873,-45338,-84,-1.441468,-1.512925,-0.380124,-0.593609,2024-11-27,2024-11-27,2024-11-27,2024-11-27,0.0,-0.04999999999999982,-0.019999999999999574,0.05999999999999961,0.22577646053867362,-0.8690779241288471,2024-11-27,2024-11-27,2024-11-27,2024-11-27,-0.7986869829873622,-0.6864117860451935,2.3170678249983867,1.7410670492544078,2024-11-27,2024-11-27,2024-11-27,2024-11-27,2024-11-27,-1.3413782458036927,-1.3130636206562074,-1.153959868670995,-1.0746410938286988,-3.0775811309713297
2024-11-28,2024-11-29,2024-11-28,2024-11-28,2024-11-28,2024-11-29,2024-11-27,2024-11-27,2024-11-27,2024-11-27,22298.9,-0.16,252.82,378970141068,398,1283,145,-9885475810,-47260,-53,-1.441468,-1.512925,-0.380124,-0.593609,2024-11-27,2024-11-27,2024-11-28,2024-11-27,0.0,-0.04999999999999982,-0.019999999999999574,0.05999999999999961,0.030242115860379393,-0.8690779241288471,2024-11-28,2024-11-28,2024-11-28,2024-11-28,0.5614003387638844,0.06431580719459262,-1.2047561359927017,-0.882765210736125,2024-11-27,2024-11-27,2024-11-27,2024-11-27,2024-11-27,-1.3413782458036927,-1.3130636206562074,-1.153959868670995,-1.0746410938286988,-3.0775811309713297
2024-11-29,2024-12-02,2024-11-29,2024-11-29,2024-11-29,2024-12-02,2024-11-29,2024-11-29,2024-11-29,2024-11-29,22262.5,-0.16,256.72,369756510593,1166,470,197,-26465086897,-44859,241,1.915117,1.51556,0.560779,0.827311,2024-11-29,2024-11-29,2024-11-29,2024-11-29,-4.184398132097011,-0.07000000000000028,-0.0600000000000005,0.04999999999999982,0.24526484448965657,-0.32051655487963515,2024-11-29,2024-11-29,2024-11-29,2024-11-29,-0.3677465599455032,-1.9467638965027012,0.29250039633379465,1.1369776695384193,2024-11-29,2024-11-29,2024-11-29,2024-11-29,2024-11-29,1.3360916308383652,1.6285434975078728,2.1501431512117364,0.6899494603032297,1.5093653721717892
2024-12-02,2024-12-03,2024-12-02,2024-12-02,2024-12-02,2024-12-03,2024-12-02,2024-12-02,2024-12-02,2024-12-02,22736.93,2.13,257.84,392724270657,832,829,178,15038976308,-37509,280,5.274553,2.613584,0.244846,0.966686,2024-12-02,2024-12-02,2024-12-02,2024-12-02,-1.2583277084667777,0.010000000000000675,0.040000000000000036,0.020000000000000462,-0.170188817196526,0.6714574416649688,2024-12-02,2024-12-02,2024-12-02,2024-12-02,0.7982308202545862,-0.058224108041360356,0.6521943736319535,0.7927784972639795,2024-12-02,2024-12-02,2024-12-02,2024-12-02,2024-12-02,2.6276712267825797,2.370623267922989,0.27486790800181904,3.5573736283440294,2.7332136141008156
2024-12-03,2024-12-04,2024-12-03,2024-12-03,2024-12-03,2024-12-04,2024-12-03,2024-12-03,2024-12-03,2024-12-03,23027.46,1.28,259.11,445018153137,1136,517,189,28605096693,-38835,55,2.309674,-0.38494,0.045145,0.396625,2024-12-03,2024-12-03,2024-12-03,2024-12-03,-0.2998497855734139,0.040000000000000036,0.0,0.0600000000000005,0.4701136177487131,-0.07514720897460192,2024-12-03,2024-12-03,2024-12-03,2024-12-03,1.9106262056469703,1.8586469456062682,1.0027025655391153,0.10791309955811013,2024-12-03,2024-12-03,2024-12-03,2024-12-03,2024-12-03,-0.5654573481430836,0.2218917426846101,1.1757841496155885,-0.05631552332083789,0.9849254962176479
2024-12-04,2024-12-05,2024-12-04,2024-12-04,2024-12-04,2024-12-05,2024-12-04,2024-12-04,2024-12-04,2024-12-04,23255.33,0.99,262.6,445729133483,1072,581,185,25859900365,-38787,31,0.905024,1.706162,0.605142,1.304913,2024-12-04,2024-12-04,2024-12-04,2024-12-04,1.127816664504766,-0.040000000000000036,-0.040000000000000036,0.0600000000000005,-0.39120209053116195,-0.028209464996342692,2024-12-04,2024-12-04,2024-12-04,2024-12-04,0.07014535056153459,-1.4439460920021796,-0.01954478069292609,-0.5397375575780461,2024-12-04,2024-12-04,2024-12-04,2024-12-04,2024-12-04,1.3238722962697125,1.6947132859263858,3.479256433718647,1.4156992718060257,1.433246357173834
2024-12-05,2024-12-06,2024-12-05,2024-12-05,2024-12-05,2024-12-06,2024-12-05,2024-12-05,2024-12-05,2024-12-05,23267.94,0.05,263.39,480428550133,645,1024,172,4604695924,-38208,94,1.798794,-1.862823,-0.186978,-0.176636,2024-12-05,2024-12-05,2024-12-05,2024-12-05,0.6691461253842901,-0.020000000000000462,0.020000000000000462,0.019999999999999574,-0.4651336042930887,-0.5924367830671962,2024-12-05,2024-12-05,2024-12-05,2024-12-05,0.30351805652966135,-0.898940841872975,-0.921979711400911,-0.2282110073223098,2024-12-05,2024-12-05,2024-12-05,2024-12-05,2024-12-05,-1.8902688087251374,-1.7139697373094065,-0.05512045706980162,-1.8265190516555396,-0.052765208242755435
2024-12-06,2024-12-09,2024-12-06,2024-12-06,2024-12-06,2024-12-09,2024-12-06,2024-12-06,2024-12-06,2024-12-06,23193.27,-0.32,261.52,438457593168,802,833,205,2002383857,-36183,72,-0.626529,0.694929,0.249545,0.809684,2024-12-06,2024-12-06,2024-12-06,2024-12-06,-5.6868501200791455,-0.019999999999999574,-0.05000000000000071,0.05000000000000071,0.03032821885522452,0.2459579401024259,2024-12-06,2024-12-06,2024-12-06,2024-12-06,-0.7727504478311609,-0.5606480741801145,1.5613665377093966,1.3145128259753447,2024-12-06,2024-12-06,2024-12-06,2024-12-06,2024-12-06,0.60409471301206,0.12484798823346743,-1.8061458439837752,-1.9595389505523864,5.314716662003183
2024-12-09,2024-12-10,2024-12-09,2024-12-09,2024-12-09,2024-12-10,2024-12-09,2024-12-09,2024-12-09,2024-12-09,23273.25,0.34,260.47,431379329678,500,1183,152,4205394246,-37578,-31,-1.896368,-0.838914,-0.614421,-0.619746,2024-12-09,2024-12-09,2024-12-09,2024-12-09,11.119804790267839,0.04999999999999982,0.03000000000000025,0.07000000000000028,0.20171769247800952,0.1698596801946728,2024-12-09,2024-12-09,2024-12-09,2024-12-09,0.17734982522827902,-2.7831706489902297,2.7597119939752224,-0.16535597528348767,2024-12-09,2024-12-09,2024-12-09,2024-12-09,2024-12-09,-0.4821896691828198,-1.0216778407533877,-2.548444833329544,-5.570388501837686,-0.32863384498539316
2024-12-10,2024-12-11,2024-12-10,2024-12-10,2024-12-10,2024-12-11,2024-12-10,2024-12-10,2024-12-10,2024-12-10,23125.08,-0.64,258.21,405062631723,555,1125,156,-7014665903,-37390,-228,-3.630063,-2.473473,-0.296388,-0.250545,2024-12-10,2024-12-10,2024-12-10,2024-12-10,-0.07046705780979767,0.019999999999999574,0.020000000000000462,0.0699999999999994,-0.05310753893845721,0.23551577617175745,2024-12-10,2024-12-10,2024-12-10,2024-12-10,0.528793363210367,2.425675379379899,-0.5036254256835071,0.7328705586379325,2024-12-10,2024-12-10,2024-12-10,2024-12-10,2024-12-10,-2.3769240968547045,-2.515545274581299,-2.6943233917976928,-2.3916843968819657,-3.9845785098539976
2024-12-11,2024-12-12,2024-12-11,2024-12-11,2024-12-11,2024-12-12,2024-12-11,2024-12-11,2024-12-11,2024-12-11,22903.63,-0.96,257.78,400888014707,611,1050,181,-17643684965,-39968,197,1.385852,2.71926,0.816579,1.765867,2024-12-11,2024-12-11,2024-12-11,2024-12-11,-4.2313143057600815,0.040000000000000036,0.0,0.10999999999999943,0.472647811741278,0.29135108472564397,2024-12-11,2024-12-11,2024-12-11,2024-12-11,0.011817703733840723,1.0203289290534823,-0.7691712242322235,-0.17043113584320757,2024-12-11,2024-12-11,2024-12-11,2024-12-11,2024-12-11,2.5143957171080533,2.447054776430879,3.139105652224794,1.8866416729433677,6.6294159545424725
2024-12-12,2024-12-13,2024-12-12,2024-12-12,2024-12-12,2024-12-13,2024-12-12,2024-12-12,2024-12-12,2024-12-12,23046.8,0.63,257.38,426517765545,631,993,212,-1720523768,-39415,-208,-1.613566,-0.907154,-0.541402,-0.659104,2024-12-12,2024-12-12,2024-12-12,2024-12-12,2.503683022813319,0.0600000000000005,0.02999999999999936,0.14000000000000057,-0.1168319802240636,0.2342798258315959,2024-12-12,2024-12-12,2024-12-12,2024-12-12,1.211285595385636,1.6216968308627733,1.2006915915346195,0.9945252391810877,2024-12-12,2024-12-12,2024-12-12,2024-12-12,2024-12-12,-0.7764670363046844,-0.9684658729654072,-1.4141133122011151,0.3457642936112393,-1.3864592404171372
2024-12-13,2024-12-16,2024-12-13,2024-12-13,2024-12-13,2024-12-16,2024-12-13,2024-12-13,2024-12-13,2024-12-13,23020.48,-0.11,255.29,419724002480,306,1439,102,-4033620876,-42161,164,4.97754,3.363779,-0.002647,0.119987,2024-12-13,2024-12-13,2024-12-13,2024-12-13,-0.790227414327227,0.08000000000000007,0.07000000000000028,0.15000000000000036,-0.06095614844506825,0.03739801408912946,2024-12-13,2024-12-13,2024-12-13,2024-12-13,-0.9503322099559064,0.49714933876698897,-2.087608406929231,-2.366142940533078,2024-12-13,2024-12-13,2024-12-13,2024-12-13,2024-12-13,2.7895403265327356,2.5146938812361297,-2.249888175538073,-2.825422870563643,24.432635057510588
2024-12-16,2024-12-17,2024-12-16,2024-12-16,2024-12-16,2024-12-17,2024-12-16,2024-12-16,2024-12-16,2024-12-16,23039.9,0.08,250.1,481545171432,307,1428,106,15162776576,-41070,147,0.611969,2.063783,0.379935,1.240394,2024-12-16,2024-12-16,2024-12-16,2024-12-16,6.372187791657047,-0.010000000000000675,0.0,0.13999999999999968,0.09948574552680611,-0.13084055107330794,2024-12-16,2024-12-16,2024-12-16,2024-12-16,-0.032817279307018055,-0.2200873263290104,-0.8800154519071568,-0.5425595604800826,2024-12-16,2024-12-16,2024-12-16,2024-12-16,2024-12-16,1.8540077622340334,1.507072196901671,-1.6759776536312887,-0.173352150622319,11.209962903087757
2024-12-17,2024-12-18,2024-12-17,2024-12-17,2024-12-17,2024-12-18,2024-12-17,2024-12-17,2024-12-17,2024-12-17,23018.01,-0.1,253.83,460715872096,1056,600,178,3431441524,-39762,-69,-0.771436,-1.641344,-0.386399,-0.321356,2024-12-17,2024-12-17,2024-12-17,2024-12-17,8.032677596203118,0.010000000000000675,0.0,0.15000000000000036,-0.2501633362811728,0.09357895709332098,2024-12-17,2024-12-17,2024-12-17,2024-12-17,-0.23521161075552577,-1.2920972325065838,-0.47995661890714025,0.260489722925894,2024-12-17,2024-12-17,2024-12-17,2024-12-17,2024-12-17,-1.5696479449073486,-1.2991088987691302,-1.219697432084521,-1.318182781717303,-3.9080017089843766
2024-12-18,2024-12-19,2024-12-18,2024-12-18,2024-12-18,2024-12-19,2024-12-18,2024-12-18,2024-12-18,2024-12-18,23168.67,0.65,255.12,461301586656,956,668,212,10424341480,-34718,-481,-2.541616,-3.845612,-2.949285,-3.562429,2024-12-18,2024-12-18,2024-12-18,2024-12-18,74.03907396600702,0.09999999999999964,0.09999999999999964,0.15000000000000036,0.03948023999278405,1.00037369482322,2024-12-18,2024-12-18,2024-12-18,2024-12-18,-0.7188392036881042,1.124216866104999,0.8328239139154814,0.5063669358189582,2024-12-18,2024-12-18,2024-12-18,2024-12-18,2024-12-18,-3.6985746012825893,-3.188510564342595,-1.1350530979882478,-2.8875324571185246,-6.914207595120669
2024-12-19,2024-12-20,2024-12-19,2024-12-19,2024-12-19,2024-12-20,2024-12-19,2024-12-19,2024-12-19,2024-12-19,22932.25,-1.02,254.73,462511711905,438,1272,123,-33299867299,-38603,-44,-0.470443,-1.559245,-0.086511,-0.102719,2024-12-19,2024-12-19,2024-12-19,2024-12-19,-12.780595870334821,0.07000000000000028,-0.02999999999999936,0.25,0.7653556048109023,0.35175866620977825,2024-12-19,2024-12-19,2024-12-19,2024-12-19,-0.6860825845849017,-1.9521580939886873,-0.5640249148284537,0.09056742975233067,2024-12-19,2024-12-19,2024-12-19,2024-12-19,2024-12-19,-1.6791108950685918,-1.2893137341015937,1.3730424043049805,-2.083853333645014,-2.37008671348522
2024-12-20,2024-12-23,2024-12-20,2024-12-20,2024-12-20,2024-12-23,2024-12-20,2024-12-20,2024-12-20,2024-12-20,22510.25,-1.84,252.39,541109950401,525,1165,158,-48677001842,-36563,262,1.32039,1.459903,1.086912,1.0315,2024-12-20,2024-12-20,2024-12-20,2024-12-20,-23.785801186974165,-0.05000000000000071,-0.020000000000000462,0.21999999999999975,-0.14688883539788478,-0.7287158830744156,2024-12-20,2024-12-20,2024-12-20,2024-12-20,-0.28773355329502204,-1.3046364299760804,-0.16104559497730486,-0.4491230649547484,2024-12-20,2024-12-20,2024-12-20,2024-12-20,2024-12-20,1.3445327579859834,1.6075738582385757,3.076220154400078,0.27759239458191587,1.1313603330206812
2024-12-23,2024-12-24,2024-12-23,2024-12-23,2024-12-23,2024-12-24,2024-12-23,2024-12-23,2024-12-23,2024-12-23,23104.54,2.64,254.18,410563975515,1362,352,136,39427819503,-32946,211,5.146795,3.098542,0.728727,0.9824,2024-12-23,2024-12-23,2024-12-23,2024-12-23,-8.605663786390261,0.07000000000000028,0.0,0.29000000000000004,-0.042905113412716744,0.3902603217120326,2024-12-23,2024-12-23,2024-12-23,2024-12-23,1.1871288613708675,1.5747814803463767,0.8236606563653881,0.14843340291097462,2024-12-23,2024-12-23,2024-12-23,2024-12-23,2024-12-23,3.0257889295152163,2.682211003566337,3.6896817619177957,4.521432288435023,5.235750336928358
2024-12-24,2024-12-25,2024-12-24,2024-12-24,2024-12-24,2024-12-25,2024-12-24,2024-12-24,2024-12-24,2024-12-24,23120.24,0.07,255.3,417678964617,810,841,202,14252231871,-36050,151,-0.49672,1.07077,1.104276,1.347086,2024-12-24,2024-12-24,2024-12-24,2024-12-24,-14.958284422952605,0.0,-0.009999999999999787,0.2999999999999998,-0.024526060488960777,0.20362941395672962,2024-12-24,2024-12-24,2024-12-24,2024-12-24,-0.31788565392986134,-0.06101491101250245,1.0821143040637082,1.2741573729682987,2024-12-24,2024-12-24,2024-12-24,2024-12-24,2024-12-24,1.030181955469045,0.8626891445122853,0.3937875413247527,1.3563422649296886,3.1547176155442003
2024-12-25,2024-12-26,2024-12-25,2024-12-25,2024-12-25,2024-12-26,2024-12-24,2024-12-24,2024-12-24,2024-12-24,23220.13,0.43,256.41,383019704867,1087,548,207,11115777484,-36873,1,-0.49672,1.07077,1.104276,1.347086,2024-12-24,2024-12-24,2024-12-25,2024-12-24,-14.958284422952605,0.0,-0.009999999999999787,0.2999999999999998,0.018390283940372676,0.20362941395672962,2024-12-25,2024-12-24,2024-12-24,2024-12-25,0.23971739844381723,-0.06101491101250245,1.0821143040637082,0.04869709828785318,2024-12-24,2024-12-24,2024-12-24,2024-12-24,2024-12-24,1.030181955469045,0.8626891445122853,0.3937875413247527,1.3563422649296886,3.1547176155442003
2024-12-26,2024-12-27,2024-12-26,2024-12-26,2024-12-26,2024-12-27,2024-12-26,2024-12-26,2024-12-26,2024-12-26,23246.94,0.12,257.18,399360626850,912,710,223,3458815716,-38683,-71,-1.584842,0.033826,-0.040566,-0.053774,2024-12-26,2024-12-26,2024-12-26,2024-12-26,3.2235393813347057,-0.009999999999999787,0.009999999999999787,0.28000000000000025,0.2879211150416561,-0.12008579368851802,2024-12-26,2024-12-26,2024-12-24,2024-12-26,1.118385128261945,-0.444581383042042,1.0821143040637082,0.04641920375567654,2024-12-26,2024-12-26,2024-12-26,2024-12-26,2024-12-26,-0.031309178134075744,-0.17504175118479015,-0.20682394979116836,-0.9739514989443365,2.369829818149971
2024-12-27,2024-12-30,2024-12-27,2024-12-27,2024-12-27,2024-12-30,2024-12-27,2024-12-27,2024-12-27,2024-12-27,23275.68,0.12,256.1,371465102544,550,1104,189,5475499214,-36465,-158,-0.704222,-1.011337,-1.105574,-1.490133,2024-12-27,2024-12-27,2024-12-27,2024-12-27,8.282418906603617,0.040000000000000036,0.009999999999999787,0.3100000000000005,0.041578320025936755,-0.12022311728474566,2024-12-27,2024-12-27,2024-12-27,2024-12-27,1.802215190342027,-1.0248265461727635,-0.038949210928640454,-0.16175507346664064,2024-12-27,2024-12-27,2024-12-27,2024-12-27,2024-12-27,-0.8455238222922046,-1.0082488555147706,-2.086756465221129,0.10395401035538931,-1.4713077116772943
2024-12-30,2024-12-31,2024-12-30,2024-12-30,2024-12-30,2024-12-31,2024-12-30,2024-12-30,2024-12-30,2024-12-30,23190.2,-0.37,254.32,326789580992,527,1154,162,-6485892249,-39253,-125,-0.614991,-1.882901,-1.0702,-1.192779,2024-12-30,2024-12-30,2024-12-30,2024-12-30,9.090908003791021,-0.07000000000000028,-0.0699999999999994,0.3099999999999996,0.26587407296438936,0.1203678272388542,2024-12-30,2024-12-30,2024-12-30,2024-12-30,-0.9598062524770912,-0.21956483380910496,-0.24410099786940087,0.4526471641419061,2024-12-30,2024-12-30,2024-12-30,2024-12-30,2024-12-30,-1.9671542241283646,-1.505632176437799,0.3503474239641591,-2.1966610323273295,-2.552222613834665
2024-12-31,2025-01-02,2024-12-31,2024-12-31,2024-12-31,2025-01-02,2024-12-31,2024-12-31,2024-12-31,2024-12-31,23035.1,-0.67,255.84,315765915338,744,945,153,-18450459113,-41764,-58,-1.447175,-0.926679,-0.42848,-0.903176,2024-12-31,2024-12-31,2024-12-31,2024-12-31,-0.2873519434293592,0.03000000000000025,0.009999999999999787,0.33000000000000007,-0.14782773801352844,0.3329331540699476,2024-12-30,2024-12-30,2024-12-31,2024-12-31,-0.9598062524770912,-0.21956483380910496,0.0924550104095978,-1.6038843209163045,2024-12-31,2024-12-31,2024-12-31,2024-12-31,2024-12-31,-0.8238187114272821,-1.0177411329572728,-2.32745078127905,-1.3476000432689594,-1.587573420534305
2025-01-02,2025-01-03,2025-01-02,2025-01-02,2025-01-02,2025-01-03,2025-01-02,2025-01-02,2025-01-02,2025-01-02,22832.06,-0.88,252.69,416386923362,569,1105,179,-27397601102,-43256,4,2.070989,0.834747,-0.222389,-0.155354,2025-01-02,2025-01-02,2025-01-02,2025-01-02,3.342938968033171,-0.009999999999999787,0.0,0.3200000000000003,0.1251537494249222,0.8295709683846075,2024-12-30,2025-01-02,2025-01-02,2025-01-02,-0.9598062524770912,-0.022923572524313762,-2.1766201972330257,-2.910104991558493,2025-01-02,2025-01-02,2025-01-02,2025-01-02,2025-01-02,0.6171988478123946,1.0818826184074704,2.9935248145373627,-0.13246432725939616,0.06038621111967846
2025-01-03,2025-01-06,2025-01-03,2025-01-03,2025-01-03,2025-01-06,2025-01-03,2025-01-03,2025-01-03,2025-01-03,22908.3,0.33,252.35,389761409750,506,1176,168,9168129140,-39974,249,3.487449,2.830825,1.259603,1.768033,2025-01-03,2025-01-03,2025-01-03,2025-01-03,-10.039046925668938,0.02999999999999936,0.03000000000000025,0.3199999999999994,0.20975544231986998,-0.40223278531975604,2024-12-30,2025-01-03,2025-01-03,2025-01-03,-0.9598062524770912,1.7916238638119086,0.6978901458524422,-1.1841689715943349,2025-01-03,2025-01-03,2025-01-03,2025-01-03,2025-01-03,2.6058452659471376,2.8963649622687937,4.453766011744564,3.9293754464789776,0.24571399892956425
2025-01-06,2025-01-07,2025-01-06,2025-01-06,2025-01-06,2025-01-07,2025-01-06,2025-01-06,2025-01-06,2025-01-06,23547.71,2.79,255.31,460676323024,1269,418,160,52006412324,-32862,268,5.46474,2.836951,0.553805,1.239959,2025-01-06,2025-01-06,2025-01-06,2025-01-06,-0.5579556721748813,0.020000000000000462,0.0,0.33999999999999986,0.12929662335154912,-0.6333132917291429,2025-01-06,2025-01-06,2025-01-06,2025-01-06,-1.4726032561239055,1.9132474527359333,-0.36426865856341584,-0.16396501208849612,2025-01-06,2025-01-06,2025-01-06,2025-01-06,2025-01-06,2.8947734103787814,3.315073027491988,3.433232791007512,3.3341311426985154,1.6598583357113394
2025-01-07,2025-01-08,2025-01-07,2025-01-07,2025-01-07,2025-01-08,2025-01-07,2025-01-07,2025-01-07,2025-01-07,23651.27,0.44,256.88,497720192907,564,1147,140,11320248188,-30346,-265,-3.904366,-1.843457,-1.110391,-1.889258,2025-01-07,2025-01-07,2025-01-07,2025-01-07,11.097248614080613,0.04999999999999982,0.019999999999999574,0.3700000000000001,-0.5362688493261603,0.2586354828854942,2025-01-07,2025-01-07,2025-01-07,2025-01-07,1.9748365358672082,0.1390400068906894,-1.2225998084997358,0.7200942679224109,2025-01-07,2025-01-07,2025-01-07,2025-01-07,2025-01-07,-1.3629855952394077,-2.3786717284197123,-6.216953584605567,-1.7136249852623964,-3.286664757032143
2025-01-08,2025-01-09,2025-01-08,2025-01-08,2025-01-08,2025-01-09,2025-01-08,2025-01-08,2025-01-08,2025-01-08,23407.33,-1.03,256.08,433930523207,808,842,198,-15943442097,-37452,-111,-2.033868,-0.957358,0.156036,-0.055408,2025-01-08,2025-01-08,2025-01-08,2025-01-08,-0.6733946910202238,0.0,-0.019999999999999574,0.3899999999999997,-0.034527787352645056,0.5067214093643857,2025-01-08,2025-01-08,2025-01-08,2025-01-08,-0.2550742715974774,1.1616688751427517,-0.8625249707220783,-0.18150518619780565,2025-01-08,2025-01-08,2025-01-08,2025-01-08,2025-01-08,-0.9965012032879028,-0.712485280439723,-0.02140629329779875,-4.311635446647022,0.2930362888094118
2025-01-09,2025-01-10,2025-01-09,2025-01-09,2025-01-09,2025-01-10,2025-01-08,2025-01-08,2025-01-08,2025-01-08,23081.13,-1.39,250.81,473645861391,260,1495,95,-29143635670,-41000,56,-2.033868,-0.957358,0.156036,-0.055408,2025-01-08,2025-01-09,2025-01-09,2025-01-09,-0.6733946910202238,0.009999999999999787,-0.010000000000000675,0.41000000000000014,0.5983308797275377,0.08250432698373444,2025-01-09,2025-01-09,2025-01-09,2025-01-09,-0.9403671719156903,0.03371029924694735,-0.2020204476056664,-0.24649104466986094,2025-01-08,2025-01-08,2025-01-08,2025-01-08,2025-01-08,-0.9965012032879028,-0.712485280439723,-0.02140629329779875,-4.311635446647022,0.2930362888094118
2025-01-10,2025-01-13,2025-01-10,2025-01-10,2025-01-10,2025-01-13,2025-01-10,2025-01-10,2025-01-10,2025-01-10,23011.86,-0.3,250.14,404214455383,634,1035,177,-17192952317,-41948,-130,0.603515,-2.419051,-1.541164,-1.628687,2025-01-10,2025-01-10,2025-01-10,2025-01-10,10.39548063998117,0.08999999999999986,0.13000000000000078,0.3699999999999992,-0.27125588031043923,0.4304828900800528,2025-01-10,2025-01-10,2025-01-10,2025-01-10,-1.047065939973979,-0.24266914960373587,-0.917845051676236,-1.2540055190452537,2025-01-10,2025-01-10,2025-01-10,2025-01-10,2025-01-10,-2.388832646628647,-2.0021421469684664,-2.9976425165555876,-4.760337817376936,-2.1804544299131146
2025-01-13,2025-01-14,2025-01-13,2025-01-13,2025-01-13,2025-01-14,2025-01-13,2025-01-13,2025-01-13,2025-01-13,22488.33,-2.28,242.35,499436707334,256,1525,74,-54435782755,-43359,-63,-3.364205,-0.34601,0.157544,-0.383742,2025-01-13,2025-01-13,2025-01-13,2025-01-13,-1.7911994118260277,0.020000000000000462,0.0,0.3899999999999997,0.8080683673291622,0.2827155077791632,2025-01-10,2025-01-13,2025-01-13,2025-01-13,-1.047065939973979,-1.042220321243792,-0.997406390957567,-0.26711384268088834,2025-01-13,2025-01-13,2025-01-13,2025-01-13,2025-01-13,-0.307056910318948,-1.027588543326985,-1.9718989495675188,1.103066846947609,0.43689346806001783
2025-01-14,2025-01-15,2025-01-14,2025-01-14,2025-01-14,2025-01-15,2025-01-14,2025-01-14,2025-01-14,2025-01-14,22797.52,1.37,245.5,322765909125,1394,323,133,-12995034073,-42434,-65,0.044694,0.516134,0.114628,-0.228986,2025-01-14,2025-01-14,2025-01-14,2025-01-14,-2.501310246099653,-0.009999999999999787,-0.03000000000000025,0.41000000000000014,-0.12629097569892833,-0.6275031349137983,2025-01-14,2025-01-14,2025-01-14,2025-01-14,-1.827227292399225,0.3149088017755375,1.8312816394786102,2.6334389710088946,2025-01-14,2025-01-14,2025-01-14,2025-01-14,2025-01-14,0.6573842424470344,0.3270123666422986,-1.1033560518228458,-1.048417456642614,-0.2618830642607817
2025-01-15,2025-01-16,2025-01-15,2025-01-15,2025-01-15,2025-01-16,2025-01-15,2025-01-15,2025-01-15,2025-01-15,22514.57,-1.24,244.74,352716081235,698,976,173,-29583200863,-39417,458,2.655749,2.134776,1.831279,2.451325,2025-01-15,2025-01-15,2025-01-15,2025-01-15,-13.842856076827314,-0.1200000000000001,-0.10000000000000053,0.39000000000000057,-0.308884934043574,-0.1647298533043462,2025-01-15,2025-01-15,2025-01-15,2025-01-15,-0.07725327204513022,-0.023618313969120397,0.3449103894537453,-0.6415325978795239,2025-01-15,2025-01-15,2025-01-15,2025-01-15,2025-01-15,1.9409937293040969,2.3508817695022666,3.4001299127981444,3.3336229379472337,1.4686262112046045
2025-01-16,2025-01-17,2025-01-16,2025-01-16,2025-01-16,2025-01-17,2025-01-16,2025-01-16,2025-01-16,2025-01-16,23025.1,2.27,249.57,400830798001,1305,363,186,25352315094,-36211,248,3.863632,0.180261,-0.211269,-0.886369,2025-01-16,2025-01-16,2025-01-16,2025-01-16,2.9776644990494594,-0.04999999999999982,-0.03999999999999915,0.3799999999999999,-0.47462027715259314,-0.11916514600964767,2025-01-16,2025-01-16,2025-01-16,2025-01-16,0.3330077835260514,1.2287651411459155,1.2279345074590386,0.1145895443938505,2025-01-16,2025-01-16,2025-01-16,2025-01-16,2025-01-16,0.14783681839525276,0.4299138344022069,-1.9597754413473556,-1.2670862409694283,0.618422658819906
2025-01-17,2025-01-20,2025-01-17,2025-01-17,2025-01-17,2025-01-20,2025-01-17,2025-01-17,2025-01-17,2025-01-17,23148.08,0.53,248.05,393253827543,755,910,186,13211785391,-31863,57,-1.531726,2.842948,0.999106,1.509493,2025-01-17,2025-01-17,2025-01-17,2025-01-17,-3.7951813250810207,0.0,0.03999999999999915,0.34000000000000075,0.14330122044485805,0.3579289582648526,2025-01-17,2025-01-17,2025-01-17,2025-01-17,-0.31405873623461256,-0.15588356121974956,0.31332410271596167,0.3147107775255842,2025-01-17,2025-01-17,2025-01-17,2025-01-17,2025-01-17,2.773558375791474,2.3623634993353404,3.0994977634457133,2.5498113650921583,3.500282747531802
2025-01-20,2025-01-21,2025-01-20,2025-01-20,2025-01-20,2025-01-21,2025-01-17,2025-01-17,2025-01-17,2025-01-17,23266.82,0.51,251.55,330251937138,1156,522,169,9159647837,-34721,-11,-1.531726,2.842948,0.999106,1.509493,2025-01-17,2025-01-17,2025-01-20,2025-01-17,-3.7951813250810207,0.0,0.03999999999999915,0.34000000000000075,0.2040049502909147,0.3579289582648526,2025-01-20,2025-01-20,2025-01-20,2025-01-20,1.173008909162454,-0.13869350447894835,1.7450415820662535,0.45483465142781565,2025-01-17,2025-01-17,2025-01-17,2025-01-17,2025-01-17,2.773558375791474,2.3623634993353404,3.0994977634457133,2.5498113650921583,3.500282747531802
2025-01-21,2025-01-22,2025-01-21,2025-01-21,2025-01-21,2025-01-22,2025-01-21,2025-01-21,2025-01-21,2025-01-21,23300.01,0.14,251.04,315198173056,809,802,233,259149175,-33695,213,3.404254,1.294974,0.876823,0.644823,2025-01-21,2025-01-21,2025-01-21,2025-01-21,-5.6981830444353125,-0.040000000000000036,0.020000000000000462,0.28000000000000025,-1.8049163113836197,-1.1796990704418087,2025-01-21,2025-01-21,2025-01-21,2025-01-21,0.3225511695906347,-0.08015791322039112,0.9070659080583576,0.07651228910909857,2025-01-21,2025-01-21,2025-01-21,2025-01-21,2025-01-21,1.1795905764260706,1.6031034456679638,2.265627016975036,0.675119134698754,1.2087243462254094
2025-01-22,2025-02-03,2025-01-22,2025-01-22,2025-01-22,2025-02-03,2025-01-31,2025-01-31,2025-01-31,2025-01-31,23525.41,0.97,252.95,417536010494,1201,450,198,15618985734,-32126,113,0.562101,-0.291812,-0.504683,-0.275944,2025-01-31,2025-01-31,2025-01-31,2025-01-31,3.724748402174094,0.0600000000000005,0.040000000000000036,0.3600000000000003,0.6893228711458477,0.5287566592651727,2025-01-31,2025-01-31,2025-01-28,2025-01-27,0.1480983386413115,-0.765922866076918,0.13536070756574592,-0.41170376310679657,2025-01-31,2025-01-31,2025-01-31,2025-01-31,2025-01-31,-0.2788701632224444,-0.6322156313309235,-3.6742894303966933,-2.4482615237812366,2.60131712653644
2025-02-03,2025-02-04,2025-02-03,2025-02-03,2025-02-03,2025-02-04,2025-02-03,2025-02-03,2025-02-03,2025-02-03,22694.71,-3.53,246.17,540785975653,559,1179,108,-74379746765,-36490,199,-4.548062,-1.815047,-0.76086,-1.199741,2025-02-03,2025-02-03,2025-02-03,2025-02-03,13.32927871807601,-0.040000000000000036,0.040000000000000036,0.28000000000000025,-0.3354747105550504,0.5721095335185389,2025-02-03,2025-02-03,2025-02-03,2025-01-27,-2.6594194179056507,-2.5193024093922434,-0.03881120853024278,-0.41170376310679657,2025-02-03,2025-02-03,2025-02-03,2025-02-03,2025-02-03,-1.8016814957124594,-1.9866991359073216,-2.8400066972448235,-1.4489006894288226,-1.5998592111757248
2025-02-04,2025-02-05,2025-02-04,2025-02-04,2025-02-04,2025-02-05,2025-02-04,2025-02-04,2025-02-04,2025-02-04,22793.96,0.44,246.04,475090123927,785,909,154,-15256468538,-34065,257,2.127127,1.051407,0.722488,1.351377,2025-02-04,2025-02-04,2025-02-04,2025-02-04,-7.572511768043466,-0.020000000000000462,-0.04999999999999982,0.3099999999999996,0.4843438559004598,-0.94503972794302,2025-02-04,2025-02-04,2025-02-04,2025-01-27,0.7224314666159914,1.1304220047816393,2.8327339041700927,-0.41170376310679657,2025-02-04,2025-02-04,2025-02-04,2025-02-04,2025-02-04,1.027076087575196,1.126561041610774,1.7058098759651141,4.576882393083492,2.1586354845308575
2025-02-05,2025-02-06,2025-02-05,2025-02-05,2025-02-05,2025-02-06,2025-02-05,2025-02-05,2025-02-05,2025-02-05,23161.58,1.61,250.25,408461168601,1464,246,143,25403258523,-31808,181,2.215145,2.309014,0.390867,0.194925,2025-02-05,2025-02-05,2025-02-05,2025-02-05,-8.367220821110855,-0.08999999999999986,-0.040000000000000036,0.2599999999999998,-0.2891986256126744,-0.351979674546532,2025-02-05,2025-02-05,2025-02-05,2025-02-05,0.08533702335078441,1.111342624428402,-0.9277126317351891,-0.5763567844981332,2025-02-05,2025-02-05,2025-02-05,2025-02-05,2025-02-05,1.9362303879779885,2.348117008440709,5.208596903243912,-6.267780639137688,4.302480618325699
2025-02-06,2025-02-07,2025-02-06,2025-02-06,2025-02-06,2025-02-07,2025-02-06,2025-02-06,2025-02-06,2025-02-06,23316.6,0.67,252.48,399491603268,1306,398,148,2896083966,-30996,38,0.925345,0.021405,0.36443,0.506086,2025-02-06,2025-02-06,2025-02-06,2025-02-06,-1.7121144573635672,0.020000000000000462,0.040000000000000036,0.2400000000000002,-0.21221627178528157,0.10225005435890999,2025-02-06,2025-02-06,2025-02-06,2025-02-06,0.605309863061132,1.0951384368703243,1.4299558777929544,1.2582079697140758,2025-02-06,2025-02-06,2025-02-06,2025-02-06,2025-02-06,-0.13146257352877333,0.4896037536843423,3.084187125092863,-1.6516368528152192,-0.27586180588294873
2025-02-07,2025-02-10,2025-02-07,2025-02-07,2025-02-07,2025-02-10,2025-02-07,2025-02-07,2025-02-07,2025-02-07,23478.27,0.69,255.54,429800524596,1011,663,181,14166329151,-29862,-182,-2.080762,-1.634728,-0.946477,-1.357063,2025-02-07,2025-02-07,2025-02-07,2025-02-07,6.709683325982874,0.040000000000000036,0.08000000000000007,0.20000000000000018,-0.07860262820782449,0.3250055401489371,2025-02-07,2025-02-07,2025-02-07,2025-02-07,-0.7154761628599959,-0.5846093673006814,1.1579759340173412,1.2977381781920316,2025-02-07,2025-02-07,2025-02-07,2025-02-07,2025-02-07,-1.5569713513641892,-1.3489051826796827,0.9014638857122836,-2.3602088027253054,-2.8051545107377063
2025-02-10,2025-02-11,2025-02-10,2025-02-10,2025-02-10,2025-02-11,2025-02-10,2025-02-10,2025-02-10,2025-02-10,23252.14,-0.96,253.57,402514804060,748,960,149,-18890820754,-30961,166,0.887833,1.463867,0.671254,0.977643,2025-02-10,2025-02-10,2025-02-10,2025-02-10,-4.413545680190001,0.019999999999999574,-0.009999999999999787,0.22999999999999954,0.09726337705842081,0.2591621408035705,2025-02-10,2025-02-10,2025-02-10,2025-02-10,0.03648731952348161,-0.025770141950698378,1.8380329253005367,0.21476372509414698,2025-02-10,2025-02-10,2025-02-10,2025-02-10,2025-02-10,1.3049300939604214,1.8857122927296022,2.87277502428549,2.7147693051491117,4.522612349257793
2025-02-11,2025-02-12,2025-02-11,2025-02-11,2025-02-11,2025-02-12,2025-02-11,2025-02-11,2025-02-11,2025-02-11,23384.05,0.57,254.01,436198152011,776,891,185,9301893384,-31339,74,0.379903,-0.053116,0.033958,-0.357153,2025-02-11,2025-02-11,2025-02-11,2025-02-11,1.3282734508116123,0.03000000000000025,0.009999999999999787,0.25,0.11422745347031693,-0.332349161157508,2025-02-10,2025-02-11,2025-02-11,2025-02-11,0.03648731952348161,0.7052013135895985,-1.0552982987777626,-0.45936657591693075,2025-02-11,2025-02-11,2025-02-11,2025-02-11,2025-02-11,0.09103183933556469,0.10015223335078094,-0.5764799208192617,0.5611831085707397,0.0
2025-02-12,2025-02-13,2025-02-12,2025-02-12,2025-02-12,2025-02-13,2025-02-12,2025-02-12,2025-02-12,2025-02-12,23289.75,-0.4,253.12,454918694411,753,896,198,2633148447,-31214,68,-1.130593,0.21299,-0.272387,0.031001,2025-02-12,2025-02-12,2025-02-12,2025-02-12,-0.8114863341212808,0.08000000000000007,0.07000000000000028,0.2599999999999998,-0.18895087172872138,-0.01852227050387345,2025-02-12,2025-02-12,2025-02-12,2025-02-12,0.4188722553885471,0.3678479577159388,2.6441148868821873,0.9456320364335413,2025-02-12,2025-02-12,2025-02-12,2025-02-12,2025-02-12,0.10914301947504423,-0.5442832820778398,-1.2500027288872895,0.5580582854161298,0.5573574092933242
2025-02-13,2025-02-14,2025-02-13,2025-02-13,2025-02-13,2025-02-14,2025-02-13,2025-02-13,2025-02-13,2025-02-13,23399.41,0.47,255.08,442825630171,1323,401,134,1077795016,-31464,-31,-2.204672,1.288603,1.042629,1.504795,2025-02-13,2025-02-13,2025-02-13,2025-02-13,-4.971679954588537,-0.10000000000000053,-0.05000000000000071,0.20999999999999996,0.16004999541816556,-0.5836620979830842,2025-02-13,2025-02-13,2025-02-13,2025-02-13,1.277521234458323,1.3647844624626648,-0.19924485681007686,-0.37552908625179127,2025-02-13,2025-02-13,2025-02-13,2025-02-13,2025-02-13,1.2264908493359261,1.3721796859222701,3.1645523225554806,0.08055526038961425,-0.23270701821641593
2025-02-14,2025-02-17,2025-02-14,2025-02-14,2025-02-14,2025-02-17,2025-02-14,2025-02-14,2025-02-14,2025-02-14,23152.61,-1.05,254.81,472729978111,874,807,178,-24592652980,-35307,129,1.025612,0.088236,-0.007194,0.40675,2025-02-14,2025-02-14,2025-02-14,2025-02-14,-2.1854299031079605,-0.04999999999999982,-0.04999999999999982,0.20999999999999996,-0.7319906963362488,-0.6895889298343061,2025-02-14,2025-02-14,2025-02-14,2025-02-14,-0.7907436605486207,0.30505646904579464,3.694633258951585,0.8673214819236552,2025-02-14,2025-02-14,2025-02-14,2025-02-14,2025-02-14,0.10321799951000799,0.2619893882607638,2.6313940380302325,1.1537438008182743,-1.1704875868976061
2025-02-17,2025-02-18,2025-02-17,2025-02-17,2025-02-17,2025-02-18,2025-02-14,2025-02-14,2025-02-14,2025-02-14,23505.33,1.52,257.63,431588619670,1101,578,180,24746848628,-29484,13,1.025612,0.088236,-0.007194,0.40675,2025-02-14,2025-02-14,2025-02-17,2025-02-14,-2.1854299031079605,-0.04999999999999982,-0.04999999999999982,0.20999999999999996,0.15391983887540484,-0.6895889298343061,2025-02-17,2025-02-17,2025-02-17,2025-02-17,0.06339891206110781,0.7475684638216684,-0.018123561242655573,0.21299495450188832,2025-02-14,2025-02-14,2025-02-14,2025-02-14,2025-02-14,0.10321799951000799,0.2619893882607638,2.6313940380302325,1.1537438008182743,-1.1704875868976061
2025-02-18,2025-02-19,2025-02-18,2025-02-18,2025-02-18,2025-02-19,2025-02-18,2025-02-18,2025-02-18,2025-02-18,23666.11,0.68,260.75,415892468979,886,749,216,8167386780,-28912,-64,-0.568901,1.684188,0.244499,0.072354,2025-02-18,2025-02-18,2025-02-18,2025-02-18,3.926878170143766,0.08000000000000007,0.03000000000000025,0.2599999999999998,0.12581943498035653,0.45041133368504127,2025-02-18,2025-02-18,2025-02-18,2025-02-18,0.2454378513947253,0.6278735685934178,1.594342074923727,-0.8770297893131995,2025-02-18,2025-02-18,2025-02-18,2025-02-18,2025-02-18,1.654183467728143,1.4411273114500744,0.3961021021192668,1.0433247755045505,-1.9352877775354438
2025-02-19,2025-02-20,2025-02-19,2025-02-19,2025-02-19,2025-02-20,2025-02-19,2025-02-19,2025-02-19,2025-02-19,23604.08,-0.26,261.66,476532281012,1117,539,200,-2577155686,-24751,-44,-0.882908,1.178196,0.237697,0.074797,2025-02-19,2025-02-19,2025-02-19,2025-02-19,-0.5211721284556381,-0.019999999999999574,-0.009999999999999787,0.25,0.04493902906270719,0.11209258642381759,2025-02-19,2025-02-19,2025-02-19,2025-02-19,-0.26938627238113355,1.7020629562167544,-0.14175297495513384,0.6997552279323971,2025-02-19,2025-02-19,2025-02-19,2025-02-19,2025-02-19,1.6625526388197587,0.43712243847144894,-0.12194991132606914,0.3587711467351262,0.08751452733142262
2025-02-20,2025-02-21,2025-02-20,2025-02-20,2025-02-20,2025-02-21,2025-02-20,2025-02-20,2025-02-20,2025-02-20,23487.46,-0.49,261.64,452563987295,792,861,203,-16797318303,-24533,6,-0.422986,0.017702,-0.433419,-0.468136,2025-02-20,2025-02-20,2025-02-20,2025-02-20,2.5540234312838583,-0.03000000000000025,0.0,0.21999999999999975,0.07610438798688612,-0.7744721892653739,2025-02-20,2025-02-20,2025-02-20,2025-02-20,-1.2423724384459045,-0.6535590528931712,-1.6006621351304262,-0.28577545116936776,2025-02-20,2025-02-20,2025-02-20,2025-02-20,2025-02-20,0.23424653961798825,0.17874852787134188,0.6320512172783399,-0.4533998268302475,-0.8700171693901693
2025-02-21,2025-02-24,2025-02-21,2025-02-21,2025-02-21,2025-02-24,2025-02-21,2025-02-21,2025-02-21,2025-02-21,23730.25,1.03,263.43,457865148480,1112,565,183,17886537125,-25255,-255,-0.929536,-3.277201,-1.706413,-2.195881,2025-02-21,2025-02-21,2025-02-21,2025-02-21,16.28352019097845,-0.08000000000000007,-0.08999999999999986,0.22999999999999954,-0.16155224353523456,0.2539066031213899,2025-02-21,2025-02-21,2025-02-21,2025-02-21,0.2557067166465865,0.01959335959886843,3.9905223569291604,1.2609137492392453,2025-02-21,2025-02-21,2025-02-21,2025-02-21,2025-02-21,-3.068339192429914,-3.0294734948074,-4.053963250179782,-2.916704812526183,-3.5635536893811603
2025-02-24,2025-02-25,2025-02-24,2025-02-24,2025-02-24,2025-02-25,2025-02-24,2025-02-24,2025-02-24,2025-02-24,23565.31,-0.7,264.03,429612957408,834,848,176,-19528331322,-31679,-287,-3.324259,-2.590236,-0.496911,-1.2143,2025-02-24,2025-02-24,2025-02-24,2025-02-24,4.228448635234905,-0.019999999999999574,-0.0600000000000005,0.27000000000000046,0.24378228572174976,-0.009381986842893486,2025-02-21,2025-02-24,2025-02-24,2025-02-24,0.2557067166465865,-0.35071681093629126,-0.5805903901563103,-0.21918065451662638,2025-02-24,2025-02-24,2025-02-24,2025-02-24,2025-02-24,-2.3484215586977997,-2.6281079962608422,-3.0871041602251292,-2.463005970531429,-4.907166745917091
2025-02-25,2025-02-26,2025-02-25,2025-02-25,2025-02-25,2025-02-26,2025-02-25,2025-02-25,2025-02-25,2025-02-25,23285.72,-1.19,262.51,469302224507,481,1212,158,-51338521546,-35332,-168,-1.189668,-2.291581,-0.467973,-1.350858,2025-02-25,2025-02-25,2025-02-25,2025-02-25,2.3709208313628327,-0.10000000000000053,-0.05999999999999961,0.22999999999999954,-0.2236579215236012,-0.2720458908803347,2025-02-25,2025-02-25,2025-02-25,2025-02-25,-1.3903941987108315,-0.5662930573493763,-1.3177747892544334,-1.1101555949693198,2025-02-25,2025-02-25,2025-02-25,2025-02-25,2025-02-25,-2.061994550871027,-2.123900340085072,-2.8016591649361766,-3.8386842127920096,-2.592218332856333
2025-02-26,2025-02-27,2025-02-26,2025-02-26,2025-02-26,2025-02-27,2025-02-26,2025-02-26,2025-02-26,2025-02-26,23402.55,0.5,262.22,430199683548,765,890,200,-3791490804,-35013,-1,2.77235,2.085139,0.013602,0.256849,2025-02-26,2025-02-26,2025-02-26,2025-02-26,-1.6984041097423352,-0.04999999999999982,-0.020000000000000462,0.20000000000000018,0.2403748003681816,0.10347155759355964,2025-02-26,2025-02-26,2025-02-26,2025-02-26,-0.24953840451925613,0.41060296270498675,3.273029074353162,0.8734869363166586,2025-02-26,2025-02-26,2025-02-26,2025-02-26,2025-02-26,1.7412798705157773,2.3378834519281133,3.672116897051736,0.7502874049307051,5.134792880426886
2025-02-27,2025-03-03,2025-02-27,2025-02-27,2025-02-27,2025-03-03,2025-02-28,2025-02-28,2025-02-28,2025-02-28,23053.18,-1.49,259.92,623509464491,507,1204,147,-45109309697,-36719,-579,-0.309237,1.70694,1.585414,1.633156,2025-02-28,2025-02-28,2025-02-28,2025-02-28,-7.098911782188544,-0.04999999999999982,-0.08000000000000007,0.25,0.4622788151135149,0.34502308276065374,2025-02-28,2025-02-28,2025-02-28,2025-02-28,-2.87710928996342,-3.3935337352198003,-3.2758212363152017,-1.9674320850627147,2025-02-28,2025-02-28,2025-02-28,2025-02-28,2025-02-28,1.5931811315278654,1.7395913733650792,3.9700346088127114,0.3517219039367969,0.8240594534252521
2025-03-03,2025-03-04,2025-03-03,2025-03-03,2025-03-03,2025-03-04,2025-03-03,2025-03-03,2025-03-03,2025-03-03,22756.25,-1.29,256.01,468022250900,446,1298,110,-57039511508,-46555,-531,-4.187668,-4.014892,-1.759674,-2.637462,2025-03-03,2025-03-03,2025-03-03,2025-03-03,16.046875499488777,-0.08000000000000007,-0.03000000000000025,0.20000000000000018,0.010029005274558855,-0.7991827947901986,2025-03-03,2025-02-28,2025-03-03,2025-03-03,1.6954925919446584,-3.3935337352198003,0.2831102040566025,-0.04061845233780392,2025-03-03,2025-03-03,2025-03-03,2025-03-03,2025-03-03,-3.534438051491018,-4.192984313477421,-8.693564496906403,-1.6322824388697255,-6.047233616560376
2025-03-04,2025-03-05,2025-03-04,2025-03-04,2025-03-04,2025-03-05,2025-03-04,2025-03-04,2025-03-04,2025-03-04,22596.88,-0.7,256.89,456977147342,1002,682,168,-52465267919,-44023,-36,4.064288,0.636881,-1.223483,-0.354379,2025-03-04,2025-03-04,2025-03-04,2025-03-04,3.2045633021612785,0.05999999999999961,0.0,0.2599999999999998,-0.048922726206168665,-0.9461378325343994,2025-03-04,2025-03-04,2025-03-04,2025-03-04,-1.202285104640921,-0.15240594829495357,-0.28035836019563165,-0.08358043200761278,2025-03-04,2025-03-04,2025-03-04,2025-03-04,2025-03-04,0.5568035843704466,0.9954716270059727,1.6920921852416448,2.5654042114908737,0.0587076977200951
2025-03-05,2025-03-06,2025-03-05,2025-03-05,2025-03-05,2025-03-06,2025-03-05,2025-03-05,2025-03-05,2025-03-05,22871.9,1.22,259.99,422942047816,1138,534,184,-14069586394,-40914,111,2.377777,2.090999,1.115928,1.463319,2025-03-05,2025-03-05,2025-03-05,2025-03-05,-6.720544059225652,0.0600000000000005,0.03000000000000025,0.29000000000000004,-0.28611765666530786,0.0,2025-03-05,2025-03-05,2025-03-05,2025-03-05,0.23320611477797293,1.1550370055151138,2.8439018418404016,0.446566675428417,2025-03-05,2025-03-05,2025-03-05,2025-03-05,2025-03-05,2.155534937586978,1.8514399716056396,1.129412201151081,0.9131495473402529,2.1869032413858625
2025-03-06,2025-03-07,2025-03-06,2025-03-06,2025-03-06,2025-03-07,2025-03-06,2025-03-06,2025-03-06,2025-03-06,22715.43,-0.68,260.31,433806865285,552,1128,179,-26122240322,-40485,-343,-4.574557,-4.529876,-1.781901,-2.605927,2025-03-06,2025-03-06,2025-03-06,2025-03-06,13.406294998380531,0.009999999999999787,-0.03000000000000025,0.33000000000000007,0.019216094991714172,-1.588803044369469,2025-03-06,2025-03-06,2025-03-06,2025-03-06,0.7661809305267608,0.704812895467688,3.286823204447331,1.3752455672772168,2025-03-06,2025-03-06,2025-03-06,2025-03-06,2025-03-06,-4.157194692780175,-4.193546370157475,-5.7374281175116675,-2.7736793012804184,-6.3315611060017485
2025-03-07,2025-03-10,2025-03-07,2025-03-07,2025-03-07,2025-03-10,2025-03-07,2025-03-07,2025-03-07,2025-03-07,22576.07,-0.61,257.23,430309658726,412,1276,168,-29502032163,-40458,43,0.710833,3.158299,0.552062,0.702635,2025-03-07,2025-03-07,2025-03-07,2025-03-07,-6.0313628845307115,0.03000000000000025,0.03000000000000025,0.33000000000000007,0.17315585352613017,-0.21141766852267319,2025-03-07,2025-03-07,2025-03-07,2025-03-07,-2.1688352671059508,-0.4922028163322545,-0.5679597784519319,-0.3091314100999609,2025-03-07,2025-03-07,2025-03-07,2025-03-07,2025-03-07,2.9337573289998975,2.4160513186306964,1.9173399226130927,1.4769844279308497,8.6430816547177
2025-03-10,2025-03-11,2025-03-10,2025-03-10,2025-03-10,2025-03-11,2025-03-10,2025-03-10,2025-03-10,2025-03-10,22459.15,-0.52,255.29,414757666625,674,1003,182,-28718490139,-42626,-426,-3.642017,-4.849242,-2.697309,-4.000283,2025-03-10,2025-03-10,2025-03-10,2025-03-10,19.212664141545012,-0.10000000000000053,-0.10000000000000009,0.3299999999999996,-0.09403841713142569,0.067418457904167,2025-03-10,2025-03-10,2025-03-10,2025-03-10,0.3825114506694538,0.2695520215496794,-1.8480664778075528,-0.3856471180306076,2025-03-10,2025-03-10,2025-03-10,2025-03-10,2025-03-10,-4.625954207615635,-4.6914557423252905,-5.066997036797116,-3.6686276490298986,-5.390854228400799
2025-03-11,2025-03-12,2025-03-11,2025-03-11,2025-03-11,2025-03-12,2025-03-11,2025-03-11,2025-03-11,2025-03-11,22071.09,-1.73,251.52,473758583162,402,1359,100,-46061876346,-45697,-9,0.187523,-0.704186,-0.756787,-0.184452,2025-03-11,2025-03-11,2025-03-11,2025-03-11,-3.374014764767641,0.0600000000000005,0.04999999999999982,0.3400000000000003,0.12063354165599005,-0.45231566176386906,2025-03-11,2025-03-11,2025-03-11,2025-03-11,-0.6350827603529674,-1.2756739752421975,-0.005674564000912596,0.3212144392698013,2025-03-11,2025-03-11,2025-03-11,2025-03-11,2025-03-11,-1.183007444408668,-0.14450079725804033,1.663861210919948,0.13453884560459262,3.0577389444094383
2025-03-12,2025-03-13,2025-03-12,2025-03-12,2025-03-12,2025-03-13,2025-03-12,2025-03-12,2025-03-12,2025-03-12,22278.36,0.94,252.11,422710698020,990,692,185,-17210260037,-43409,152,3.626365,2.445096,0.488687,1.217873,2025-03-12,2025-03-12,2025-03-12,2025-03-12,-9.992572535044165,0.040000000000000036,0.06999999999999984,0.3100000000000005,0.006697012528866786,0.1643447070117876,2025-03-12,2025-03-12,2025-03-12,2025-03-12,0.0706123216855703,1.466739016029428,-0.7645656503008746,-0.3600210504720702,2025-03-12,2025-03-12,2025-03-12,2025-03-12,2025-03-12,2.061215289669205,2.940903284407681,6.417796607613213,4.164942838284524,2.1779154450029425
2025-03-13,2025-03-14,2025-03-13,2025-03-13,2025-03-13,2025-03-14,2025-03-13,2025-03-13,2025-03-13,2025-03-13,21961.68,-1.42,249.3,446354964028,369,1389,99,-23575285776,-41732,79,-3.149518,-0.619943,-1.389098,-1.957336,2025-03-13,2025-03-13,2025-03-13,2025-03-13,1.7746608060236646,-0.05000000000000071,-0.06999999999999984,0.3299999999999996,0.11408531144070366,0.21233589364648697,2025-03-13,2025-03-13,2025-03-13,2025-03-13,-0.0789226291940337,-0.04583527197696835,-0.5832980713392666,-0.39849722123689313,2025-03-13,2025-03-13,2025-03-13,2025-03-13,2025-03-13,-0.49979381802711664,-0.43986994463534046,-0.13823745953681632,-2.6589942264430566,-1.4776271329447255
2025-03-14,2025-03-17,2025-03-14,2025-03-14,2025-03-14,2025-03-17,2025-03-14,2025-03-14,2025-03-14,2025-03-14,21968.05,0.03,249.96,401203581949,1122,576,164,-10485385086,-41877,238,1.456961,3.268402,2.126587,2.606946,2025-03-14,2025-03-14,2025-03-14,2025-03-14,-11.719381214642311,0.040000000000000036,0.07999999999999963,0.29000000000000004,0.18871601352579148,-0.10594299182480338,2025-03-14,2025-03-14,2025-03-14,2025-03-14,0.7150586818270188,-0.282859508715394,2.119667087243138,2.4281742562273667,2025-03-14,2025-03-14,2025-03-14,2025-03-14,2025-03-14,3.085591402020671,3.1974512297346713,5.2690744431657555,2.9150959051668757,2.1843607140724197
2025-03-17,2025-03-18,2025-03-17,2025-03-17,2025-03-17,2025-03-18,2025-03-17,2025-03-17,2025-03-17,2025-03-17,22118.63,0.69,250.78,366289726532,932,743,194,-10305668561,-39562,230,1.234999,1.417333,0.641613,0.307368,2025-03-17,2025-03-17,2025-03-17,2025-03-17,-5.78778228014456,0.0,0.040000000000000036,0.25,-0.12860909638311435,-0.33744549749507025,2025-03-17,2025-03-17,2025-03-17,2025-03-17,0.9268265118663077,1.7273427005108921,0.7745826170102887,-0.24385056977479502,2025-03-17,2025-03-17,2025-03-17,2025-03-17,2025-03-17,1.6507594494939548,1.0548613286790243,-1.758855446580132,3.585218454414796,-0.5318570736631889
2025-03-18,2025-03-19,2025-03-18,2025-03-18,2025-03-18,2025-03-19,2025-03-18,2025-03-18,2025-03-18,2025-03-18,22271.67,0.69,253.3,353640410530,1119,549,195,-4575583122,-39200,-80,-1.764639,-1.606795,-1.065351,-1.710073,2025-03-18,2025-03-18,2025-03-18,2025-03-18,5.802050320710772,-0.019999999999999574,-0.019999999999999574,0.25,0.09233778296404704,-0.125766546733308,2025-03-18,2025-03-18,2025-03-18,2025-03-18,1.2003853550458965,0.06320729467728103,2.464220112837734,0.2734677462113755,2025-03-18,2025-03-18,2025-03-18,2025-03-18,2025-03-18,-1.452749552551169,-1.5461252800127,-3.4300999882811323,-1.0325979916579242,-2.9974302473288916
2025-03-19,2025-03-20,2025-03-19,2025-03-19,2025-03-19,2025-03-20,2025-03-19,2025-03-19,2025-03-19,2025-03-19,21960.83,-1.4,250.62,387995569197,478,1213,172,-34245694358,-36396,152,0.363882,0.991495,1.07985,1.409211,2025-03-19,2025-03-19,2025-03-19,2025-03-19,-8.29493585771356,-0.040000000000000036,-0.04999999999999982,0.2599999999999998,0.0691720867479928,0.1840395634809866,2025-03-19,2025-03-19,2025-03-19,2025-03-19,-0.2471711613070804,0.6231971622814525,0.12356349151965151,0.06113079730580839,2025-03-19,2025-03-19,2025-03-19,2025-03-19,2025-03-19,0.8140166673508364,0.8827990015653375,1.8106179783115905,2.6277665583692267,3.6571840898067975
2025-03-20,2025-03-21,2025-03-20,2025-03-20,2025-03-20,2025-03-21,2025-03-20,2025-03-20,2025-03-20,2025-03-20,22377.26,1.9,254.45,350837708931,1364,342,158,22039023316,-33162,-65,2.135133,-0.715492,-0.218489,-0.333271,2025-03-20,2025-03-20,2025-03-20,2025-03-20,-0.5025144893802347,-0.009999999999999787,-0.040000000000000036,0.29000000000000004,0.07308017918177256,0.40606996781018534,2025-03-19,2025-03-20,2025-03-20,2025-03-20,-0.2471711613070804,0.3226019771096933,-2.2251353484050607,-0.8772678546293711,2025-03-20,2025-03-20,2025-03-20,2025-03-20,2025-03-20,-0.7975949546154104,-0.15830464999527782,0.8594300247455555,0.8566280748925958,-2.571976197631931
2025-03-21,2025-03-24,2025-03-21,2025-03-21,2025-03-21,2025-03-24,2025-03-21,2025-03-21,2025-03-21,2025-03-21,22209.1,-0.75,253.89,423747444493,639,1070,162,-17684809866,-35588,20,-0.416975,-0.94363,0.082465,0.522393,2025-03-21,2025-03-21,2025-03-21,2025-03-21,-2.626255406322109,0.009999999999999787,-0.010000000000000231,0.31000000000000005,-0.04847648711218122,0.23110049811829736,2025-03-21,2025-03-21,2025-03-21,2025-03-21,-0.19818963894698838,0.22865211531444274,-2.1892222433502084,-1.5167343618630147,2025-03-21,2025-03-21,2025-03-21,2025-03-21,2025-03-21,-1.047198646497205,-1.0041835492850093,-0.70024621581255,-0.6533479113588814,0.5878085522416532
2025-03-24,2025-03-25,2025-03-24,2025-03-24,2025-03-24,2025-03-25,2025-03-24,2025-03-24,2025-03-24,2025-03-24,22106.64,-0.46,251.22,336129807004,523,1191,152,-11472387248,-36061,184,2.506653,2.989722,1.7646,2.27473,2025-03-24,2025-03-24,2025-03-24,2025-03-24,-9.336105188294773,0.08999999999999986,0.10000000000000009,0.2999999999999998,-0.0372943476917964,0.16332577992219655,2025-03-24,2025-03-24,2025-03-24,2025-03-24,-0.18199486652966668,-0.41843628362887575,0.9111118128189988,0.5147302918667718,2025-03-24,2025-03-24,2025-03-24,2025-03-24,2025-03-24,2.969203542965526,2.607109711689204,3.152087349244903,6.961664658730116,-0.21392239083549702
2025-03-25,2025-03-26,2025-03-25,2025-03-25,2025-03-25,2025-03-26,2025-03-25,2025-03-25,2025-03-25,2025-03-25,22273.19,0.75,251.54,343549627336,592,1080,195,6409097691,-31880,68,-0.143525,-0.700444,0.157433,0.457812,2025-03-25,2025-03-25,2025-03-25,2025-03-25,-1.8878714665219953,-0.03000000000000025,-0.08000000000000007,0.34999999999999964,0.1100854006351959,-0.07673300346776601,2025-03-25,2025-03-25,2025-03-25,2025-03-25,0.45747858824674026,-0.6177650800823886,-2.3480334032509265,-0.06480675921158863,2025-03-25,2025-03-25,2025-03-25,2025-03-25,2025-03-25,-0.5406724763037274,-0.4249277915187477,-0.5930328630142645,0.8432139634071856,-1.563401565053102
2025-03-26,2025-03-27,2025-03-26,2025-03-26,2025-03-26,2025-03-27,2025-03-26,2025-03-26,2025-03-26,2025-03-26,22260.29,-0.06,252.11,300338828382,1034,601,223,-226128246,-33016,-259,-4.090655,-3.273728,-1.115693,-2.040514,2025-03-26,2025-03-26,2025-03-26,2025-03-26,6.880468404796991,0.040000000000000036,0.020000000000000018,0.36999999999999966,0.10299623953369252,0.35515717555978377,2025-03-26,2025-03-26,2025-03-26,2025-03-26,0.653114026752788,1.075379411440247,0.5957369052336237,-0.32906800716049345,2025-03-26,2025-03-26,2025-03-26,2025-03-26,2025-03-26,-2.80131306739394,-3.326801477335195,-5.741983731038724,-4.024035550414206,-4.775305692494625
2025-03-27,2025-03-28,2025-03-27,2025-03-27,2025-03-27,2025-03-28,2025-03-27,2025-03-27,2025-03-27,2025-03-27,21951.76,-1.39,248.71,325091126467,358,1328,138,-38787163277,-36414,-144,-3.031697,-2.073533,-0.330698,-0.530701,2025-03-27,2025-03-27,2025-03-27,2025-03-27,1.9639967913255507,0.03000000000000025,-0.009999999999999787,0.4099999999999997,0.1307340140583202,-0.45911367089674915,2025-03-27,2025-03-27,2025-03-27,2025-03-27,-0.5977820615253093,-1.3914854299955204,0.4065884529079078,0.33295753209277024,2025-03-27,2025-03-27,2025-03-27,2025-03-27,2025-03-27,-1.970072876535811,-1.918830058213783,-2.0481731604263254,-3.2126334849749583,-4.060912927871896
2025-03-28,2025-03-31,2025-03-28,2025-03-28,2025-03-28,2025-03-31,2025-03-28,2025-03-28,2025-03-28,2025-03-28,21602.89,-1.59,242.96,375414714346,142,1687,40,-33668569880,-36697,-458,-1.777226,-2.952038,-1.973722,-2.701855,2025-03-28,2025-03-28,2025-03-30,2025-03-28,15.837340823392898,-0.11000000000000032,-0.08000000000000007,0.37999999999999945,0.22469010496022346,-0.028825578346158842,2025-03-28,2025-03-28,2025-03-28,2025-03-28,-1.7979925578642142,-1.8859645097812683,-0.6455000544218992,-0.43840776062755715,2025-03-28,2025-03-28,2025-03-28,2025-03-28,2025-03-28,-3.022206494961366,-2.5625725974992797,-1.5794688426907566,-3.21612776005773,-1.668707648300316
2025-03-31,2025-04-01,2025-03-31,2025-03-31,2025-03-31,2025-04-01,2025-03-31,2025-03-31,2025-03-31,2025-03-31,20695.9,-4.2,230.4,467718115965,66,1788,17,-37854717204,-29313,324,0.453858,-0.33793,0.553852,-0.136819,2025-03-31,2025-03-31,2025-03-31,2025-03-31,2.9099357007656312,-0.03999999999999915,0.0,0.3400000000000003,0.1606192017939545,0.16339693142000122,2025-03-31,2025-03-31,2025-03-31,2025-03-31,-4.048373511649828,-3.004709335808231,-1.310559519389809,-0.7115875897388269,2025-03-31,2025-03-31,2025-03-31,2025-03-31,2025-03-31,-0.2702960179314262,-0.32992268194526053,-1.1762568952906505,-0.4650294044341807,-0.9992919171001646
2025-04-01,2025-04-02,2025-04-01,2025-04-01,2025-04-01,2025-04-02,2025-04-01,2025-04-01,2025-04-01,2025-04-01,21280.17,2.82,235.78,324116350128,1591,184,77,-4386891595,-29385,147,1.590361,0.2817,0.378124,0.870565,2025-04-01,2025-04-01,2025-04-01,2025-04-01,-2.289049430718948,-0.0600000000000005,-0.020000000000000018,0.2999999999999998,-0.10711050560909818,0.047982969194038105,2025-04-01,2025-04-01,2025-04-01,2025-04-01,0.01943388394176626,1.6230481995475943,0.3774279867114094,0.009514884104944166,2025-04-01,2025-04-01,2025-04-01,2025-04-01,2025-04-01,0.05314667826368247,0.482339937850762,1.6331466297440977,0.038934121431832835,0.6510252907855341
2025-04-02,2025-04-07,2025-04-02,2025-04-02,2025-04-02,2025-04-07,2025-04-04,2025-04-04,2025-04-04,2025-04-04,21298.22,0.08,237.38,284877203524,1140,546,178,-1049361618,-24285,-437,-6.722583,-7.602815,-5.974961,-5.817425,2025-04-04,2025-04-04,2025-04-06,2025-04-04,50.932713798720464,-0.04999999999999982,-0.029999999999999805,0.3299999999999996,0.39779856690886906,0.9307308230455114,2025-04-04,2025-04-04,2025-04-03,2025-04-03,-2.7503267397613107,-0.8557537987985531,-1.520173708163386,-0.589278965581197,2025-04-04,2025-04-04,2025-04-04,2025-04-04,2025-04-04,-7.4724088294970015,-7.55228497178252,-7.357569026158028,-8.57142926860137,-5.012662486888453
2025-04-07,2025-04-08,2025-04-07,2025-04-07,2025-04-07,2025-04-08,2025-04-07,2025-04-07,2025-04-07,2025-04-07,19232.35,-9.7,214.38,119438873206,4,1873,3,16821023092,-25151,-761,-0.429159,2.704259,-0.233147,0.099243,2025-04-07,2025-04-07,2025-04-07,2025-04-07,3.685716438600095,0.14000000000000057,0.04999999999999982,0.4200000000000004,-0.5500181172965579,0.2329698126428914,2025-04-07,2025-04-07,2025-04-07,2025-04-07,-7.826976901020699,-5.565784939336682,-13.22334712327945,-7.04545017723035,2025-04-07,2025-04-07,2025-04-07,2025-04-07,2025-04-07,2.309204641815832,2.2676940130099688,3.530910738265902,-2.4720180664342672,5.36605814736868
2025-04-08,2025-04-09,2025-04-08,2025-04-08,2025-04-08,2025-04-09,2025-04-08,2025-04-08,2025-04-08,2025-04-08,18459.95,-4.02,200.03,526055480106,263,1582,33,-34183001627,-30077,-119,-3.28385,-3.572714,-1.570052,-2.149228,2025-04-08,2025-04-08,2025-04-08,2025-04-08,11.387829589075583,0.10999999999999943,-0.020000000000000018,0.5499999999999998,0.3050360677505859,-0.29053171174838743,2025-04-08,2025-04-08,2025-04-08,2025-04-08,6.025061333543769,0.2589996316183951,1.5098565911058737,1.70834640947779,2025-04-08,2025-04-08,2025-04-08,2025-04-08,2025-04-08,-3.974702977796085,-2.677121206944677,-1.3723846233787307,-6.492109450980954,1.2261576470301794
2025-04-09,2025-04-10,2025-04-09,2025-04-09,2025-04-09,2025-04-10,2025-04-09,2025-04-09,2025-04-09,2025-04-09,17391.76,-5.79,185.14,560849550105,57,1802,17,-35641379997,-27871,1718,12.293984,18.734816,9.515388,12.163161,2025-04-09,2025-04-09,2025-04-09,2025-04-09,-35.753873962348436,0.08000000000000007,0.20000000000000018,0.4299999999999997,-1.489084234874749,-0.0582726875750339,2025-04-09,2025-04-09,2025-04-09,2025-04-09,-3.9334971755557224,-1.7363340217546153,0.6797134543032435,0.986918592306707,2025-04-09,2025-04-09,2025-04-09,2025-04-09,2025-04-09,18.571609449492342,17.160325316201195,18.722739572091605,23.82048008119291,18.663074629884147
2025-04-10,2025-04-11,2025-04-10,2025-04-10,2025-04-10,2025-04-11,2025-04-10,2025-04-10,2025-04-10,2025-04-10,19000.03,9.25,202.06,212791754119,1851,18,4,-5686895685,-22650,-64,-4.799997,-7.969604,-3.460758,-4.307512,2025-04-10,2025-04-10,2025-04-10,2025-04-10,21.118389394369697,0.0600000000000005,-0.07000000000000028,0.5600000000000005,0.6081981557515048,-1.9727879000918547,2025-04-10,2025-04-10,2025-04-10,2025-04-10,9.12835980576665,6.598949759951966,2.0592132230997207,1.3108985760764913,2025-04-10,2025-04-10,2025-04-10,2025-04-10,2025-04-10,-8.174488021991532,-6.934494611873598,-5.912710599112659,-8.405617201023684,-6.940313944547505
2025-04-11,2025-04-14,2025-04-11,2025-04-11,2025-04-11,2025-04-14,2025-04-11,2025-04-11,2025-04-11,2025-04-11,19528.77,2.78,204.94,544877490810,946,828,86,30516668815,-23548,-16,3.937006,2.506867,1.80921,2.057387,2025-04-11,2025-04-11,2025-04-13,2025-04-11,-7.760313734483592,0.08000000000000007,0.1200000000000001,0.5200000000000005,-1.2941415741642648,-1.080602694166266,2025-04-11,2025-04-11,2025-04-11,2025-04-11,-2.957097503539541,-0.5046946739509672,1.1261611146057948,0.4123000562387791,2025-04-11,2025-04-11,2025-04-11,2025-04-11,2025-04-11,2.1647552833590877,2.5992511442924915,3.123548033730472,5.298765207826617,5.594892175801447
2025-04-14,2025-04-15,2025-04-14,2025-04-14,2025-04-14,2025-04-15,2025-04-14,2025-04-14,2025-04-14,2025-04-14,19513.09,-0.08,208.61,502992434069,1297,472,102,-18627027929,-23883,7,-0.78941,0.308704,0.794471,0.639898,2025-04-14,2025-04-14,2025-04-14,2025-04-14,-17.758258093104406,-0.10000000000000053,-0.1200000000000001,0.54,-0.01606647441906306,-0.14030806911322635,2025-04-14,2025-04-14,2025-04-14,2025-04-14,1.1814036623792656,0.9524286458791664,2.4036261146822113,0.22983141009742525,2025-04-14,2025-04-14,2025-04-14,2025-04-14,2025-04-14,0.6617899837464636,0.14902541125434432,-0.19832436680599086,1.17772853977558,-1.9676826332942543
2025-04-15,2025-04-16,2025-04-15,2025-04-15,2025-04-15,2025-04-16,2025-04-15,2025-04-15,2025-04-15,2025-04-15,19857.67,1.77,216.48,348481046925,1756,78,42,-489664693,-22398,24,0.956112,0.466373,-0.172778,-0.049375,2025-04-15,2025-04-15,2025-04-15,2025-04-15,-2.4927114458703215,-0.03000000000000025,0.0,0.5099999999999998,0.45493231013253865,0.5820973851942357,2025-04-15,2025-04-15,2025-04-15,2025-04-15,0.8391991984811886,0.8762615781874095,0.22817494062628008,0.055600162546531884,2025-04-15,2025-04-15,2025-04-15,2025-04-15,2025-04-15,0.4094617871157835,0.6497681437567016,1.3458566309197062,0.8359798047908429,0.3307896029780544
2025-04-16,2025-04-17,2025-04-16,2025-04-16,2025-04-16,2025-04-17,2025-04-16,2025-04-16,2025-04-16,2025-04-16,19468,-1.96,212.87,348678479473,341,1430,98,-21007789335,-28725,-201,-3.597536,-4.095586,-2.240837,-3.067256,2025-04-16,2025-04-16,2025-04-16,2025-04-16,8.366528818726216,-0.05999999999999961,-0.06999999999999984,0.52,-0.3851900465324021,-0.8381600050426208,2025-04-16,2025-04-16,2025-04-16,2025-04-16,-1.0130305078717705,-1.2101340324106369,-1.9066613409664313,0.30814621681762855,2025-04-16,2025-04-16,2025-04-16,2025-04-16,2025-04-16,-3.859629657771413,-4.2233353749069895,-6.871657124936714,-7.345996361365725,-2.4252564469983695
2025-04-17,2025-04-18,2025-04-17,2025-04-17,2025-04-17,2025-04-18,2025-04-17,2025-04-17,2025-04-17,2025-04-17,19338.73,-0.66,212.08,306379251556,696,957,184,-13620816803,-29870,-2,0.046158,-0.640365,0.132684,-0.126999,2025-04-17,2025-04-17,2025-04-16,2025-04-17,-9.160538685752616,0.04999999999999982,0.040000000000000036,0.5299999999999998,-0.3851900465324021,0.0,2025-04-17,2025-04-17,2025-04-17,2025-04-17,1.3478707387309052,0.938943345084664,1.60592900179517,-0.015905811710525963,2025-04-17,2025-04-17,2025-04-17,2025-04-17,2025-04-17,-0.5018199061792794,-0.9364585886605936,-2.871088201103511,-0.8947795982958362,-2.0731888806676313
2025-04-18,2025-04-21,2025-04-18,2025-04-18,2025-04-18,2025-04-21,2025-04-17,2025-04-17,2025-04-17,2025-04-17,19395.03,0.29,212.13,243979566833,900,764,185,-15199414766,-29062,34,0.046158,-0.640365,0.132684,-0.126999,2025-04-17,2025-04-17,2025-04-16,2025-04-17,-9.160538685752616,0.04999999999999982,0.040000000000000036,0.5299999999999998,-0.3851900465324021,0.0,2025-04-18,2025-04-18,2025-04-17,2025-04-18,1.0258996307779489,0.5266336449612163,1.60592900179517,0.007954171030721824,2025-04-17,2025-04-17,2025-04-17,2025-04-17,2025-04-17,-0.5018199061792794,-0.9364585886605936,-2.871088201103511,-0.8947795982958362,-2.0731888806676313
2025-04-21,2025-04-22,2025-04-21,2025-04-21,2025-04-21,2025-04-22,2025-04-21,2025-04-21,2025-04-21,2025-04-21,19106.2,-1.49,206.22,242692205841,196,1596,66,-1950534812,-26570,-229,-2.557009,-2.10204,-2.356749,-2.551506,2025-04-21,2025-04-21,2025-04-21,2025-04-21,14.064081382610993,0.08000000000000007,-0.06000000000000005,0.6699999999999999,0.19087153159529358,-1.1068610429884718,2025-04-21,2025-04-21,2025-04-17,2025-04-21,-1.2967340280320983,0.20133526174763716,1.60592900179517,0.3276288321138132,2025-04-21,2025-04-21,2025-04-21,2025-04-21,2025-04-21,-1.7472252229290275,-2.4411764286301874,-4.51275425959502,-2.217145647321428,-2.795484312378693
2025-04-22,2025-04-23,2025-04-22,2025-04-22,2025-04-22,2025-04-23,2025-04-22,2025-04-22,2025-04-22,2025-04-22,18793.43,-1.64,203.68,284246864305,438,1263,144,-5243129009,-27131,253,2.394152,2.135982,2.51172,2.706334,2025-04-22,2025-04-22,2025-04-22,2025-04-22,-9.609698490025053,-0.009999999999999787,0.009999999999999787,0.6500000000000004,0.40997828226332356,0.6512000382556504,2025-04-22,2025-04-22,2025-04-22,2025-04-22,-0.17304681357299678,-0.07153251270926031,0.7813909262398333,-0.02456964737105327,2025-04-22,2025-04-22,2025-04-22,2025-04-22,2025-04-22,1.9432950051523123,2.16684875991775,2.0431283177354986,0.818144690989886,2.0275524824380664
2025-04-23,2025-04-24,2025-04-23,2025-04-23,2025-04-23,2025-04-24,2025-04-23,2025-04-23,2025-04-23,2025-04-23,19639.14,4.5,211.5,314283888447,1687,118,62,26370251674,-27745,90,4.23382,3.96315,1.666114,2.500738,2025-04-23,2025-04-23,2025-04-23,2025-04-23,-6.93490007539549,-0.009999999999999787,0.050000000000000266,0.5900000000000003,-0.12526095055448438,0.9300426465577161,2025-04-23,2025-04-23,2025-04-23,2025-04-23,1.893676072778705,1.565170981604136,2.366622982727762,0.07743050723272304,2025-04-23,2025-04-23,2025-04-23,2025-04-23,2025-04-23,3.746553006590503,3.652949446890741,3.86287766043214,4.787847381333776,4.322444717483398
2025-04-24,2025-04-25,2025-04-24,2025-04-24,2025-04-24,2025-04-25,2025-04-24,2025-04-24,2025-04-24,2025-04-24,19478.81,-0.82,212.75,301953574617,838,815,185,-6208837316,-27358,485,4.036497,5.629381,2.025911,2.741123,2025-04-24,2025-04-24,2025-04-24,2025-04-24,-6.959583115949231,-0.08000000000000007,-0.040000000000000036,0.5500000000000003,-0.2987707483269153,-0.5508768454897783,2025-04-24,2025-04-24,2025-04-24,2025-04-24,0.4890342310518436,-0.1278916515075279,-0.7378343909366647,-0.06653961753741999,2025-04-24,2025-04-24,2025-04-24,2025-04-24,2025-04-24,5.754891681734131,5.057562401779836,3.6218491421109444,4.513775703733369,6.353507434120509
2025-04-25,2025-04-28,2025-04-25,2025-04-25,2025-04-25,2025-04-28,2025-04-25,2025-04-25,2025-04-25,2025-04-25,19872.73,2.02,216.92,352320568237,1471,270,127,14568194329,-23698,179,0.560369,1.031796,0.737313,1.263544,2025-04-25,2025-04-25,2025-04-27,2025-04-25,-6.157911609556576,-0.03000000000000025,-0.029999999999999805,0.5499999999999998,0.25712712450653985,0.18128744437106992,2025-04-25,2025-04-25,2025-04-25,2025-04-25,1.9024145091282918,0.9503106239348025,0.32396735294817347,0.06949346092466335,2025-04-25,2025-04-25,2025-04-25,2025-04-25,2025-04-25,0.9725175059653646,1.4356127589967072,4.30329965040126,2.3076111749832817,2.211003878319606
2025-04-28,2025-04-29,2025-04-28,2025-04-28,2025-04-28,2025-04-29,2025-04-28,2025-04-28,2025-04-28,2025-04-28,20034.41,0.81,219.41,279134776505,1353,380,129,5866675290,-24770,5,-1.029686,-0.376087,0.064071,-0.096696,2025-04-28,2025-04-28,2025-04-28,2025-04-28,1.247984959895776,-0.05999999999999961,-0.07000000000000028,0.5600000000000005,-0.2862987748134538,-0.4624500641676077,2025-04-28,2025-04-28,2025-04-28,2025-04-28,0.3759899849781201,0.10054033478608115,-0.03994086086905879,-0.14179792026708382,2025-04-28,2025-04-28,2025-04-28,2025-04-28,2025-04-28,-0.17856275927391474,-0.6227330832745293,-2.053867881651672,-0.26901410463077147,0.08320090694224902
2025-04-29,2025-04-30,2025-04-29,2025-04-29,2025-04-29,2025-04-30,2025-04-29,2025-04-29,2025-04-29,2025-04-29,20232.63,0.99,222.51,313308144670,1525,242,97,9381548288,-25366,-1,0.660956,-0.917696,0.580241,0.548133,2025-04-29,2025-04-29,2025-04-29,2025-04-29,-3.8966185172991996,-0.040000000000000036,-0.020000000000000018,0.5400000000000005,-0.32134330087744134,0.2322954475070249,2025-04-28,2025-04-29,2025-04-29,2025-04-29,0.3759899849781201,0.6496949128320217,0.16452076172366326,-0.17294278271832164,2025-04-29,2025-04-29,2025-04-29,2025-04-29,2025-04-29,-1.0678671218166347,-0.17089989118559412,0.2667095347921977,-0.34236106768782415,-0.675431518425107
2025-04-30,2025-05-02,2025-04-30,2025-04-30,2025-04-30,2025-05-02,2025-05-01,2025-05-01,2025-05-01,2025-05-01,20235.03,0.01,219.98,345249931876,498,1238,128,-1656896976,-22730,276,3.617493,0.415365,0.62991,1.515506,2025-05-01,2025-05-01,2025-05-01,2025-05-01,-0.40485983150158056,0.08000000000000007,0.10000000000000009,0.5499999999999998,0.248493598366184,0.7841547901122681,2025-05-01,2025-04-30,2025-04-30,2025-04-30,1.1289155152408359,-0.3434063319616709,0.5057262273352459,-0.119467923124561,2025-05-01,2025-05-01,2025-05-01,2025-05-01,2025-05-01,-0.13598781820062245,0.48277370236375905,2.469704816955476,-0.7190518327827911,2.52506914299786
2025-05-02,2025-05-05,2025-05-02,2025-05-02,2025-05-02,2025-05-05,2025-05-02,2025-05-02,2025-05-02,2025-05-02,20787.64,2.73,223.89,388859195186,1463,291,119,38773013562,-22913,158,3.798053,3.516987,1.472657,1.507505,2025-05-02,2025-05-02,2025-05-04,2025-05-02,-7.804878237889012,0.08000000000000007,0.1299999999999999,0.5,-4.382525588739094,-0.24937655860348684,2025-05-02,2025-05-02,2025-05-02,2025-04-30,1.0380431876460205,0.12438078185617041,1.7417712702485488,-0.119467923124561,2025-05-02,2025-05-02,2025-05-02,2025-05-02,2025-05-02,3.5078177296510527,3.1700403348078776,2.589373151011709,2.2245230128663973,3.1976878832627342
2025-05-05,2025-05-06,2025-05-05,2025-05-05,2025-05-05,2025-05-06,2025-05-05,2025-05-05,2025-05-05,2025-05-05,20532.99,-1.23,219.39,445222016489,389,1403,76,24440856662,-26159,-225,-1.606428,-0.929478,-0.63816,-0.742531,2025-05-05,2025-05-05,2025-05-05,2025-05-05,4.232800139132165,0.03000000000000025,0.0,0.5300000000000002,-5.0295889599485495,-0.16999816894531783,2025-05-02,2025-05-02,2025-05-02,2025-04-30,1.0380431876460205,0.12438078185617041,1.7417712702485488,-0.119467923124561,2025-05-05,2025-05-05,2025-05-05,2025-05-05,2025-05-05,-0.7682952504639906,-0.6483121841114325,-0.5938867294111638,1.8117340393148496,-1.433902071153581
2025-05-06,2025-05-07,2025-05-06,2025-05-06,2025-05-06,2025-05-07,2025-05-06,2025-05-06,2025-05-06,2025-05-06,20522.59,-0.05,221.42,353958871829,1263,482,114,15753975154,-31157,-98,-2.335598,-1.032556,-0.769324,-0.866274,2025-05-06,2025-05-06,2025-05-06,2025-05-06,4.737736328892761,-0.0600000000000005,-0.050000000000000266,0.52,2.8038417507629143,-0.5910086712045071,2025-05-02,2025-05-02,2025-05-06,2025-05-06,1.0380431876460205,0.12438078185617041,0.7022150601315946,1.0070087550354545,2025-05-06,2025-05-06,2025-05-06,2025-05-06,2025-05-06,-0.9545542672981799,-0.928268124992071,-0.24600138819856898,-1.9584388736740954,-0.31387249849593735
2025-05-07,2025-05-08,2025-05-07,2025-05-07,2025-05-07,2025-05-08,2025-05-07,2025-05-07,2025-05-07,2025-05-07,20546.49,0.12,219.55,333752591878,667,1028,168,13645290933,-30643,135,1.311815,1.743358,0.434636,0.274171,2025-05-07,2025-05-07,2025-05-07,2025-05-07,-4.886918338594592,-0.040000000000000036,0.0,0.48,1.3780265518076762,0.3728363105065302,2025-05-07,2025-05-07,2025-05-07,2025-05-07,-0.13855631825402392,0.5473108947152472,0.12871329451911162,0.6062649601468628,2025-05-07,2025-05-07,2025-05-07,2025-05-07,2025-05-07,1.750810589960472,2.054830005946684,3.1002260125796877,1.764345787173327,2.3589391309360996
2025-05-08,2025-05-09,2025-05-08,2025-05-08,2025-05-08,2025-05-09,2025-05-08,2025-05-08,2025-05-08,2025-05-08,20543.4,-0.02,222.69,309822396943,1355,376,136,1484409718,-30020,102,0.3896,1.004935,0.579978,1.071027,2025-05-08,2025-05-08,2025-05-08,2025-05-08,-4.543523267467309,0.11000000000000032,0.1200000000000001,0.4700000000000002,-0.40045240590582676,1.034031495819332,2025-05-08,2025-05-08,2025-05-08,2025-05-08,0.4050302514138071,0.22068270778108356,0.3703485974600573,0.5551167566225645,2025-05-08,2025-05-08,2025-05-08,2025-05-08,2025-05-08,0.8945549711063316,0.8771896365347143,0.2648258965092687,1.335189647012025,1.4452452268695293
2025-05-09,2025-05-12,2025-05-09,2025-05-09,2025-05-09,2025-05-12,2025-05-09,2025-05-09,2025-05-09,2025-05-09,20915.04,1.81,223.55,380112085214,1051,643,168,22732275401,-33271,-51,0.741926,0.813916,-0.071148,0.004347,2025-05-09,2025-05-09,2025-05-11,2025-05-09,-2.5800708875297285,0.0,-0.020000000000000018,0.4900000000000002,-0.07465812307537734,-0.29809524401553933,2025-05-09,2025-05-09,2025-05-09,2025-05-09,1.556243044411354,-0.0856746690896304,0.40314644947365696,-0.1749329181968906,2025-05-09,2025-05-09,2025-05-09,2025-05-09,2025-05-09,1.1473854621959045,0.6532989268660971,-0.613445687871117,1.1209433862899854,0.206956089396515
2025-05-12,2025-05-13,2025-05-12,2025-05-12,2025-05-12,2025-05-13,2025-05-12,2025-05-12,2025-05-12,2025-05-12,21129.54,1.03,226.06,354137594430,1251,482,141,16618482149,-36747,412,5.925669,7.039744,3.255878,4.347278,2025-05-12,2025-05-12,2025-05-12,2025-05-12,-16.027398584573106,0.08000000000000007,0.10000000000000009,0.4700000000000002,0.48501607250679424,1.4450913200693138,2025-05-12,2025-05-12,2025-05-12,2025-05-12,0.37578956534274344,1.1663527052247824,2.9811459118301187,1.1557032554094127,2025-05-12,2025-05-12,2025-05-12,2025-05-12,2025-05-12,7.182629937312601,6.271266852458712,5.443633425681815,5.13419544604361,6.426515407749367
2025-05-13,2025-05-14,2025-05-13,2025-05-13,2025-05-13,2025-05-14,2025-05-13,2025-05-13,2025-05-13,2025-05-13,21330.14,0.95,228.18,486317982315,926,773,171,15156583067,-36513,322,3.749069,3.146248,0.72482,1.612917,2025-05-13,2025-05-13,2025-05-13,2025-05-13,-0.9244158887228515,0.040000000000000036,0.03999999999999959,0.47000000000000064,0.10495309053717428,-0.7761085651064481,2025-05-13,2025-05-13,2025-05-13,2025-05-13,1.4318251318806707,0.041799224392180534,-1.8734671142618398,0.1452189293646322,2025-05-13,2025-05-13,2025-05-13,2025-05-13,2025-05-13,2.8335014807346015,3.4328772043168643,5.634140386814024,4.014054964522118,4.892136586475737
2025-05-14,2025-05-15,2025-05-14,2025-05-14,2025-05-14,2025-05-15,2025-05-14,2025-05-14,2025-05-14,2025-05-14,21782.87,2.12,231.47,502441348876,1289,444,136,44692333399,-36283,46,0.396922,0.595778,0.102442,0.719201,2025-05-14,2025-05-14,2025-05-14,2025-05-14,2.1953981391520827,0.040000000000000036,0.03000000000000025,0.4800000000000004,-0.2803567472373425,0.03960486685876674,2025-05-14,2025-05-14,2025-05-14,2025-05-14,-0.1443900023683109,1.2325525585337838,2.303854291880425,1.205000463372552,2025-05-14,2025-05-14,2025-05-14,2025-05-14,2025-05-14,0.4818482437151994,0.9895780903770746,4.163783550430233,4.677220504225232,-0.1290779855956048
2025-05-15,2025-05-16,2025-05-15,2025-05-15,2025-05-15,2025-05-16,2025-05-15,2025-05-15,2025-05-15,2025-05-15,21730.25,-0.24,230.13,411754931116,619,1087,161,7510831566,-37208,80,-0.277261,-0.570073,0.413233,-0.180136,2025-05-15,2025-05-15,2025-05-15,2025-05-15,-4.242754457146781,-0.08000000000000007,-0.08999999999999986,0.4900000000000002,-0.5692240792755765,-0.15835675045484665,2025-05-15,2025-05-15,2025-05-15,2025-05-15,-0.9772763526272099,-0.7274929443336187,-0.7930840788092364,-0.9132156319939799,2025-05-15,2025-05-15,2025-05-15,2025-05-15,2025-05-15,-0.6424832008747661,-0.3467884153804168,-0.37682467905694184,-2.3190650090253895,0.2240239028948876
2025-05-16,2025-05-19,2025-05-16,2025-05-16,2025-05-16,2025-05-19,2025-05-16,2025-05-16,2025-05-16,2025-05-16,21843.69,0.52,230.92,399270647529,918,774,174,15689717026,-37207,5,0.0,-0.208015,0.700527,0.516836,2025-05-16,2025-05-16,2025-05-18,2025-05-16,-3.309030595134499,-0.020000000000000462,0.020000000000000018,0.44999999999999973,0.1180119416830605,0.20816721866587784,2025-05-16,2025-05-16,2025-05-16,2025-05-16,-0.004748892726857967,0.21019659794259127,-0.46095866944902975,-0.46349978264660363,2025-05-16,2025-05-16,2025-05-16,2025-05-16,2025-05-16,-0.13120227472569468,-0.28730089420095917,0.42274868923009024,1.895817328180538,-1.7322897136648585
2025-05-19,2025-05-20,2025-05-19,2025-05-19,2025-05-19,2025-05-20,2025-05-19,2025-05-19,2025-05-19,2025-05-19,21523.83,-1.46,227.08,379742078700,418,1333,113,-13050015446,-37713,212,-0.370714,-0.497339,0.087611,0.022702,2025-05-19,2025-05-19,2025-05-19,2025-05-19,5.220415490016572,0.03000000000000025,-0.009999999999999787,0.48999999999999977,-0.18806606512049573,-0.6528796682401916,2025-05-19,2025-05-19,2025-05-19,2025-05-19,-0.6756681254081798,-0.8927047880695094,-0.05281666868295343,-0.307017458506631,2025-05-19,2025-05-19,2025-05-19,2025-05-19,2025-05-19,-0.6005718340787669,-0.16638408617642986,0.1255638370739831,-2.0739099967143515,0.8836027588766227
2025-05-20,2025-05-21,2025-05-20,2025-05-20,2025-05-20,2025-05-21,2025-05-20,2025-05-20,2025-05-20,2025-05-20,21526.03,0.01,227.74,331906895225,901,774,190,5354952291,-37844,32,-0.025841,-0.141498,-0.388023,-0.378601,2025-05-20,2025-05-20,2025-05-20,2025-05-20,-0.27562976153725494,0.020000000000000462,0.0,0.5100000000000002,0.0016576947628355043,-0.3086702754672488,2025-05-20,2025-05-20,2025-05-20,2025-05-20,0.08229467556575276,-0.06222096686224754,1.4947239546663216,0.5421513240574827,2025-05-20,2025-05-20,2025-05-20,2025-05-20,2025-05-20,-0.14633599643670836,-0.19104964481029274,-0.8777770724466616,-1.0719851406999603,0.4552693798459906
2025-05-21,2025-05-22,2025-05-21,2025-05-21,2025-05-21,2025-05-22,2025-05-21,2025-05-21,2025-05-21,2025-05-21,21803.91,1.29,230.26,359409678644,1302,398,171,30231924243,-38846,-205,-0.873612,-1.800732,-1.613513,-1.410826,2025-05-21,2025-05-21,2025-05-21,2025-05-21,15.36761007847649,0.09999999999999964,0.029999999999999805,0.5800000000000001,-0.41198726278828257,-0.5593339718594881,2025-05-21,2025-05-21,2025-05-21,2025-05-21,-0.6142045177183086,0.9139837362823311,0.617777373834616,0.467141281741279,2025-05-21,2025-05-21,2025-05-21,2025-05-21,2025-05-21,-1.8294389902683172,-1.6575678816960981,-1.9199298536300868,-1.2774245003506213,-0.8416768861742252
2025-05-22,2025-05-23,2025-05-22,2025-05-22,2025-05-22,2025-05-23,2025-05-22,2025-05-22,2025-05-22,2025-05-22,21670.96,-0.61,228.98,355072869593,491,1223,144,2440725883,-40656,32,2.310184,-0.567174,-0.044487,0.281358,2025-05-22,2025-05-22,2025-05-22,2025-05-22,-2.827025054444432,-0.040000000000000036,0.0,0.54,0.08260363716483532,0.4017693206987971,2025-05-22,2025-05-22,2025-05-22,2025-05-22,-0.8394582668615591,-1.2153564279322238,-1.1896566040343393,-0.0640838146476641,2025-05-22,2025-05-22,2025-05-22,2025-05-22,2025-05-22,-0.9245428737295724,-0.2733273941992187,0.7814861573959053,-1.2047104261404318,0.3482362193166111
2025-05-23,2025-05-26,2025-05-23,2025-05-23,2025-05-23,2025-05-26,2025-05-23,2025-05-23,2025-05-23,2025-05-23,21652.24,-0.09,228.79,379538196950,772,859,228,-3032049629,-40117,-216,-2.145882,-1.530537,-0.67083,-0.996153,2025-05-23,2025-05-23,2025-05-25,2025-05-23,9.911243396581494,-0.03000000000000025,0.0,0.5099999999999998,-0.25093902970623194,-0.8503386173531191,2025-05-23,2025-05-23,2025-05-23,2025-05-23,0.4720658215874973,-0.06091114258798269,0.24188102105016096,-0.807387488856115,2025-05-23,2025-05-23,2025-05-23,2025-05-23,2025-05-23,-1.5504264599787376,-1.3994415312294173,-1.159383063835684,-0.3613056898082889,-0.7851462144528032
2025-05-26,2025-05-27,2025-05-26,2025-05-26,2025-05-26,2025-05-27,2025-05-23,2025-05-23,2025-05-23,2025-05-23,21536.57,-0.53,227.67,345751634393,702,990,167,13266356179,-41757,18,-2.145882,-1.530537,-0.67083,-0.996153,2025-05-23,2025-05-23,2025-05-26,2025-05-26,9.911243396581494,-0.03000000000000025,0.0,0.5099999999999998,-0.1885106866633124,-0.1816166926317031,2025-05-26,2025-05-26,2025-05-26,2025-05-26,0.9985409562413006,2.018055417807396,-1.3513248473478456,-0.5707978063836605,2025-05-23,2025-05-23,2025-05-23,2025-05-23,2025-05-23,-1.5504264599787376,-1.3994415312294173,-1.159383063835684,-0.3613056898082889,-0.7851462144528032
2025-05-27,2025-05-28,2025-05-27,2025-05-27,2025-05-27,2025-05-28,2025-05-27,2025-05-27,2025-05-27,2025-05-27,21336.54,-0.93,226.26,368175500675,390,1345,127,-10270949809,-43507,183,2.969058,3.375099,2.045906,2.465411,2025-05-27,2025-05-27,2025-05-27,2025-05-27,-14.939442325168272,-0.08000000000000007,-0.08000000000000007,0.5099999999999998,0.16646820635146664,0.5963775761352652,2025-05-27,2025-05-27,2025-05-27,2025-05-27,0.5131102264845699,-0.27151459332083183,0.4280506114104021,-0.5365185059955979,2025-05-27,2025-05-27,2025-05-27,2025-05-27,2025-05-27,3.322470284683088,3.171326946543074,3.2066470631100685,3.852778618495134,3.0299023429499528
2025-05-28,2025-05-29,2025-05-28,2025-05-28,2025-05-28,2025-05-29,2025-05-28,2025-05-28,2025-05-28,2025-05-28,21357.72,0.1,225.84,387502694219,573,1112,172,-786893672,-43204,65,-0.779033,-0.548641,-0.557123,-0.511589,2025-05-28,2025-05-28,2025-05-28,2025-05-28,1.8459936622906348,0.040000000000000036,0.040000000000000036,0.5099999999999998,-0.049388342657963324,0.361736959902359,2025-05-28,2025-05-28,2025-05-28,2025-05-28,-0.0045353953435745,1.2486607869818922,-0.5289527805814043,-0.08230223966630978,2025-05-28,2025-05-28,2025-05-28,2025-05-28,2025-05-28,-0.5016903945012086,-1.0654368279159665,-0.5092268940267486,-1.483935915215684,1.6040733618509329
2025-05-29,2025-06-02,2025-05-29,2025-05-29,2025-05-29,2025-06-02,2025-05-30,2025-05-30,2025-05-30,2025-05-30,21347.3,-0.05,227.27,537345509272,857,819,183,-20665895205,-47014,-257,-1.942676,-2.107198,-0.008119,-0.323842,2025-05-30,2025-05-30,2025-06-01,2025-05-30,-3.180399377715093,-0.019999999999999574,-0.029999999999999805,0.52,0.07001895010041448,0.050365685306830166,2025-05-30,2025-05-30,2025-05-30,2025-05-30,-1.2173890771506324,-0.8442855949362116,-1.2030999279096122,-0.4786578624107807,2025-05-30,2025-05-30,2025-05-30,2025-05-30,2025-05-30,-1.984788353899991,-1.7740092586740475,-2.91687440719951,-2.034853974345574,0.041329959503699776
2025-06-02,2025-06-03,2025-06-02,2025-06-02,2025-06-02,2025-06-03,2025-06-02,2025-06-02,2025-06-02,2025-06-02,21002.71,-1.61,222.04,386907582139,258,1509,83,-53869463620,-45393,212,0.786255,1.570598,0.410204,0.674068,2025-06-02,2025-06-02,2025-06-02,2025-06-02,-1.130851308151537,0.04999999999999982,0.04999999999999982,0.52,0.38934277980975374,-0.6342543755149088,2025-06-02,2025-06-02,2025-06-02,2025-05-30,-1.3023267873682465,0.04819154551056748,-0.5659086834163496,-0.4786578624107807,2025-06-02,2025-06-02,2025-06-02,2025-06-02,2025-06-02,1.5077565634235235,1.4807103448416292,1.6650632122386488,3.522075118080603,2.74300788563
2025-06-03,2025-06-04,2025-06-03,2025-06-03,2025-06-03,2025-06-04,2025-06-03,2025-06-03,2025-06-03,2025-06-03,21126.93,0.59,222.5,407420787909,807,846,203,-13246218371,-39470,243,1.421682,2.723481,0.580029,0.812528,2025-06-03,2025-06-03,2025-06-03,2025-06-03,-3.6492377669976372,0.0,0.020000000000000018,0.5,-0.0713650479945871,0.557247283448481,2025-06-03,2025-06-02,2025-06-03,2025-06-03,-0.06368522381879904,0.04819154551056748,1.5308747722103222,0.3067532245929927,2025-06-03,2025-06-03,2025-06-03,2025-06-03,2025-06-03,2.6871106910985265,2.256469447395393,2.795163925904798,2.3379572270694426,3.2728877688517066
2025-06-04,2025-06-05,2025-06-04,2025-06-04,2025-06-04,2025-06-05,2025-06-04,2025-06-04,2025-06-04,2025-06-04,21618.09,2.32,226.24,469084870296,1395,330,140,20337523472,-37165,69,2.423963,1.388683,0.007369,0.317178,2025-06-04,2025-06-04,2025-06-04,2025-06-04,-0.45223245500776166,-0.08999999999999986,-0.08999999999999986,0.5,-0.07976061250243305,-0.46347514808328105,2025-06-04,2025-06-04,2025-06-04,2025-06-04,0.8028471217976563,2.6628720574011,0.6019739342329355,0.4343181981961708,2025-06-04,2025-06-04,2025-06-04,2025-06-04,2025-06-04,1.4886284089772772,1.1897611615202308,0.4956783332328518,1.0826053182948936,1.6468679650508689
2025-06-05,2025-06-06,2025-06-05,2025-06-05,2025-06-05,2025-06-06,2025-06-05,2025-06-05,2025-06-05,2025-06-05,21674.43,0.26,227.23,429542496399,755,896,207,66325434,-37098,-24,0.464428,-0.445631,-0.527738,-0.832667,2025-06-05,2025-06-05,2025-06-05,2025-06-05,4.940368550432428,0.03000000000000025,0.04999999999999982,0.4800000000000004,0.011020349999935064,-0.05061549883026428,2025-06-05,2025-06-05,2025-06-05,2025-06-05,-0.5111893425745806,1.4872731601365041,1.0693375030334407,0.2279829707253267,2025-06-05,2025-06-05,2025-06-05,2025-06-05,2025-06-05,-0.41974338067335415,-0.17874754647156932,-1.359915939037526,-2.437172664043241,-0.44047569926086716
2025-06-06,2025-06-09,2025-06-06,2025-06-06,2025-06-06,2025-06-09,2025-06-06,2025-06-06,2025-06-06,2025-06-06,21660.66,-0.06,227.31,364339831024,817,855,190,-13673476019,-38541,94,0.904887,0.54162,1.028068,1.199578,2025-06-06,2025-06-06,2025-06-08,2025-06-06,-9.25324202830431,0.10999999999999943,0.1200000000000001,0.46999999999999975,-0.09216583404251244,0.4557469995670749,2025-06-06,2025-06-05,2025-06-06,2025-06-06,0.49826559304610996,1.4872731601365041,-0.47865387064720544,-0.09232811538445462,2025-06-06,2025-06-06,2025-06-06,2025-06-06,2025-06-06,0.6716369226650309,0.5690380654260085,1.2357994568573227,0.4321894627439704,-5.001346657296024
2025-06-09,2025-06-10,2025-06-09,2025-06-09,2025-06-09,2025-06-10,2025-06-09,2025-06-09,2025-06-09,2025-06-09,21790.29,0.6,227.9,372508465171,635,1042,174,-69101436,-38587,127,0.88703,1.957104,0.091995,0.313831,2025-06-09,2025-06-09,2025-06-09,2025-06-09,2.32557769232431,-0.019999999999999574,-0.03000000000000025,0.4800000000000004,-0.013037526208137251,-0.2520415302415979,2025-06-09,2025-06-09,2025-06-09,2025-06-09,0.9193061537270397,1.5547365780827604,1.634506615617748,0.29091579171987014,2025-06-09,2025-06-09,2025-06-09,2025-06-09,2025-06-09,2.3557607721758966,1.6737212832066417,0.6421137837080648,4.768053015853169,-1.073176193693004
2025-06-10,2025-06-11,2025-06-10,2025-06-10,2025-06-10,2025-06-11,2025-06-10,2025-06-10,2025-06-10,2025-06-10,22242.14,2.07,230.82,474325784313,1158,528,163,39925702068,-37131,196,2.637684,2.06048,0.548299,0.63166,2025-06-10,2025-06-10,2025-06-10,2025-06-10,-1.2237708994171426,-0.020000000000000462,0.0,0.45999999999999996,-0.08323425859342315,0.11117910616256221,2025-06-10,2025-06-10,2025-06-10,2025-06-10,0.3227776869578536,0.5630732872403899,-0.07675537433005086,-0.5091057022553191,2025-06-10,2025-06-10,2025-06-10,2025-06-10,2025-06-10,2.1846626196512675,1.9886426054905648,0.9324838992661011,1.2404456298324096,0.14328070462774622
2025-06-11,2025-06-12,2025-06-11,2025-06-11,2025-06-11,2025-06-12,2025-06-11,2025-06-11,2025-06-11,2025-06-11,22470.1,1.02,234.01,501375978600,901,765,205,7929868757,-35730,9,0.77191,-0.190181,-0.274389,-0.502711,2025-06-11,2025-06-11,2025-06-11,2025-06-11,1.828905321468688,-0.05999999999999961,-0.06999999999999984,0.4700000000000002,-0.2723416236173337,-0.42403410943901987,2025-06-11,2025-06-11,2025-06-11,2025-06-11,0.548734342266588,1.225340467281666,0.8445615928817762,0.7543691279555009,2025-06-11,2025-06-11,2025-06-11,2025-06-11,2025-06-11,-0.3343347444736855,-0.07250064337624984,-0.7849436163604007,-1.7039910017220605,3.3847028631109
2025-06-12,2025-06-13,2025-06-12,2025-06-12,2025-06-12,2025-06-13,2025-06-12,2025-06-12,2025-06-12,2025-06-12,22287.82,-0.81,234.77,433551738754,811,821,224,354421187,-38976,56,0.621199,0.317631,0.382242,0.23761,2025-06-12,2025-06-12,2025-06-12,2025-06-12,4.403245763636199,-0.04999999999999982,-0.040000000000000036,0.4600000000000004,-0.9470802353383045,-0.7198612027215168,2025-06-12,2025-06-12,2025-06-12,2025-06-12,-0.6457414604265521,0.4468459346904652,-1.3606903500861245,-0.06239185015625148,2025-06-12,2025-06-12,2025-06-12,2025-06-12,2025-06-12,0.13682801992156435,0.48495073697596425,1.519287363387467,-2.179296188665847,1.249457758235284
2025-06-13,2025-06-16,2025-06-13,2025-06-13,2025-06-13,2025-06-16,2025-06-13,2025-06-13,2025-06-13,2025-06-13,22072.95,-0.96,231.18,436610003022,264,1493,85,-796594999,-42000,51,-2.009927,-2.608226,-1.129638,-1.300243,2025-06-13,2025-06-13,2025-06-15,2025-06-13,15.538286159444613,0.04999999999999982,0.06000000000000005,0.4500000000000002,-0.06841860324496851,0.2655250623900818,2025-06-13,2025-06-13,2025-06-13,2025-06-13,-0.8876406000586812,-0.8701935204239564,-0.5942086515524969,-0.719901851979976,2025-06-13,2025-06-13,2025-06-13,2025-06-13,2025-06-13,-2.6050110329784104,-2.340871672044398,-2.089654330549573,-1.9746804539161444,-2.8781232339502916
2025-06-16,2025-06-17,2025-06-16,2025-06-16,2025-06-16,2025-06-17,2025-06-16,2025-06-16,2025-06-16,2025-06-16,22049.9,-0.1,231.2,346508441887,874,793,183,12914479,-41036,189,2.169581,3.033104,0.939266,1.516893,2025-06-16,2025-06-16,2025-06-16,2025-06-16,-8.213252207192667,0.04999999999999982,0.010000000000000231,0.48999999999999977,-1.694628077349214,-0.1833370387209987,2025-06-16,2025-06-16,2025-06-16,2025-06-16,1.2609688972293531,1.797810863431648,0.704946157485109,0.2489562431792658,2025-06-16,2025-06-16,2025-06-16,2025-06-16,2025-06-16,2.932655471870227,2.486483867566136,1.9158985682296903,8.806814226088067,1.3671126646539689
2025-06-17,2025-06-18,2025-06-17,2025-06-17,2025-06-17,2025-06-18,2025-06-17,2025-06-17,2025-06-17,2025-06-17,22211.59,0.73,231.15,445374474252,838,785,227,6218412461,-41401,-93,-0.825296,-0.828696,-0.835218,-0.914264,2025-06-17,2025-06-17,2025-06-17,2025-06-17,13.0298257016767,-0.07000000000000028,-0.03000000000000025,0.44999999999999973,2.213760753044025,0.8367343824736917,2025-06-17,2025-06-17,2025-06-17,2025-06-17,0.588364244420192,0.12353433471541386,-0.3353538334832207,-0.08828968900084222,2025-06-17,2025-06-17,2025-06-17,2025-06-17,2025-06-17,-0.7914188499982711,-0.6796296270547675,-0.3939507323248437,0.561752581613506,-1.0829079413854248
2025-06-18,2025-06-19,2025-06-18,2025-06-18,2025-06-18,2025-06-19,2025-06-18,2025-06-18,2025-06-18,2025-06-18,22356.73,0.65,231.79,440718630251,947,707,212,11611435415,-45050,-78,-0.187,0.523965,-0.030924,0.128987,2025-06-18,2025-06-18,2025-06-18,2025-06-18,-6.759263731651588,-0.009999999999999787,0.0,0.43999999999999995,-0.3555156620861588,0.09107869617801523,2025-06-18,2025-06-18,2025-06-18,2025-06-18,0.9040987166771153,0.7419547915751723,-1.1243033629328214,0.11859528081490378,2025-06-18,2025-06-18,2025-06-18,2025-06-18,2025-06-18,0.40772831565054624,0.38227761535205573,0.9436585181991752,-0.24390052109786176,0.7579097031141568
2025-06-19,2025-06-20,2025-06-19,2025-06-19,2025-06-19,2025-06-20,2025-06-18,2025-06-18,2025-06-18,2025-06-18,22003.5,-1.58,228.56,389572203400,233,1524,93,-21298548282,-45386,-131,-0.187,0.523965,-0.030924,0.128987,2025-06-18,2025-06-18,2025-06-19,2025-06-18,-6.759263731651588,-0.009999999999999787,0.0,0.43999999999999995,0.1001978324495223,0.09107869617801523,2025-06-19,2025-06-19,2025-06-19,2025-06-19,-1.0204631065965697,0.18673264285051783,-1.994666665788014,-0.8227130288371076,2025-06-18,2025-06-18,2025-06-18,2025-06-18,2025-06-18,0.40772831565054624,0.38227761535205573,0.9436585181991752,-0.24390052109786176,0.7579097031141568
2025-06-20,2025-06-23,2025-06-20,2025-06-20,2025-06-20,2025-06-23,2025-06-20,2025-06-20,2025-06-20,2025-06-20,22045.74,0.19,226.55,522306881958,425,1312,123,-4914746317,-44461,-190,-1.868855,-0.752997,-0.217866,-0.505771,2025-06-20,2025-06-20,2025-06-22,2025-06-20,2.3833240522920462,0.0,-0.040000000000000036,0.48,-0.1295159830334014,-0.20220864445619213,2025-06-20,2025-06-20,2025-06-20,2025-06-20,-0.22113028347160446,1.4809922223188776,1.25976205699192,0.0923685005117525,2025-06-20,2025-06-20,2025-06-20,2025-06-20,2025-06-20,-0.6400057220459554,-0.8835094088022521,-1.1204218256069765,1.1436269162919066,-0.5054481578591785
2025-06-23,2025-06-24,2025-06-23,2025-06-23,2025-06-23,2025-06-24,2025-06-23,2025-06-23,2025-06-23,2025-06-23,21732.02,-1.42,226.34,358339420564,484,1237,126,-14882763941,-43797,140,0.386623,0.62976,0.96065,0.943882,2025-06-23,2025-06-23,2025-06-23,2025-06-23,-3.831236097838653,-0.040000000000000036,-0.06000000000000005,0.5,0.4770922482972173,-0.2937908197924055,2025-06-23,2025-06-23,2025-06-23,2025-06-23,-0.12795961277264345,-0.24389501009779435,0.6742335365216956,0.2927232618616271,2025-06-23,2025-06-23,2025-06-23,2025-06-23,2025-06-23,0.6219154603031907,0.6339664516510357,0.22244841977929752,1.0449128824796095,1.5120599608932084
2025-06-24,2025-06-25,2025-06-24,2025-06-24,2025-06-24,2025-06-25,2025-06-24,2025-06-24,2025-06-24,2025-06-24,22188.76,2.1,231.31,472603295420,1565,228,61,29265439747,-43493,196,4.645297,3.767334,1.112172,1.434257,2025-06-24,2025-06-24,2025-06-24,2025-06-24,-11.850733184624907,-0.040000000000000036,-0.08999999999999986,0.5499999999999998,-0.727242575527054,-0.5689875726602511,2025-06-24,2025-06-24,2025-06-24,2025-06-24,1.1379979339312118,2.9580630340199088,2.0597608921219646,1.1957315669361979,2025-06-24,2025-06-24,2025-06-24,2025-06-24,2025-06-24,3.7923322612682497,3.6728751618828603,2.587220486170838,6.8297505168005035,3.9405700330423787
2025-06-25,2025-06-26,2025-06-25,2025-06-25,2025-06-25,2025-06-26,2025-06-25,2025-06-25,2025-06-25,2025-06-25,22430.61,1.09,233.17,480344451190,887,761,208,35596556474,-45816,12,1.204057,0.945074,-0.000329,0.306448,2025-06-25,2025-06-25,2025-06-25,2025-06-25,-4.118989314700972,-0.009999999999999787,-0.009999999999999787,0.5499999999999998,-0.3944568587657682,-0.18393654614052846,2025-06-25,2025-06-25,2025-06-25,2025-06-25,0.39058916458709625,0.14853873456450728,1.2309167551253442,1.435440778937691,2025-06-25,2025-06-25,2025-06-25,2025-06-25,2025-06-25,0.8974906659179327,1.3478690236926383,4.334012120781927,3.5902632981737126,0.3336258556567273
2025-06-26,2025-06-27,2025-06-26,2025-06-26,2025-06-26,2025-06-27,2025-06-26,2025-06-26,2025-06-26,2025-06-26,22492.34,0.28,233.22,475012064803,1069,592,171,33851794801,-48788,57,0.570167,0.876707,0.802012,0.973084,2025-06-26,2025-06-26,2025-06-26,2025-06-26,-1.0143202504316884,-0.03000000000000025,-0.040000000000000036,0.5599999999999996,-1.7820919230510768,-0.5425867911967974,2025-06-26,2025-06-26,2025-06-26,2025-06-26,1.6499066622396752,-0.9230255419046096,-0.6098939504658452,-0.3547929351145451,2025-06-26,2025-06-26,2025-06-26,2025-06-26,2025-06-26,0.784115575948352,0.7267441538103547,0.46011711820395096,0.19525717657908892,2.0857810914626684
2025-06-27,2025-06-30,2025-06-27,2025-06-27,2025-06-27,2025-06-30,2025-06-27,2025-06-27,2025-06-27,2025-06-27,22580.08,0.39,233.63,444359634643,929,734,180,33373290402,-52681,10,2.035629,0.063707,0.521897,0.52336,2025-06-27,2025-06-27,2025-06-29,2025-06-27,-1.627489181918751,0.03000000000000025,0.029999999999999805,0.56,0.957698278482022,0.25733401551559787,2025-06-27,2025-06-27,2025-06-27,2025-06-27,1.4303826498087702,-0.76699647800621,-0.16957583159000755,-0.6147969256503405,2025-06-27,2025-06-27,2025-06-27,2025-06-27,2025-06-27,-0.08784318711396732,0.44011586110319634,1.7610602840268719,0.09048224487724355,-0.3035152990574552
2025-06-30,2025-07-01,2025-06-30,2025-06-30,2025-06-30,2025-07-01,2025-06-30,2025-06-30,2025-06-30,2025-06-30,22256.02,-1.44,231.35,431990133220,373,1345,124,-2418766199,-52001,16,-0.910006,0.02795,0.516443,0.474855,2025-06-30,2025-06-30,2025-06-30,2025-06-30,2.512254013963844,-0.04999999999999982,-0.009999999999999787,0.52,0.3835740796985343,-0.5338852816370587,2025-06-30,2025-06-30,2025-06-30,2025-06-30,0.8383435801872618,0.5157172610654293,-0.8724665691075328,0.36514392323132583,2025-06-30,2025-06-30,2025-06-30,2025-06-30,2025-06-30,-0.06698637766914262,0.1652149389029134,0.15214294336867162,-1.3281438665842193,2.3389595879747427
2025-07-01,2025-07-02,2025-07-01,2025-07-01,2025-07-01,2025-07-02,2025-07-01,2025-07-01,2025-07-01,2025-07-01,22553.72,1.34,232.21,482289981188,1063,584,200,48251282645,-52517,-59,-0.799158,-0.703863,-0.111853,-0.819058,2025-07-01,2025-07-01,2025-07-01,2025-07-01,0.5977309277102272,0.019999999999999574,0.05999999999999961,0.48,0.06608253165516498,-0.061929769090318665,2025-07-01,2025-07-01,2025-06-30,2025-07-01,-1.2375766683531464,0.5843653825962747,-0.8724665691075328,0.16971025761769454,2025-07-01,2025-07-01,2025-07-01,2025-07-01,2025-07-01,-0.4524515479105262,-1.0900776289785696,-2.9685437548827576,-4.080333710483874,-3.957919065366078
2025-07-02,2025-07-03,2025-07-02,2025-07-02,2025-07-02,2025-07-03,2025-07-02,2025-07-02,2025-07-02,2025-07-02,22577.74,0.11,232.92,373113297748,915,714,210,6100099895,-54946,177,3.970097,1.88016,0.47451,0.941649,2025-07-02,2025-07-02,2025-07-02,2025-07-02,-1.128939601419665,0.040000000000000036,0.0,0.52,-0.8820979000624507,-0.0413147238725764,2025-07-02,2025-07-02,2025-07-02,2025-07-02,-0.5598104820983774,-0.47221673041117906,0.6195128327310506,0.023585803810566297,2025-07-02,2025-07-02,2025-07-02,2025-07-02,2025-07-02,1.9021986218928255,1.9612832562114768,2.5766450551919284,1.7706293816048158,1.9490835734870426
2025-07-03,2025-07-04,2025-07-03,2025-07-03,2025-07-03,2025-07-04,2025-07-03,2025-07-03,2025-07-03,2025-07-03,22712.97,0.6,234.6,452488252904,1166,469,172,29623479139,-51157,113,0.513697,0.642844,0.833896,1.019798,2025-07-03,2025-07-03,2025-07-03,2025-07-03,-1.5625014328040088,0.04999999999999982,0.10000000000000009,0.46999999999999975,-0.17605120273233021,0.41331011668133133,2025-07-03,2025-07-03,2025-07-03,2025-07-03,0.05889463754256141,1.3401351567860376,-0.6253587307587627,0.6182059775325932,2025-07-03,2025-07-03,2025-07-03,2025-07-03,2025-07-03,0.4955798097245223,0.8426649305555589,1.3290914708366408,-0.440370048756078,1.9562796957016237
2025-07-04,2025-07-07,2025-07-04,2025-07-04,2025-07-04,2025-07-07,2025-07-03,2025-07-03,2025-07-03,2025-07-03,22547.5,-0.73,231.61,411936366057,264,1474,114,554776863,-55211,-81,0.513697,0.642844,0.833896,1.019798,2025-07-03,2025-07-03,2025-07-06,2025-07-03,-1.5625014328040088,0.04999999999999982,0.10000000000000009,0.46999999999999975,-0.05568275052999505,0.41331011668133133,2025-07-04,2025-07-04,2025-07-04,2025-07-04,0.06278724304602523,-1.9892368070113409,-0.6392990998156489,0.3560895490522853,2025-07-03,2025-07-03,2025-07-03,2025-07-03,2025-07-03,0.4955798097245223,0.8426649305555589,1.3290914708366408,-0.440370048756078,1.9562796957016237
2025-07-07,2025-07-08,2025-07-07,2025-07-07,2025-07-07,2025-07-08,2025-07-07,2025-07-07,2025-07-07,2025-07-07,22428.72,-0.53,228.94,328941992785,454,1255,123,-5579015864,-56788,-106,-2.397787,-1.875645,-0.78623,-0.915388,2025-07-07,2025-07-07,2025-07-07,2025-07-07,8.608069761920255,0.05000000000000071,0.020000000000000018,0.5000000000000004,0.57887679791917,0.3087086343030565,2025-07-07,2025-07-07,2025-07-07,2025-07-07,-0.560648809777875,0.16992356157483623,-0.11803979461696423,-0.4274024343313365,2025-07-07,2025-07-07,2025-07-07,2025-07-07,2025-07-07,-1.873920287342301,-1.3609708123602515,-0.6903419543163314,-2.255094284509862,-0.3633985124704253
2025-07-08,2025-07-09,2025-07-08,2025-07-08,2025-07-08,2025-07-09,2025-07-08,2025-07-08,2025-07-08,2025-07-08,22362.27,-0.3,228.22,339190175300,456,1221,144,638792442,-57530,10,-0.571627,1.805024,-0.071589,0.029107,2025-07-08,2025-07-08,2025-07-08,2025-07-08,-5.508720624795494,0.019999999999999574,0.0,0.52,0.13347628020465852,0.030774290381407887,2025-07-08,2025-07-08,2025-07-08,2025-07-08,0.2554555029451011,1.8133853575951209,1.0894260111692367,0.8390544717975512,2025-07-08,2025-07-08,2025-07-08,2025-07-08,2025-07-08,1.9097066680231256,1.3297115709352658,1.1122310703610028,2.2403592018476193,-0.8680446955977805
2025-07-09,2025-07-10,2025-07-09,2025-07-09,2025-07-09,2025-07-10,2025-07-09,2025-07-09,2025-07-09,2025-07-09,22527.01,0.74,230.79,393126187196,1018,602,194,8249323659,-58711,34,1.746685,0.43909,0.60621,0.94463,2025-07-09,2025-07-09,2025-07-09,2025-07-09,-5.175490262933858,-0.08000000000000007,-0.040000000000000036,0.48,0.3384095530795994,-0.04102237170650058,2025-07-09,2025-07-09,2025-07-09,2025-07-09,0.3337783645913195,0.603221218865202,-1.0590908370331054,-0.17631954667980398,2025-07-09,2025-07-09,2025-07-09,2025-07-09,2025-07-09,0.32053866648942275,0.6843524644493559,1.8000030517578036,0.42809193624744335,2.2442996237961754
2025-07-10,2025-07-11,2025-07-10,2025-07-10,2025-07-10,2025-07-11,2025-07-10,2025-07-10,2025-07-10,2025-07-10,22693.25,0.74,231.02,415407952836,733,900,170,10112184462,-56368,-24,-0.897171,0.746375,0.274621,0.093736,2025-07-10,2025-07-10,2025-07-10,2025-07-10,-1.0037631845926431,0.009999999999999787,0.0,0.48999999999999977,0.12805520532523929,0.1846725176172015,2025-07-10,2025-07-10,2025-07-10,2025-07-10,-0.4392673201593644,1.5792628102076156,0.5694249296240184,0.4665059288237794,2025-07-10,2025-07-10,2025-07-10,2025-07-10,2025-07-10,0.9954153625981288,0.7357492422195522,0.7490184087241891,4.154323999612819,-0.8996041939213661
2025-07-11,2025-07-14,2025-07-11,2025-07-11,2025-07-11,2025-07-14,2025-07-11,2025-07-11,2025-07-11,2025-07-11,22751.03,0.25,232.49,420367050973,1209,482,153,17055333325,-57492,-130,0.278551,-0.210041,-0.329752,-0.218756,2025-07-11,2025-07-11,2025-07-13,2025-07-11,3.9290234223745557,0.08000000000000007,0.040000000000000036,0.5299999999999998,-0.10259100165578294,0.20480997963854275,2025-07-11,2025-07-11,2025-07-11,2025-07-11,-0.1934091520856107,-0.23435193131730037,0.46279117498237987,0.11945174934713254,2025-07-11,2025-07-11,2025-07-11,2025-07-11,2025-07-11,-0.15412893048422083,-0.010433632597084408,0.4996904539494196,1.567698702431386,-0.3703663893526721
2025-07-14,2025-07-15,2025-07-14,2025-07-14,2025-07-14,2025-07-15,2025-07-14,2025-07-14,2025-07-14,2025-07-14,22614.97,-0.6,230.59,333027491113,486,1192,146,-2745762260,-59873,13,-0.750866,-0.870212,0.140741,0.26621,2025-07-14,2025-07-14,2025-07-14,2025-07-14,4.8780558720578515,0.0,0.0,0.5299999999999998,0.45562082851131613,0.23505708791036195,2025-07-14,2025-07-14,2025-07-14,2025-07-14,-0.2781387027117277,0.8268863804407722,0.2640892077809154,0.07123284139254338,2025-07-14,2025-07-14,2025-07-14,2025-07-14,2025-07-14,-0.9505611387642388,-0.7548029440563098,-0.5153958611228138,-0.12292902474535516,0.4446392590539583
2025-07-15,2025-07-16,2025-07-15,2025-07-15,2025-07-15,2025-07-16,2025-07-15,2025-07-15,2025-07-15,2025-07-15,22835.94,0.98,232.32,394787906255,988,632,213,18552334347,-55352,62,3.620938,1.273122,-0.39563,0.181541,2025-07-15,2025-07-15,2025-07-15,2025-07-15,1.0465022665288926,0.07000000000000028,0.050000000000000266,0.5499999999999998,0.14311890542244576,0.5505718856505526,2025-07-15,2025-07-15,2025-07-15,2025-07-15,0.5534732251511354,0.41379999184172345,1.5981229977162892,0.03460057062381061,2025-07-15,2025-07-15,2025-07-15,2025-07-15,2025-07-15,0.996592977702937,1.9206436029993945,4.040951623121414,6.407272131582009,1.9375893394882215
2025-07-16,2025-07-17,2025-07-16,2025-07-16,2025-07-16,2025-07-17,2025-07-16,2025-07-16,2025-07-16,2025-07-16,23042.9,0.91,232.86,476224351721,961,673,206,13904455627,-53396,47,0.257439,-0.391702,0.319366,0.254812,2025-07-16,2025-07-16,2025-07-16,2025-07-16,-1.2658188951534366,-0.040000000000000036,-0.07000000000000028,0.5800000000000001,0.04389327295191148,-0.23322181152704013,2025-07-16,2025-07-16,2025-07-16,2025-07-16,-0.036849353679269115,-0.8988376197731962,-0.29426199436527467,-0.29509654618161685,2025-07-16,2025-07-16,2025-07-16,2025-07-16,2025-07-16,-0.27206943226286695,-0.522692254978363,0.3925003989006859,2.8725668036568175,-0.04627496322443525
2025-07-17,2025-07-18,2025-07-17,2025-07-17,2025-07-17,2025-07-18,2025-07-17,2025-07-17,2025-07-17,2025-07-17,23113.28,0.31,235.66,417041733732,1262,405,156,491458351,-52217,237,3.384412,0.727329,0.537377,0.748464,2025-07-17,2025-07-17,2025-07-17,2025-07-17,-3.7296002059402977,0.009999999999999787,0.03000000000000025,0.5599999999999996,0.007486413359902855,0.3455676078812253,2025-07-17,2025-07-17,2025-07-17,2025-07-17,0.5995274689452268,0.1854818467151187,-0.07672212736733464,0.6810251396244693,2025-07-17,2025-07-17,2025-07-17,2025-07-17,2025-07-17,0.38275274051184915,0.8400140645863363,0.9511611888054494,0.20614806801599883,2.008480715598693
2025-07-18,2025-07-21,2025-07-18,2025-07-18,2025-07-18,2025-07-21,2025-07-18,2025-07-18,2025-07-18,2025-07-18,23383.13,1.17,235.29,454323470113,750,899,209,31007550251,-48010,-69,-2.117269,-0.087493,-0.009049,0.04788,2025-07-18,2025-07-18,2025-07-20,2025-07-18,-0.6658632403358511,-0.02999999999999936,-0.03000000000000025,0.5600000000000005,-0.08570458320372731,-0.25321583257339464,2025-07-18,2025-07-18,2025-07-18,2025-07-18,-0.20571323400920827,-0.13219258436694137,1.3335712261893784,0.5963593577376081,2025-07-18,2025-07-18,2025-07-18,2025-07-18,2025-07-18,0.08112479180322207,-0.4799266180431694,-0.3410383456015187,-2.1320354659110086,-1.0857098050646496
2025-07-21,2025-07-22,2025-07-21,2025-07-21,2025-07-21,2025-07-22,2025-07-21,2025-07-21,2025-07-21,2025-07-21,23340.56,-0.18,234.59,377638917009,752,857,232,4129645295,-46556,33,-0.644754,0.118616,0.139913,0.375816,2025-07-21,2025-07-21,2025-07-21,2025-07-21,1.4625214707483014,-0.0600000000000005,-0.029999999999999805,0.5299999999999998,-0.15113747849135883,-0.6397287381572192,2025-07-18,2025-07-21,2025-07-21,2025-07-21,-0.20571323400920827,0.7132838910933081,0.6786545360308649,0.6667420203814833,2025-07-21,2025-07-21,2025-07-21,2025-07-21,2025-07-21,0.08916679143708972,0.06889607960913757,-0.5974124223762978,0.006366333197171947,1.718781386366608
2025-07-22,2025-07-23,2025-07-22,2025-07-22,2025-07-22,2025-07-23,2025-07-22,2025-07-22,2025-07-22,2025-07-22,22987.92,-1.51,228.76,527788680623,191,1583,76,10024486454,-44594,-9,-1.779359,-1.754706,0.063753,-0.388526,2025-07-22,2025-07-22,2025-07-22,2025-07-22,-0.900898630432001,-0.03000000000000025,-0.020000000000000018,0.5199999999999996,0.22295619800545285,-0.4701063787898918,2025-07-22,2025-07-22,2025-07-22,2025-07-22,-0.11097058847765462,-1.2728911533745446,0.5436821129952252,0.816275969531266,2025-07-22,2025-07-22,2025-07-22,2025-07-22,2025-07-22,-1.3808478251668421,-1.7693072443818125,-2.5382226511722283,-1.4522285218451447,-3.3378423380186373
2025-07-23,2025-07-24,2025-07-23,2025-07-23,2025-07-23,2025-07-24,2025-07-23,2025-07-23,2025-07-23,2025-07-23,23318.67,1.44,232.16,411478672165,1499,252,99,8431688850,-47841,148,2.442453,-0.016314,0.781189,0.609448,2025-07-23,2025-07-23,2025-07-23,2025-07-23,-6.848485542066173,0.05000000000000071,0.04999999999999982,0.5200000000000005,-0.5605654715466812,-0.18482421840421148,2025-07-23,2025-07-23,2025-07-23,2025-07-23,3.5107509246364854,0.43628833292230773,1.6237188218309884,0.01966658091927531,2025-07-23,2025-07-23,2025-07-23,2025-07-23,2025-07-23,-0.6077013091645433,0.43452018628160616,2.2451056860480545,2.5400676349370155,1.8306494025471132
2025-07-24,2025-07-25,2025-07-24,2025-07-24,2025-07-24,2025-07-25,2025-07-24,2025-07-24,2025-07-24,2025-07-24,23373.73,0.24,232.93,409686694745,851,741,231,10152845989,-47930,-43,0.528442,0.116714,0.069822,0.180501,2025-07-24,2025-07-24,2025-07-24,2025-07-24,0.13012659669868754,0.02999999999999936,0.03000000000000025,0.5199999999999996,0.5363622959012604,0.17487724570142138,2025-07-24,2025-07-24,2025-07-24,2025-07-24,1.5909607131329384,0.2098120027403283,0.5055565021951036,0.7104770264477089,2025-07-24,2025-07-24,2025-07-24,2025-07-24,2025-07-24,-0.20656035901965852,0.4151992262050985,1.733227974601692,2.1872053918686074,1.7695332829745114
2025-07-25,2025-07-28,2025-07-25,2025-07-25,2025-07-25,2025-07-28,2025-07-25,2025-07-25,2025-07-25,2025-07-25,23364.38,-0.04,232.77,355422870372,666,950,237,7361205242,-47417,107,1.655629,0.026393,0.397433,0.239146,2025-07-25,2025-07-25,2025-07-27,2025-07-25,-2.988954047337322,-0.02999999999999936,0.0,0.4900000000000002,0.27559243417745183,0.2772687205548907,2025-07-25,2025-07-25,2025-07-25,2025-07-25,-0.8848715340204594,0.17552689250597275,-1.0863292403753722,-0.5273480758562155,2025-07-25,2025-07-25,2025-07-25,2025-07-25,2025-07-25,-0.00828128525547367,-0.10771284633157574,-0.1381406041071509,2.6832014770116652,0.509161880160236
2025-07-28,2025-07-29,2025-07-28,2025-07-28,2025-07-28,2025-07-29,2025-07-28,2025-07-28,2025-07-28,2025-07-28,23412.98,0.21,233.45,384212495914,866,765,218,4675390630,-44979,-68,-1.160426,1.616056,0.017686,0.332853,2025-07-28,2025-07-28,2025-07-28,2025-07-28,0.669788518093628,0.019999999999999574,0.0,0.5099999999999998,0.6277126261405197,1.0343083670744324,2025-07-28,2025-07-28,2025-07-28,2025-07-28,-1.1046854292389496,0.42145681379626154,0.6844921102544976,0.20982146659940248,2025-07-28,2025-07-28,2025-07-28,2025-07-28,2025-07-28,1.7429853568307063,1.3635304048459584,1.8731988472622474,4.319097968812935,1.4198067479417098
2025-07-29,2025-07-30,2025-07-29,2025-07-29,2025-07-29,2025-07-30,2025-07-29,2025-07-29,2025-07-29,2025-07-29,23201.52,-0.9,231.16,446994681262,368,1315,165,-16533219311,-40876,42,-0.584963,0.046887,-0.295944,-0.379114,2025-07-29,2025-07-29,2025-07-29,2025-07-29,6.32069079270261,-0.08000000000000007,-0.050000000000000266,0.48,0.10959038727660353,0.25339549029026465,2025-07-29,2025-07-29,2025-07-29,2025-07-29,-0.7895912527558058,0.6558628299567104,-0.1474119698091636,0.3917045713073497,2025-07-29,2025-07-29,2025-07-29,2025-07-29,2025-07-29,0.17904473709309254,0.5113037355102712,-0.7015589777448761,2.176666301730368,1.0601514659118738
2025-07-30,2025-07-31,2025-07-30,2025-07-30,2025-07-30,2025-07-31,2025-07-30,2025-07-30,2025-07-30,2025-07-30,23461.72,1.12,231.45,396255491667,1038,590,200,14112204090,-37831,58,0.654706,0.828075,-0.124943,0.148737,2025-07-30,2025-07-30,2025-07-30,2025-07-30,-3.128911228554565,0.040000000000000036,0.08000000000000007,0.43999999999999995,0.46648917126204115,1.0413494501683607,2025-07-30,2025-07-30,2025-07-30,2025-07-30,-0.04880585555022687,0.7398044876917753,-1.3615162790455604,-0.01878086214859298,2025-07-30,2025-07-30,2025-07-30,2025-07-30,2025-07-30,0.7148927614373024,1.1471546395211307,2.1423337036675427,1.1665870361522446,1.7483630739989264
2025-07-31,2025-08-01,2025-07-31,2025-07-31,2025-07-31,2025-08-01,2025-07-31,2025-07-31,2025-07-31,2025-07-31,23542.52,0.34,232,489352088639,478,1175,170,9388571808,-33644,-240,-0.531064,-3.099879,-0.369482,-0.034173,2025-07-31,2025-07-31,2025-07-31,2025-07-31,8.01033467562382,-0.009999999999999787,0.0,0.43000000000000016,0.26150269764380063,0.09005036591167581,2025-07-31,2025-07-31,2025-07-31,2025-07-31,1.0210900627166453,-0.2774654360975459,-1.6030533285215531,-1.8223504835480742,2025-07-31,2025-07-31,2025-07-31,2025-07-31,2025-07-31,-3.194191678332048,-2.5248129142524722,-0.7809500317440987,-1.7826288486239794,-2.947585438530609
2025-08-01,2025-08-04,2025-08-01,2025-08-01,2025-08-01,2025-08-04,2025-08-01,2025-08-01,2025-08-01,2025-08-01,23434.38,-0.46,234.03,478376016660,1140,544,180,-7033238508,-39537,-260,-2.652921,-1.432083,-1.599213,-2.236097,2025-08-01,2025-08-01,2025-08-03,2025-08-01,21.889952139464608,-0.13999999999999968,-0.25,0.5400000000000005,-0.30428543721531254,-1.3395944759003298,2025-08-01,2025-08-01,2025-08-01,2025-08-01,-0.6579496767794679,-3.8832956878649294,-1.071795880540316,-0.5069242932792761,2025-08-01,2025-08-01,2025-08-01,2025-08-01,2025-08-01,-1.1623519144780547,-1.6725488581904813,-2.3331613034284993,-2.614713104297728,-1.7228455390825514
2025-08-04,2025-08-05,2025-08-04,2025-08-04,2025-08-04,2025-08-05,2025-08-04,2025-08-04,2025-08-04,2025-08-04,23378.94,-0.24,233.87,400001984161,1056,631,168,11303634679,-39080,148,1.611323,1.751214,1.47371,1.953737,2025-08-04,2025-08-04,2025-08-04,2025-08-04,-14.033360258957684,-0.010000000000000675,0.0,0.5299999999999998,0.23176060718361757,0.09119093693816804,2025-08-04,2025-08-04,2025-08-04,2025-08-04,-1.2473218469313374,0.9085079771212534,0.9206806599203476,0.388909791219727,2025-08-04,2025-08-04,2025-08-04,2025-08-04,2025-08-04,1.3319795692768865,2.197566461037992,3.6150119359707134,2.9586499250702003,3.145782327971758
2025-08-05,2025-08-06,2025-08-05,2025-08-05,2025-08-05,2025-08-06,2025-08-05,2025-08-05,2025-08-05,2025-08-05,23660.59,1.2,237.03,460067335409,1179,514,170,11487780180,-35329,-179,-2.732217,-1.115143,-0.485787,-0.65086,2025-08-05,2025-08-05,2025-08-05,2025-08-05,1.8835611591540902,0.0,0.03000000000000025,0.49999999999999956,0.1783585840453794,0.0,2025-08-05,2025-08-05,2025-08-05,2025-08-05,0.6424307564003362,1.5963783654991737,0.6836089727300321,0.8045359405867591,2025-08-05,2025-08-05,2025-08-05,2025-08-05,2025-08-05,-0.6946747967324862,-1.0648183300231207,-0.9666697184244843,-1.3972175799066622,-1.6088971265894147
2025-08-06,2025-08-07,2025-08-06,2025-08-06,2025-08-06,2025-08-07,2025-08-06,2025-08-06,2025-08-06,2025-08-06,23447.36,-0.9,236.05,444276012067,776,882,210,-10820572461,-36380,58,-0.473182,-0.204796,0.728191,1.208943,2025-08-06,2025-08-06,2025-08-06,2025-08-06,-6.050419611347535,0.0,-0.03000000000000025,0.5299999999999998,-0.07582910609321702,-0.6074088697466618,2025-08-06,2025-08-06,2025-08-06,2025-08-06,0.6049891519651629,0.00437437705207433,0.032533090929920405,0.24442322140785233,2025-08-06,2025-08-06,2025-08-06,2025-08-06,2025-08-06,-0.7539911548493206,-0.16719295580754912,0.6507369560503795,-6.419598759758327,2.9836551293764835
2025-08-07,2025-08-08,2025-08-07,2025-08-07,2025-08-07,2025-08-08,2025-08-07,2025-08-07,2025-08-07,2025-08-07,24003.77,2.37,239.54,568885021130,732,927,199,43239484056,-34789,25,4.862342,1.502629,-0.079748,0.346156,2025-08-07,2025-08-07,2025-08-07,2025-08-07,-1.192610360644697,0.010000000000000675,0.03000000000000025,0.5100000000000002,-0.3563459079548914,0.22407946630604858,2025-08-07,2025-08-07,2025-08-07,2025-08-07,0.6478489362362172,0.9236631309047283,0.686453911847229,0.028927852132509813,2025-08-07,2025-08-07,2025-08-07,2025-08-07,2025-08-07,1.6502780496262082,1.5700230537510684,0.7524278883585866,5.689062688255975,0.6928087794152882
2025-08-08,2025-08-11,2025-08-08,2025-08-08,2025-08-08,2025-08-11,2025-08-08,2025-08-08,2025-08-08,2025-08-08,24021.26,0.07,239.79,545333228540,763,924,187,-3256238186,-37590,60,-0.325609,0.786691,0.779972,0.97596,2025-08-08,2025-08-08,2025-08-10,2025-08-08,-8.569704903117737,0.03999999999999915,0.03999999999999959,0.5099999999999998,0.1439209000700048,-0.22357847285729981,2025-08-08,2025-08-08,2025-08-08,2025-08-08,1.854232394539057,-0.5474496309805565,-0.8883415441532927,-0.23573475431608593,2025-08-08,2025-08-08,2025-08-08,2025-08-08,2025-08-08,0.8428827479505685,0.8278385897675156,1.0676509543432466,0.2088170667614575,0.3983379695081446
2025-08-11,2025-08-12,2025-08-11,2025-08-11,2025-08-11,2025-08-12,2025-08-11,2025-08-11,2025-08-11,2025-08-11,24135.5,0.48,240.2,533490121679,702,1041,127,-3985502559,-35575,-60,0.107511,-0.134728,-0.250413,-0.301254,2025-08-11,2025-08-11,2025-08-11,2025-08-11,7.260728773380909,0.0,0.0,0.5099999999999998,0.3249476487076741,0.3462989782377246,2025-08-08,2025-08-11,2025-08-11,2025-08-11,1.854232394539057,-0.1009339604710946,0.19305113344767477,0.42727595727312107,2025-08-11,2025-08-11,2025-08-11,2025-08-11,2025-08-11,-0.18939822305187315,-0.04429015206389719,-0.35030071173440813,-0.27783962884999625,-0.3508565825936394
2025-08-12,2025-08-13,2025-08-12,2025-08-12,2025-08-12,2025-08-13,2025-08-12,2025-08-12,2025-08-12,2025-08-12,24158.36,0.09,242.36,553174176706,996,700,172,-5731106152,-35302,173,0.908752,2.993098,1.134544,1.38646,2025-08-12,2025-08-12,2025-08-12,2025-08-12,-9.353848970853363,0.020000000000000462,-0.03999999999999959,0.5699999999999998,-0.23340628022624488,-0.42630753477077565,2025-08-12,2025-08-12,2025-08-12,2025-08-12,2.1465353725928393,-0.5257660299674227,0.25241746833333245,0.5171682715654491,2025-08-12,2025-08-12,2025-08-12,2025-08-12,2025-08-12,3.197062779142801,2.283576123520681,0.6041997793400977,1.549801594998712,2.9384642497962687
2025-08-13,2025-08-14,2025-08-13,2025-08-13,2025-08-13,2025-08-14,2025-08-13,2025-08-13,2025-08-13,2025-08-13,24370.02,0.88,243.33,715821818517,824,855,187,7036580411,-33570,1,-1.166642,0.899302,0.323008,0.144084,2025-08-13,2025-08-13,2025-08-13,2025-08-13,-1.6293263990266649,-0.04999999999999982,-0.050000000000000266,0.5700000000000003,0.20617018015440802,-0.2650378596071645,2025-08-13,2025-08-13,2025-08-13,2025-08-13,1.3027242870514266,1.0802877205813521,2.5790888887428753,0.7903316348053302,2025-08-13,2025-08-13,2025-08-13,2025-08-13,2025-08-13,1.4870487552949285,0.39319981732164333,-0.8571780371412707,5.4129759279188505,-1.1955344419998681
2025-08-14,2025-08-15,2025-08-14,2025-08-14,2025-08-14,2025-08-15,2025-08-14,2025-08-14,2025-08-14,2025-08-14,24238.1,-0.54,245.53,605887563302,1046,647,176,-4460109509,-34379,44,-0.182241,-0.120823,0.030309,-0.011379,2025-08-14,2025-08-14,2025-08-14,2025-08-14,2.3464469148273492,0.04999999999999982,0.07000000000000028,0.5499999999999998,0.4652728781409321,0.4190552713160711,2025-08-14,2025-08-14,2025-08-14,2025-08-14,-1.4452106258749042,0.04000145377232034,-0.36835646614787887,-0.07829418974574232,2025-08-14,2025-08-14,2025-08-14,2025-08-14,2025-08-14,0.10240842202440259,0.21243184115462554,0.23680155473442266,-1.881575347118425,0.6923597249320457
2025-08-15,2025-08-18,2025-08-15,2025-08-15,2025-08-15,2025-08-18,2025-08-15,2025-08-15,2025-08-15,2025-08-15,24334.48,0.4,246.07,592684364642,868,842,168,5373846115,-34207,-142,-0.879666,-2.255547,-0.289714,-0.4039,2025-08-15,2025-08-15,2025-08-17,2025-08-15,1.7532045193487944,0.040000000000000036,0.009999999999999787,0.5800000000000001,-0.2992125774545329,-0.4071262349912508,2025-08-15,2025-08-14,2025-08-15,2025-08-15,1.7094009265803622,0.04000145377232034,-0.9767109662317752,0.6958514621433487,2025-08-15,2025-08-15,2025-08-15,2025-08-15,2025-08-15,-2.2900732192520645,-2.0767154386573172,-0.862546581346435,-1.9010790270365119,-1.5711899482123926
2025-08-18,2025-08-19,2025-08-18,2025-08-18,2025-08-18,2025-08-19,2025-08-18,2025-08-18,2025-08-18,2025-08-18,24482.52,0.61,248.34,589010510723,964,743,168,4638950093,-29626,-9,1.059109,0.409715,-0.010076,0.031397,2025-08-18,2025-08-18,2025-08-18,2025-08-18,-0.6626930447881874,0.009999999999999787,0.020000000000000018,0.5699999999999998,0.12037876283805815,0.32703086337690923,2025-08-18,2025-08-18,2025-08-18,2025-08-18,0.774580685352988,-1.499844500992753,-0.36889768003094403,0.8818888891341858,2025-08-18,2025-08-18,2025-08-18,2025-08-18,2025-08-18,0.2939737862466929,0.40926483343739495,0.8645040648247893,-0.771784778087381,-0.18932773362897448
2025-08-19,2025-08-20,2025-08-19,2025-08-19,2025-08-19,2025-08-20,2025-08-19,2025-08-19,2025-08-19,2025-08-19,24353.5,-0.53,246.97,611407015389,581,1148,151,-11007665546,-32633,-129,-3.607973,-1.814312,-0.58581,-1.455495,2025-08-19,2025-08-19,2025-08-19,2025-08-19,3.8692457142231795,-0.040000000000000036,-0.020000000000000018,0.5499999999999998,0.2737679299698925,0.10186256084980805,2025-08-19,2025-08-19,2025-08-19,2025-08-19,-0.3843582036523907,-0.8094965022273137,-0.21428105417093946,-0.37835544265167886,2025-08-19,2025-08-19,2025-08-19,2025-08-19,2025-08-19,-1.5659542692167405,-2.017782971753912,-3.49980512578294,-5.444530697809357,-3.548536681377168
2025-08-20,2025-08-21,2025-08-20,2025-08-20,2025-08-20,2025-08-21,2025-08-20,2025-08-20,2025-08-20,2025-08-20,23625.44,-2.99,241.32,652692865316,287,1460,125,-62668571933,-35143,54,-1.761921,-0.717445,-0.243167,-0.666621,2025-08-20,2025-08-20,2025-08-20,2025-08-20,0.7707121895382807,-0.009999999999999787,-0.009999999999999787,0.5499999999999998,0.5739473988298771,-0.050875571457353885,2025-08-20,2025-08-20,2025-08-20,2025-08-20,-1.510434747507372,-0.6812489784092879,0.17131406736803356,1.1372383623397653,2025-08-20,2025-08-20,2025-08-20,2025-08-20,2025-08-20,-0.5751533503670747,-0.6566520074852922,-0.1366462616705144,-0.8105710470002747,-1.26818018647481
2025-08-21,2025-08-22,2025-08-21,2025-08-21,2025-08-21,2025-08-22,2025-08-21,2025-08-21,2025-08-21,2025-08-21,23962.13,1.43,245.68,512735531250,1366,348,154,-10078910548,-30387,-52,-0.555557,-0.48945,-0.400418,-0.34265,2025-08-21,2025-08-21,2025-08-21,2025-08-21,5.799877791100583,0.040000000000000036,0.04999999999999982,0.54,0.7790624202977492,0.407250581253904,2025-08-21,2025-08-21,2025-08-21,2025-08-21,-0.6490751055447164,0.372190640417025,-0.24370271667877308,0.3902683489282577,2025-08-21,2025-08-21,2025-08-21,2025-08-21,2025-08-21,-0.5661790644585829,-0.5191030053837697,-0.2394516439910399,-0.9019311512710404,-0.5392063920786949
2025-08-22,2025-08-25,2025-08-22,2025-08-22,2025-08-22,2025-08-25,2025-08-22,2025-08-22,2025-08-22,2025-08-22,23764.47,-0.82,244.14,464420371545,560,1146,165,-16397993687,-26735,365,2.489774,2.698433,1.518644,1.877833,2025-08-22,2025-08-22,2025-08-24,2025-08-22,-14.337349757519691,-0.07000000000000028,-0.10999999999999988,0.5799999999999996,-0.4872876866823028,-0.9125953161769673,2025-08-22,2025-08-22,2025-08-22,2025-08-22,0.05425274408141778,0.8590777823202833,0.9342158903836717,2.097218083374708,2025-08-22,2025-08-22,2025-08-22,2025-08-22,2025-08-22,2.776859098279605,2.14987246123437,1.7202022168933517,2.473879193009454,1.5193348769860338
2025-08-25,2025-08-26,2025-08-25,2025-08-25,2025-08-25,2025-08-26,2025-08-25,2025-08-25,2025-08-25,2025-08-25,24277.38,2.16,247.48,508810909975,1149,544,183,24114791914,-25609,-75,1.115924,0.031972,-0.426639,-0.219803,2025-08-25,2025-08-25,2025-08-25,2025-08-25,4.008436597190856,0.020000000000000462,0.04999999999999982,0.5500000000000003,0.2525750082704059,0.726564751947878,2025-08-25,2025-08-25,2025-08-25,2025-08-25,0.4093778684167271,1.2980003725985068,1.936804165985806,2.083604724617416,2025-08-25,2025-08-25,2025-08-25,2025-08-25,2025-08-25,-0.23284830365805087,0.09535443581560887,1.0225248661501984,-2.622790915926676,0.07823502936330495
2025-08-26,2025-08-27,2025-08-26,2025-08-26,2025-08-26,2025-08-27,2025-08-26,2025-08-26,2025-08-26,2025-08-26,24305.1,0.11,250.28,627891446815,813,865,190,-14508100864,-27132,101,1.328581,0.896759,0.4134,0.442814,2025-08-26,2025-08-26,2025-08-26,2025-08-26,-1.1494258061691465,-0.020000000000000462,-0.1200000000000001,0.6499999999999999,0.3370125372272659,-0.20318698325928475,2025-08-26,2025-08-26,2025-08-26,2025-08-26,-0.9657624984920843,-0.9501971730630165,-1.1807638219802463,-0.3721090099457425,2025-08-26,2025-08-26,2025-08-26,2025-08-26,2025-08-26,0.9416166948630789,0.9628424207191344,1.0900432347920486,1.9955891862486697,1.2847087782192679
2025-08-27,2025-08-28,2025-08-27,2025-08-27,2025-08-27,2025-08-28,2025-08-27,2025-08-27,2025-08-27,2025-08-27,24519.9,0.88,253.83,573328293705,1118,567,198,-1947570889,-24771,-113,0.23877,0.287365,0.239098,0.212916,2025-08-27,2025-08-27,2025-08-27,2025-08-27,1.5731908188168164,-0.019999999999999574,-0.020000000000000018,0.6500000000000004,0.09297408164834486,0.0,2025-08-27,2025-08-27,2025-08-27,2025-08-27,0.29690501195709373,0.24532624251314417,-1.2660574733989627,-1.4926135860186651,2025-08-27,2025-08-27,2025-08-27,2025-08-27,2025-08-27,0.1953319603160697,0.3066566679391425,-0.09352377452249705,0.30609157398324705,0.7516493275298686
2025-08-28,2025-08-29,2025-08-28,2025-08-28,2025-08-28,2025-08-29,2025-08-28,2025-08-28,2025-08-28,2025-08-28,24236.45,-1.16,253.99,572568834438,827,831,188,-9520531049,-26087,190,-0.426256,0.488272,0.315672,0.532741,2025-08-28,2025-08-28,2025-08-28,2025-08-28,-2.8282832693932725,-0.020000000000000462,0.03000000000000025,0.5999999999999996,-0.2688503744142423,-0.4275738409716734,2025-08-28,2025-08-28,2025-08-28,2025-08-28,0.7255822567711068,0.2874081157709263,-0.8052590573528473,1.7703511847204867,2025-08-28,2025-08-28,2025-08-28,2025-08-28,2025-08-28,0.48142226923586495,0.40986400782552224,-0.7874492767115715,0.8675862537423473,2.7976665766809017
2025-08-29,2025-09-01,2025-08-29,2025-08-29,2025-08-29,2025-09-01,2025-08-29,2025-08-29,2025-08-29,2025-08-29,24233.1,-0.01,255,599437650288,721,965,188,-8635002338,-26309,-207,-3.105724,-3.145537,-0.639818,-1.15,2025-08-29,2025-08-29,2025-08-31,2025-08-29,6.444901814505788,0.010000000000000675,-0.03000000000000025,0.6400000000000006,0.2220177645487098,-0.040896550992530756,2025-08-29,2025-08-29,2025-08-29,2025-08-29,-0.2575844774387881,-0.3225602684728046,0.31521018648068555,0.738835293318485,2025-08-29,2025-08-29,2025-08-29,2025-08-29,2025-08-29,-2.8627977193321774,-2.874061896933744,-3.3246409247044806,-3.529479703176819,-3.6481384969096364
2025-09-01,2025-09-02,2025-09-01,2025-09-01,2025-09-01,2025-09-02,2025-08-29,2025-08-29,2025-08-29,2025-08-29,24071.73,-0.67,252.37,628159169850,407,1352,116,-7666900296,-26664,78,-3.105724,-3.145537,-0.639818,-1.15,2025-08-29,2025-08-29,2025-09-01,2025-08-29,6.444901814505788,0.010000000000000675,-0.03000000000000025,0.6400000000000006,0.2120392800051274,-0.040896550992530756,2025-09-01,2025-09-01,2025-09-01,2025-09-01,-1.2399313528765,-1.3521639289566845,2.1525200547269696,0.5993247742189345,2025-08-29,2025-08-29,2025-08-29,2025-08-29,2025-08-29,-2.8627977193321774,-2.874061896933744,-3.3246409247044806,-3.529479703176819,-3.6481384969096364
2025-09-02,2025-09-03,2025-09-02,2025-09-02,2025-09-02,2025-09-03,2025-09-02,2025-09-02,2025-09-02,2025-09-02,24016.78,-0.23,251.05,547122952870,629,1044,183,7786239530,-24295,-32,-1.074196,-1.119786,-0.692228,-0.819927,2025-09-02,2025-09-02,2025-09-02,2025-09-02,11.783857161935952,0.04999999999999982,0.07000000000000028,0.6200000000000001,0.38758813655075386,0.6443744547854457,2025-09-02,2025-09-02,2025-09-02,2025-09-02,0.2884634080625226,0.9360745118573988,-0.47182402050484074,-0.7352320531643253,2025-09-02,2025-09-02,2025-09-02,2025-09-02,2025-09-02,-1.0150030241411256,-1.3124797431683377,-1.9520002522982804,-0.1906152304534059,0.2858117435255103
2025-09-03,2025-09-04,2025-09-03,2025-09-03,2025-09-03,2025-09-04,2025-09-03,2025-09-03,2025-09-03,2025-09-03,24100.3,0.35,253.85,500125656490,1109,557,208,8199762036,-24788,132,1.313543,-0.225497,0.510007,1.024922,2025-09-03,2025-09-03,2025-09-03,2025-09-03,-4.775769896217796,-0.0600000000000005,-0.050000000000000266,0.6099999999999999,-0.07155659478953469,-0.26422980914495575,2025-09-03,2025-09-03,2025-09-03,2025-09-03,-0.8782636914513531,0.3804694894068428,-0.6005561107606971,-0.6818941499332043,2025-09-03,2025-09-03,2025-09-03,2025-09-03,2025-09-03,-0.47358610822461067,-0.017459616248505228,-0.09368993046788843,-0.11705423412576854,1.3915050127252027
2025-09-04,2025-09-05,2025-09-04,2025-09-04,2025-09-04,2025-09-05,2025-09-04,2025-09-04,2025-09-04,2025-09-04,24179.85,0.33,254.18,572136202166,1032,675,161,11808136125,-23503,205,1.650896,1.341721,0.834649,0.976657,2025-09-04,2025-09-04,2025-09-04,2025-09-04,-6.422019365362708,-0.04999999999999982,-0.020000000000000018,0.5800000000000001,-0.09113950204554522,0.2139790969825528,2025-09-04,2025-09-04,2025-09-04,2025-09-04,1.5293177685240744,0.515326390758708,-1.1242358488501192,-2.1216081225067684,2025-09-04,2025-09-04,2025-09-04,2025-09-04,2025-09-04,1.030290288242619,1.1974977353938598,0.6095466971544283,-0.20971540519316711,1.2268895384629053
2025-09-05,2025-09-08,2025-09-05,2025-09-05,2025-09-05,2025-09-08,2025-09-05,2025-09-05,2025-09-05,2025-09-05,24494.58,1.3,258.03,550278552513,938,746,189,28281116909,-21304,54,3.486245,1.650359,-0.316515,-0.033623,2025-09-05,2025-09-05,2025-09-07,2025-09-05,-0.7843129677328364,-0.07000000000000028,-0.08000000000000007,0.5899999999999999,-0.7004631226877445,-0.5897324250668912,2025-09-05,2025-09-05,2025-09-05,2025-09-05,1.0297738214836594,0.1340289536710726,1.4345254625561132,2.179050218401679,2025-09-05,2025-09-05,2025-09-05,2025-09-05,2025-09-05,1.1795080904328792,1.1798846341575464,-2.7030171796929903,-6.582603583924618,9.405425668363353
2025-09-08,2025-09-09,2025-09-08,2025-09-08,2025-09-08,2025-09-09,2025-09-08,2025-09-08,2025-09-08,2025-09-08,24547.38,0.22,259.78,573176508128,900,789,183,14618525216,-21999,156,1.552935,0.836775,0.210598,0.453027,2025-09-08,2025-09-08,2025-09-08,2025-09-08,-0.46113733261696765,-0.04999999999999982,-0.019999999999999574,0.5599999999999996,-0.4852509178164821,-0.32729846150292286,2025-09-08,2025-09-08,2025-09-08,2025-09-08,1.4529910649426103,0.45146422517925444,0.8495155142851374,0.1623141329664346,2025-09-08,2025-09-08,2025-09-08,2025-09-08,2025-09-08,0.728598676188108,1.1047429923147334,0.7723585517507514,0.17864514592516034,3.212988974706388
2025-09-09,2025-09-10,2025-09-09,2025-09-09,2025-09-09,2025-09-10,2025-09-09,2025-09-09,2025-09-09,2025-09-09,24855.18,1.25,259.6,633939882720,678,1007,186,35653694959,-18792,174,1.508959,0.175919,0.268815,0.370623,2025-09-09,2025-09-09,2025-09-09,2025-09-09,-0.4632673488730754,0.03000000000000025,0.04999999999999982,0.54,0.06758799645232294,0.3489009522142261,2025-09-09,2025-09-09,2025-09-09,2025-09-09,-0.422785126219305,1.256680503821772,1.1867900810708987,-0.7008297536620023,2025-09-09,2025-09-09,2025-09-09,2025-09-09,2025-09-09,0.08438474982024324,0.4350494377167946,1.4556455253879275,2.9126237074472705,-2.5979981563197474
2025-09-10,2025-09-11,2025-09-10,2025-09-10,2025-09-10,2025-09-11,2025-09-10,2025-09-10,2025-09-10,2025-09-10,25192.59,1.36,260.73,664546881802,738,970,174,48947944283,-17813,185,3.79404,2.375667,0.298347,0.03003,2025-09-10,2025-09-10,2025-09-10,2025-09-10,2.061173007998507,-0.040000000000000036,0.0,0.5,-0.3782383940657219,-0.010228178890303585,2025-09-10,2025-09-10,2025-09-10,2025-09-10,0.8706603827684178,1.6711393890512127,1.0105928899470262,0.20536109343940456,2025-09-10,2025-09-10,2025-09-10,2025-09-10,2025-09-10,1.7626272515383068,1.0140656923640412,3.84750968351415,2.3873609209719815,9.77217827079997
2025-09-11,2025-09-12,2025-09-11,2025-09-11,2025-09-11,2025-09-12,2025-09-11,2025-09-11,2025-09-11,2025-09-11,25215.71,0.09,256.58,728659194242,308,1478,97,32999661731,-16317,176,-0.587467,0.626044,0.848589,0.717396,2025-09-11,2025-09-11,2025-09-11,2025-09-11,-4.1693832405069635,-0.03000000000000025,-0.020000000000000018,0.48999999999999977,0.17595008979807147,-0.24544678540162623,2025-09-11,2025-09-11,2025-09-11,2025-09-11,1.220019453872978,0.8951471735887173,-0.43487909717021545,2.3095922087125853,2025-09-11,2025-09-11,2025-09-11,2025-09-11,2025-09-11,0.6865281176229088,1.0304844071024721,-0.090229324117308,-2.4257209978984506,-2.6896128593806634
2025-09-12,2025-09-15,2025-09-12,2025-09-12,2025-09-12,2025-09-15,2025-09-12,2025-09-12,2025-09-12,2025-09-12,25474.64,1.03,258.09,612470589879,1062,641,189,26538500007,-18558,-80,0.162212,0.105916,-0.048276,0.444717,2025-09-12,2025-09-12,2025-09-14,2025-09-12,0.3399061224010902,0.04999999999999982,0.040000000000000036,0.49999999999999956,-0.0168380656651812,0.010254394234765485,2025-09-12,2025-09-12,2025-09-12,2025-09-12,0.891590723421043,1.5351979140073357,1.157080953289391,-0.5725551850653376,2025-09-12,2025-09-12,2025-09-12,2025-09-12,2025-09-12,0.17633800068068695,0.12832384359431348,0.3668844397986648,1.8629210441218902,0.06673253930888912
2025-09-15,2025-09-16,2025-09-15,2025-09-15,2025-09-15,2025-09-16,2025-09-15,2025-09-15,2025-09-15,2025-09-15,25357.16,-0.46,255.82,512329168628,539,1161,177,2546248589,-18896,81,0.790506,0.967883,0.470662,0.93785,2025-09-15,2025-09-15,2025-09-15,2025-09-15,6.30080851680257,-0.009999999999999787,-0.020000000000000018,0.5099999999999998,-0.29982346654272574,-0.2562788233510971,2025-09-12,2025-09-15,2025-09-15,2025-09-15,0.891590723421043,0.3466317403372443,0.2213128550046628,0.24458333909220809,2025-09-15,2025-09-15,2025-09-15,2025-09-15,2025-09-15,0.8449336600208746,0.9365161786682119,-0.039369767931174415,1.6333456632785515,1.172646032723268
2025-09-16,2025-09-17,2025-09-16,2025-09-16,2025-09-16,2025-09-17,2025-09-16,2025-09-16,2025-09-16,2025-09-16,25629.64,1.07,259.33,561884843823,975,721,182,27003531062,-18244,-71,0.260155,0.319978,-0.128793,-0.066174,2025-09-16,2025-09-16,2025-09-16,2025-09-16,4.270242497685861,-0.009999999999999787,-0.03000000000000025,0.5300000000000002,-0.48651948491017505,-0.6885979211978421,2025-09-16,2025-09-16,2025-09-16,2025-09-16,0.2996517035393831,1.2417437176589718,-0.030441694812188835,-0.2144294299680105,2025-09-16,2025-09-16,2025-09-16,2025-09-16,2025-09-16,0.3025596649458562,0.013014951198409008,-1.6146245385021074,-0.4343490520823057,-1.1233476280669175
2025-09-17,2025-09-18,2025-09-17,2025-09-17,2025-09-17,2025-09-18,2025-09-17,2025-09-17,2025-09-17,2025-09-17,25438.25,-0.75,257.89,550200942620,742,952,188,-5734012058,-18862,80,0.278566,-0.31254,-0.097017,-0.325204,2025-09-17,2025-09-17,2025-09-17,2025-09-17,-3.911982392701152,0.019999999999999574,0.010000000000000231,0.5399999999999996,0.1304608418786879,0.24837576320595467,2025-09-17,2025-09-17,2025-09-17,2025-09-17,-0.24918701475017402,-1.0499769137849446,1.777259246230023,0.6119411040825584,2025-09-17,2025-09-17,2025-09-17,2025-09-17,2025-09-17,-0.01933165579880436,-0.6379973013881379,-2.6246634655319623,-0.8101726270496656,-3.841662936740453
2025-09-18,2025-09-19,2025-09-18,2025-09-18,2025-09-18,2025-09-19,2025-09-18,2025-09-18,2025-09-18,2025-09-18,25769.36,1.3,262.45,595312067511,1168,528,184,12153720716,-18552,129,2.226114,3.596238,0.478912,0.940602,2025-09-18,2025-09-18,2025-09-18,2025-09-18,-0.12722937292578562,0.05000000000000071,0.04999999999999982,0.5400000000000005,0.08010681923562579,0.49550502108972605,2025-09-18,2025-09-18,2025-09-18,2025-09-18,1.1454486293225097,1.4032972360339402,-1.3510321768825606,-1.1625999451316371,2025-09-18,2025-09-18,2025-09-18,2025-09-18,2025-09-18,3.496696161995194,3.839476239378592,3.4940468856755613,-0.7790936570952534,-0.2368799411881839
2025-09-19,2025-09-22,2025-09-19,2025-09-19,2025-09-19,2025-09-22,2025-09-19,2025-09-19,2025-09-19,2025-09-19,25578.37,-0.74,263.28,752329250083,779,927,181,-15745036443,-17603,67,-1.403372,-0.731268,0.488542,0.715419,2025-09-19,2025-09-19,2025-09-21,2025-09-19,-1.592356707243181,0.02999999999999936,0.0,0.5699999999999998,0.35037367829144905,0.2978951413177944,2025-09-19,2025-09-19,2025-09-19,2025-09-19,-0.5686569328791524,-0.46398920541972366,0.0009418022843599161,0.0847035468131141,2025-09-19,2025-09-19,2025-09-19,2025-09-19,2025-09-19,-0.6390932936605975,-0.3975170397111705,0.24398131092768782,-0.3356121994947503,-0.11872119729642305
2025-09-22,2025-09-23,2025-09-22,2025-09-22,2025-09-22,2025-09-23,2025-09-22,2025-09-22,2025-09-22,2025-09-22,25880.6,1.18,266.05,606726950019,853,848,184,-6650808558,-17239,177,2.929743,1.570382,0.441005,0.695933,2025-09-22,2025-09-22,2025-09-22,2025-09-22,4.207123496628107,0.010000000000000675,0.040000000000000036,0.5400000000000005,0.005624330335418648,-0.3174903323756251,2025-09-22,2025-09-22,2025-09-22,2025-09-22,0.994213616052475,0.6794856722820874,-0.7570473922954402,0.4595803960376177,2025-09-22,2025-09-22,2025-09-22,2025-09-22,2025-09-22,1.4932676745067042,2.046188637515911,3.928229191902566,1.5248706434916048,-1.7829169864197025
2025-09-23,2025-09-24,2025-09-23,2025-09-23,2025-09-23,2025-09-24,2025-09-23,2025-09-23,2025-09-23,2025-09-23,26247.37,1.42,265.54,671300949183,549,1156,180,10638719207,-16200,153,3.697314,-0.346125,-0.550216,-0.945675,2025-09-23,2025-09-23,2025-09-23,2025-09-23,3.3540310272304197,-0.03000000000000025,-0.08000000000000007,0.5900000000000003,0.18631834557791827,-0.07191995634164838,2025-09-22,2025-09-23,2025-09-23,2025-09-23,0.994213616052475,0.5056733759912779,-0.7023249951809696,-0.06257621617945519,2025-09-23,2025-09-23,2025-09-23,2025-09-23,2025-09-23,-0.11858459865984328,-0.1458860853319477,-2.8212014146021813,0.6946621546969567,0.04427341205504032
2025-09-24,2025-09-25,2025-09-24,2025-09-24,2025-09-24,2025-09-25,2025-09-24,2025-09-24,2025-09-24,2025-09-24,26196.73,-0.19,264.87,629044204373,760,897,220,-12950186461,-19917,-36,-0.707439,-0.177704,-0.284662,-0.334957,2025-09-24,2025-09-24,2025-09-24,2025-09-24,-2.764417676354103,0.040000000000000036,0.040000000000000036,0.5900000000000003,0.2976129160905838,0.6271854790802278,2025-09-24,2025-09-24,2025-09-24,2025-09-24,0.3003680887197824,-0.40302017572965143,1.374401210022591,1.0241658059209957,2025-09-24,2025-09-24,2025-09-24,2025-09-24,2025-09-24,-0.15212928917405222,-0.18340902489274447,-0.8182432970958109,-0.012423253219473462,0.10916242241174601
2025-09-25,2025-09-26,2025-09-25,2025-09-25,2025-09-25,2025-09-26,2025-09-25,2025-09-25,2025-09-25,2025-09-25,26023.85,-0.66,263.13,609572641387,786,852,226,106720086,-21779,-83,-1.442766,-0.195809,-0.500906,-0.502982,2025-09-25,2025-09-25,2025-09-25,2025-09-25,3.461059674784095,0.019999999999999574,0.07000000000000028,0.5399999999999996,0.6501132916399088,0.6947995157786213,2025-09-25,2025-09-25,2025-09-25,2025-09-25,0.2731103461506512,-0.029658515731212365,-0.12810117643471397,0.6005254236544966,2025-09-25,2025-09-25,2025-09-25,2025-09-25,2025-09-25,-0.31958968771252927,-0.015567187334275534,0.40684930538323894,0.2424163213648134,-0.9460350352700098
2025-09-26,2025-09-30,2025-09-26,2025-09-26,2025-09-26,2025-09-30,2025-09-29,2025-09-29,2025-09-29,2025-09-29,25580.32,-1.7,257.03,574921895430,228,1534,110,-25157852509,-25119,82,-0.047547,0.159556,0.263554,0.476249,2025-09-29,2025-09-29,2025-09-29,2025-09-29,5.428390316881204,-0.04999999999999982,0.0,0.5200000000000005,0.046643707979932,-0.24452150793523586,2025-09-29,2025-09-29,2025-09-29,2025-09-29,-0.6862272333089003,1.3337048022962428,1.8932863933079913,1.5384446985148514,2025-09-29,2025-09-29,2025-09-29,2025-09-29,2025-09-29,0.03720050162214772,0.26101433061131996,2.053989343938012,1.191517506890416,-1.9818864995681862
2025-09-30,2025-10-01,2025-09-30,2025-09-30,2025-09-30,2025-10-01,2025-09-30,2025-09-30,2025-09-30,2025-09-30,25820.54,0.94,261.52,530157679278,1302,423,147,6550967708,-21930,177,2.217911,0.866334,0.409085,0.304807,2025-09-30,2025-09-30,2025-09-30,2025-09-30,0.9925548330164791,0.009999999999999787,-0.029999999999999805,0.56,-0.05285909728485194,-0.14299562231264717,2025-09-30,2025-09-30,2025-09-30,2025-09-30,-0.2466959206327224,-0.1926394291372313,0.8739838814929124,0.4467513899484077,2025-09-30,2025-09-30,2025-09-30,2025-09-30,2025-09-30,0.8143392336482425,1.146712219506374,2.601042380414653,0.2664803384697434,0.6129947554252002
2025-10-01,2025-10-02,2025-10-01,2025-10-01,2025-10-01,2025-10-02,2025-10-01,2025-10-01,2025-10-01,2025-10-01,25982.91,0.63,261.47,557334629985,640,1040,196,12664964009,-22349,378,3.286903,2.048095,0.339992,0.419904,2025-10-01,2025-10-01,2025-10-01,2025-10-01,0.06142646474234237,-0.040000000000000036,-0.050000000000000266,0.5700000000000003,0.01609605957935134,-0.06136602296590299,2025-10-01,2025-10-01,2025-09-30,2025-09-30,-0.8496661625264856,0.9119307241193919,0.8739838814929124,0.4467513899484077,2025-10-01,2025-10-01,2025-10-01,2025-10-01,2025-10-01,1.9253471948636136,2.245991365009936,0.3537376222704669,1.372149893582697,1.054836454699415
2025-10-02,2025-10-03,2025-10-02,2025-10-02,2025-10-02,2025-10-03,2025-10-02,2025-10-02,2025-10-02,2025-10-02,26378.39,1.52,262.94,600396627103,613,1062,198,23409818512,-23187,3,-0.124802,1.939918,0.061835,0.390639,2025-10-02,2025-10-02,2025-10-02,2025-10-02,2.0871591536571144,-0.020000000000000462,0.0,0.5499999999999998,0.055177608565615266,0.14328051474794545,2025-10-02,2025-10-02,2025-10-02,2025-09-30,0.8661538280781311,2.7020970563218283,1.606961779839744,0.4467513899484077,2025-10-02,2025-10-02,2025-10-02,2025-10-02,2025-10-02,1.9360230782423438,1.36353734294683,0.8812186755381202,3.487593081081841,1.4367490977181152
2025-10-03,2025-10-07,2025-10-03,2025-10-03,2025-10-03,2025-10-07,2025-10-06,2025-10-06,2025-10-06,2025-10-06,26761.06,1.45,263.66,559099495400,691,973,213,16959990133,-20852,-56,3.494299,2.890755,0.364659,0.707448,2025-10-06,2025-10-06,2025-10-06,2025-10-06,-1.6816743886603813,0.04999999999999982,0.020000000000000018,0.5799999999999996,0.29750124162626346,0.39909883828963544,2025-10-06,2025-10-02,2025-10-06,2025-09-30,4.752644706081566,2.7020970563218283,-0.674812759302923,0.4467513899484077,2025-10-06,2025-10-06,2025-10-06,2025-10-06,2025-10-06,3.000426544102175,1.9900238662186487,-1.1086248188821868,23.708027557556832,-0.8511407407193583
2025-10-07,2025-10-08,2025-10-07,2025-10-07,2025-10-07,2025-10-08,2025-10-07,2025-10-07,2025-10-07,2025-10-07,27211.95,1.68,264.85,674247653927,950,741,190,676562801,-23701,-277,-2.767856,-2.056378,-0.381141,-0.668262,2025-10-07,2025-10-07,2025-10-07,2025-10-07,5.314593080531016,-0.040000000000000036,-0.03000000000000025,0.5699999999999998,0.0858699164537402,0.47905536416186223,2025-10-07,2025-10-02,2025-10-06,2025-09-30,0.012758823447467371,2.7020970563218283,-0.674812759302923,0.4467513899484077,2025-10-07,2025-10-07,2025-10-07,2025-10-07,2025-10-07,-2.2367811128820247,-1.8434437066316756,-0.2694836790410604,3.8289664404776547,0.2742297697441387
2025-10-08,2025-10-09,2025-10-08,2025-10-08,2025-10-08,2025-10-09,2025-10-08,2025-10-08,2025-10-08,2025-10-08,27063.68,-0.54,265.35,567586891879,769,916,197,-14094387269,-30405,327,3.56766,3.397869,0.582766,1.119087,2025-10-08,2025-10-08,2025-10-08,2025-10-08,-5.45243936506532,-0.009999999999999787,0.010000000000000231,0.5499999999999998,-0.03831349420129193,0.2738858166478009,2025-10-08,2025-10-02,2025-10-08,2025-09-30,-0.45023288399382855,2.7020970563218283,-0.4759614611337226,0.4467513899484077,2025-10-08,2025-10-08,2025-10-08,2025-10-08,2025-10-08,3.4159855122966043,2.6761666986887755,2.199528465138445,11.370622512583207,2.7020588683268176
2025-10-09,2025-10-13,2025-10-09,2025-10-09,2025-10-09,2025-10-13,2025-10-10,2025-10-10,2025-10-10,2025-10-10,27301.92,0.88,265.15,671139288810,745,965,179,4451256397,-28752,-230,-6.409231,-6.324378,-2.711167,-3.562277,2025-10-10,2025-10-10,2025-10-12,2025-10-10,31.83201123002275,-0.08999999999999986,-0.08000000000000007,0.5299999999999998,0.2671434399057038,-0.5625854464970104,2025-10-10,2025-10-10,2025-10-10,2025-10-10,-1.0120134991954743,1.7296845606320277,-1.727943103639351,-1.9673064272061835,2025-10-10,2025-10-10,2025-10-10,2025-10-10,2025-10-10,-6.271757143220713,-5.75591541642072,-4.886536482426518,-7.724679265022871,-5.9097979189986605
2025-10-13,2025-10-14,2025-10-13,2025-10-13,2025-10-13,2025-10-14,2025-10-13,2025-10-13,2025-10-13,2025-10-13,26923.42,-1.39,261.36,653495030024,432,1355,95,-56312754939,-33061,335,7.92062,4.929617,1.559867,2.207576,2025-10-13,2025-10-10,2025-10-13,2025-10-13,-12.142193810222157,-0.08999999999999986,-0.08000000000000007,0.5299999999999998,0.0847841788281345,0.2929816895308246,2025-10-10,2025-10-13,2025-10-13,2025-10-13,-1.0120134991954743,-0.7214880663476086,-1.5246670218750258,-0.4949304451232872,2025-10-13,2025-10-13,2025-10-13,2025-10-13,2025-10-13,4.73547018098488,4.4292136916186164,2.8172109406748413,0.7073077317969245,9.878941207481917
2025-10-14,2025-10-15,2025-10-14,2025-10-14,2025-10-14,2025-10-15,2025-10-14,2025-10-14,2025-10-14,2025-10-14,26793.15,-0.48,255.58,803287438598,413,1354,121,-16348769283,-27444,58,-2.294566,-2.277695,-0.156433,-0.7619,2025-10-14,2025-10-14,2025-10-14,2025-10-14,9.353645376092956,-0.019999999999999574,-0.040000000000000036,0.5500000000000003,-0.02313105345168598,-0.22161136168826756,2025-10-14,2025-10-14,2025-10-14,2025-10-14,-2.5816415643162727,-0.6343889728031349,-1.730938015214012,-1.195475864250417,2025-10-14,2025-10-14,2025-10-14,2025-10-14,2025-10-14,-2.0500566707589596,-1.839587932303166,-4.402085929536681,0.7716468824852551,-3.5239716551854317
2025-10-15,2025-10-16,2025-10-15,2025-10-15,2025-10-15,2025-10-16,2025-10-15,2025-10-15,2025-10-15,2025-10-15,27275.71,1.8,260.56,605352844795,990,719,176,-15100216875,-21671,189,2.963435,2.994218,0.4026,0.658835,2025-10-15,2025-10-15,2025-10-15,2025-10-15,-0.8169153323245748,0.019999999999999574,0.020000000000000018,0.5499999999999998,-0.24149632990847492,-0.26249583868726,2025-10-15,2025-10-15,2025-10-15,2025-10-15,1.7617903371941024,2.6803779295524244,1.8444383148096932,1.4811432235064759,2025-10-15,2025-10-15,2025-10-15,2025-10-15,2025-10-15,3.085695411535605,2.482758254661732,-0.11109090129327592,9.404378976580151,2.0922272360135885
2025-10-16,2025-10-17,2025-10-16,2025-10-16,2025-10-16,2025-10-17,2025-10-16,2025-10-16,2025-10-16,2025-10-16,27647.87,1.36,263.52,651670948613,1224,484,186,12959197265,-22035,-326,-1.598239,0.487065,-0.629439,-0.474374,2025-10-16,2025-10-16,2025-10-16,2025-10-16,22.625970030968535,-0.05999999999999961,-0.08999999999999986,0.5800000000000001,0.006860517943563238,-0.40490082211958045,2025-10-16,2025-10-16,2025-10-16,2025-10-16,1.2692101836383696,2.490651171388092,-0.08525408166165649,0.2633330230974451,2025-10-16,2025-10-16,2025-10-16,2025-10-16,2025-10-16,0.4658588060247437,0.4447273155540721,1.1010374839450998,-1.6932139319263628,0.8026662772887772
2025-10-17,2025-10-20,2025-10-17,2025-10-17,2025-10-17,2025-10-20,2025-10-17,2025-10-17,2025-10-17,2025-10-17,27302.37,-1.25,261.28,599491322181,629,1072,180,-21997157761,-25586,125,-1.587517,-0.324117,0.527072,0.520472,2025-10-17,2025-10-17,2025-10-19,2025-10-17,-17.89805956097521,0.02999999999999936,0.04999999999999982,0.5599999999999996,0.03266778205262,0.0406554688235472,2025-10-17,2025-10-17,2025-10-17,2025-10-17,-1.4408086801782738,0.013866704044018796,-2.4775862421469674,-2.255965095611112,2025-10-17,2025-10-17,2025-10-17,2025-10-17,2025-10-17,-0.2802953587790147,-0.13690685622352872,0.7755369237354204,-0.6309668071894259,-1.3610073153432323
2025-10-20,2025-10-21,2025-10-20,2025-10-20,2025-10-20,2025-10-21,2025-10-20,2025-10-20,2025-10-20,2025-10-20,27688.63,1.41,263.25,568986201189,826,872,188,14222590437,-25251,67,0.887904,1.579376,1.067227,1.369351,2025-10-20,2025-10-20,2025-10-20,2025-10-20,-12.271419923715232,-0.019999999999999574,0.0,0.54,-0.08033787001248127,0.16254803639010884,2025-10-20,2025-10-20,2025-10-20,2025-10-20,3.3696493646268033,1.755187554544957,2.4229732453023844,0.5314358036430544,2025-10-20,2025-10-20,2025-10-20,2025-10-20,2025-10-20,1.6656791370738722,1.2805223639654084,-0.31656032485013474,3.2091967001788735,-0.025762557281072684
2025-10-21,2025-10-22,2025-10-21,2025-10-21,2025-10-21,2025-10-22,2025-10-21,2025-10-21,2025-10-21,2025-10-21,27752.41,0.23,265.85,606766898775,1014,670,209,-240714297,-23282,-98,-1.071549,-0.664627,0.00327,-0.160367,2025-10-21,2025-10-21,2025-10-21,2025-10-21,-1.974759802757342,-0.020000000000000018,-0.009999999999999787,0.5299999999999998,0.2614607328592866,0.344866598959892,2025-10-21,2025-10-21,2025-10-21,2025-10-21,0.2654412250561622,0.239866060542826,0.6524684319254126,1.5347404719572078,2025-10-21,2025-10-21,2025-10-21,2025-10-21,2025-10-21,-0.559789275899969,-0.5529674042348609,-0.8103349389427028,-1.051712173667041,-1.8840873772358657
2025-10-22,2025-10-23,2025-10-22,2025-10-22,2025-10-22,2025-10-23,2025-10-22,2025-10-22,2025-10-22,2025-10-22,27648.91,-0.37,264.47,528925630870,1073,619,188,-22407410493,-26095,-309,-1.911651,-2.36429,-0.533754,-0.92913,2025-10-22,2025-10-22,2025-10-22,2025-10-22,4.085056004214738,-0.009999999999999787,0.0,0.52,0.22101202829689637,-0.03032323784932789,2025-10-22,2025-10-22,2025-10-22,2025-10-22,-0.01676843504084813,1.5649149120932515,-0.9443118642460169,-0.33204696702885395,2025-10-22,2025-10-22,2025-10-22,2025-10-22,2025-10-22,-2.471417986924984,-1.9403364976283255,-0.485761131057294,-3.276899168911074,-0.688733976512701
2025-10-23,2025-10-27,2025-10-23,2025-10-23,2025-10-23,2025-10-27,2025-10-24,2025-10-24,2025-10-24,2025-10-24,27532.26,-0.42,262.72,490953912723,581,1122,183,-23942493081,-24307,186,1.454951,1.891959,0.790242,1.146677,2025-10-24,2025-10-24,2025-10-23,2025-10-24,-5.375713519309755,0.009999999999999787,0.0,0.5399999999999996,0.09724995900872724,0.010101583373067768,2025-10-24,2025-10-24,2025-10-24,2025-10-24,1.3528316002599405,2.497166286150554,0.7400264418184532,1.1794604616058857,2025-10-24,2025-10-24,2025-10-24,2025-10-24,2025-10-24,1.6491403261289728,1.8387549535748615,2.250763483915863,7.630108624472043,2.8580545742461494
2025-10-27,2025-10-28,2025-10-27,2025-10-27,2025-10-27,2025-10-28,2025-10-27,2025-10-27,2025-10-27,2025-10-27,27993.63,1.68,264.71,624876944612,853,883,155,32639212655,-24211,91,1.115408,2.738164,1.229005,1.864229,2025-10-27,2025-10-27,2025-10-27,2025-10-27,-3.543071763260408,-0.009999999999999787,0.0,0.5299999999999998,0.1894395419437922,-0.17180209619838127,2025-10-27,2025-10-27,2025-10-27,2025-10-27,2.4597982205438518,2.568506312855945,1.0456699370620992,1.1873769849638727,2025-10-27,2025-10-27,2025-10-27,2025-10-27,2025-10-27,2.7783416574348463,2.5061193329900977,2.807908912579826,2.6688341403039884,2.2364619775093963
2025-10-28,2025-10-29,2025-10-28,2025-10-28,2025-10-28,2025-10-29,2025-10-28,2025-10-28,2025-10-28,2025-10-28,27949.11,-0.16,264.19,664841024650,442,1298,152,-27113846791,-27454,210,1.099748,0.372908,0.228794,0.803933,2025-10-28,2025-10-28,2025-10-28,2025-10-28,3.9898677388406023,-0.019999999999999574,-0.009999999999999787,0.52,-0.7530777372024122,-0.09110785483172901,2025-10-28,2025-10-28,2025-10-28,2025-10-28,-0.5803349028246085,-0.8019176020047092,-0.3312385187764111,-0.509959766665502,2025-10-28,2025-10-28,2025-10-28,2025-10-28,2025-10-28,0.12168694130012536,0.8806975853350218,4.9819797443545255,-0.6392743005619872,3.0161617997288115
2025-10-29,2025-10-30,2025-10-29,2025-10-29,2025-10-29,2025-10-30,2025-10-29,2025-10-29,2025-10-29,2025-10-29,28294.74,1.24,264.08,689759983826,740,947,206,7188118436,-24421,-49,1.180645,1.851641,-0.004358,0.549703,2025-10-29,2025-10-29,2025-10-29,2025-10-29,3.045066977325206,0.08999999999999986,0.11999999999999966,0.4900000000000002,-0.18953750952860338,0.537033910412088,2025-10-29,2025-10-29,2025-10-28,2025-10-29,2.167436339608164,1.7639092208698415,-0.3312385187764111,1.1907498630212565,2025-10-29,2025-10-29,2025-10-29,2025-10-29,2025-10-29,1.6915728986676148,1.5146925785240795,2.9896008274039154,2.449508378524401,3.488218817343003
2025-10-30,2025-10-31,2025-10-30,2025-10-30,2025-10-30,2025-10-31,2025-10-30,2025-10-30,2025-10-30,2025-10-30,28287.53,-0.03,262.02,734110419923,538,1183,166,1655522597,-24746,-109,-0.612932,-1.527446,-0.990481,-1.574934,2025-10-30,2025-10-30,2025-10-30,2025-10-30,-0.05910300730935791,0.03000000000000025,0.020000000000000018,0.5000000000000004,0.3997594261948789,0.31243454422480443,2025-10-30,2025-10-30,2025-10-30,2025-10-30,0.03500635489439574,0.1406463955435422,-0.24083668563884553,-0.7988830446741035,2025-10-30,2025-10-30,2025-10-30,2025-10-30,2025-10-30,-1.35335993501412,-1.3238855590360865,-2.0044407027916655,-3.5902056960837925,-2.4638606909521688
2025-10-31,2025-11-03,2025-10-31,2025-10-31,2025-10-31,2025-11-03,2025-10-31,2025-10-31,2025-10-31,2025-10-31,28233.35,-0.19,264.31,675544617915,793,919,181,-28396614914,-22936,-165,-0.920127,0.175446,0.261792,0.609895,2025-10-31,2025-10-31,2025-10-31,2025-10-31,3.1342441834889767,0.0,-0.009999999999999787,0.5100000000000002,0.21359802296341268,0.27127928842807236,2025-10-31,2025-10-31,2025-10-31,2025-10-31,2.1153776486458,0.5042980839611966,-1.4307480334943001,-1.4700967126330178,2025-10-31,2025-10-31,2025-10-31,2025-10-31,2025-10-31,0.37326352024820153,-0.19520577109677362,-0.19714815796129104,0.5022754660535034,-1.816876860231087
2025-11-03,2025-11-04,2025-11-03,2025-11-03,2025-11-03,2025-11-04,2025-11-03,2025-11-03,2025-11-03,2025-11-03,28334.59,0.36,265.68,656787447369,772,939,178,-8445597152,-27880,155,1.474551,0.58531,0.172071,0.462634,2025-11-03,2025-11-03,2025-11-03,2025-11-03,-1.548167714997506,0.019999999999999574,0.0,0.5299999999999998,0.16628250572858772,0.07013997262896865,2025-10-31,2025-11-03,2025-11-03,2025-11-03,2.1153776486458,2.784421599208775,0.9715998810331916,0.2743134220501986,2025-11-03,2025-11-03,2025-11-03,2025-11-03,2025-11-03,0.596971835823279,0.8484428359474494,2.168007936469052,1.3782597401978514,-1.9154335406532774
2025-11-04,2025-11-05,2025-11-04,2025-11-04,2025-11-04,2025-11-05,2025-11-04,2025-11-04,2025-11-04,2025-11-04,28116.56,-0.77,261,697254696079,385,1358,135,-7631187320,-27842,-207,-3.545889,-4.007724,-1.173683,-2.039378,2025-11-04,2025-11-04,2025-11-04,2025-11-04,10.658124144289749,-0.03000000000000025,-0.020000000000000018,0.5199999999999996,0.3940632008074152,0.35045405476679115,2025-11-04,2025-11-04,2025-11-04,2025-11-04,-1.7441657239163466,-2.371695007974428,-0.7873543650900316,-0.7456850423229855,2025-11-04,2025-11-04,2025-11-04,2025-11-04,2025-11-04,-3.9302143217077923,-3.643812104750066,-3.958817792007252,-3.697281367375582,-2.926488955675055
2025-11-05,2025-11-06,2025-11-05,2025-11-05,2025-11-05,2025-11-06,2025-11-05,2025-11-05,2025-11-05,2025-11-05,27717.06,-1.42,259.11,687230269536,634,1076,165,-57527398939,-32088,244,-0.139423,3.018813,0.365356,0.647405,2025-11-05,2025-11-05,2025-11-05,2025-11-05,-5.210525111148234,0.07000000000000028,0.04999999999999982,0.54,0.051456216481238215,-0.01996035942654073,2025-11-05,2025-11-05,2025-11-05,2025-11-05,-2.4951447981508057,-2.8463781274122413,-0.06546690910771424,0.18532422436050577,2025-11-05,2025-11-05,2025-11-05,2025-11-05,2025-11-05,3.108752835849926,1.9106446444576042,-1.7514699706973502,2.51149107932942,2.0003433812824323
2025-11-06,2025-11-07,2025-11-06,2025-11-06,2025-11-06,2025-11-07,2025-11-06,2025-11-06,2025-11-06,2025-11-06,27899.45,0.66,262.11,611948346882,1242,497,147,-5161228109,-29917,-369,-1.498442,-2.390451,-1.117819,-1.897082,2025-11-06,2025-11-06,2025-11-06,2025-11-06,8.273180189796548,-0.05999999999999961,-0.06000000000000005,0.5400000000000005,-0.08441462583944626,-0.4690554946337633,2025-11-06,2025-11-06,2025-11-06,2025-11-06,1.337143615530345,0.5501428353338111,2.122543006100641,1.4293586284066517,2025-11-06,2025-11-06,2025-11-06,2025-11-06,2025-11-06,-2.6090945719232095,-2.339361241198712,-3.6524791955278357,-7.267971208967861,-0.9443463548633679
2025-11-07,2025-11-10,2025-11-07,2025-11-07,2025-11-07,2025-11-10,2025-11-07,2025-11-07,2025-11-07,2025-11-07,27651.41,-0.89,258.86,556810866225,506,1232,141,-35356498169,-30820,-160,-0.947307,-1.012059,0.126184,-0.214502,2025-11-07,2025-11-07,2025-11-07,2025-11-07,-2.15384654509716,0.0,-0.020000000000000018,0.5600000000000005,0.2780553192774038,-0.13035684190966235,2025-11-07,2025-11-07,2025-11-07,2025-11-07,-1.1935233408428059,-1.805310938612159,-0.9215103466385877,-0.3112852854058823,2025-11-07,2025-11-07,2025-11-07,2025-11-07,2025-11-07,-1.0487378545168013,-0.845937295759569,0.0372139859359244,-1.750106737702306,-1.7323332280292814
2025-11-10,2025-11-11,2025-11-10,2025-11-10,2025-11-10,2025-11-11,2025-11-10,2025-11-10,2025-11-10,2025-11-10,27869.51,0.79,257.26,579658540571,649,1082,143,-5291526198,-30589,90,3.061078,3.016834,1.540102,2.27186,2025-11-10,2025-11-10,2025-11-10,2025-11-10,-7.756811049026757,0.019999999999999574,0.03000000000000025,0.5499999999999998,-0.038733360616827195,0.020084611212256576,2025-11-10,2025-11-10,2025-11-10,2025-11-10,1.2637957179033377,3.021933050403658,1.5518371528876918,0.3475207369693756,2025-11-10,2025-11-10,2025-11-10,2025-11-10,2025-11-10,2.588489364357782,3.0650389455918914,5.79325512031128,4.470327456340706,2.5641822855686502
2025-11-11,2025-11-12,2025-11-11,2025-11-11,2025-11-11,2025-11-12,2025-11-11,2025-11-11,2025-11-11,2025-11-11,27784.95,-0.3,256.7,679209193904,803,923,163,-17367623754,-31530,123,-1.388551,-2.476614,0.207535,-0.250218,2025-11-11,2025-11-10,2025-11-11,2025-11-11,-1.8181800448205276,0.019999999999999574,0.03000000000000025,0.5499999999999998,0.0,-0.16061399086325645,2025-11-11,2025-11-11,2025-11-11,2025-11-11,-0.13519868283138337,0.813852033365392,0.17767834363884294,-0.9132998497628053,2025-11-11,2025-11-11,2025-11-11,2025-11-11,2025-11-11,-2.26821394156147,-2.157256491991766,-2.959055161690649,-2.6477545570138594,-1.7941412792058076
2025-11-12,2025-11-13,2025-11-12,2025-11-12,2025-11-12,2025-11-13,2025-11-12,2025-11-12,2025-11-12,2025-11-12,27947.09,0.58,258.82,670591411053,1250,495,140,-8484304834,-29964,6,-0.188899,1.467537,0.062952,-0.263504,2025-11-12,2025-11-12,2025-11-12,2025-11-12,1.3310158165333874,-0.04999999999999982,-0.020000000000000018,0.52,-0.008074886659015235,0.020112882209000205,2025-11-12,2025-11-12,2025-11-12,2025-11-12,0.4334504474949208,1.0715007228991213,0.8477556015036525,-0.13455582513368647,2025-11-12,2025-11-12,2025-11-12,2025-11-12,2025-11-12,1.531431348372414,1.276174659481888,0.3313312163567561,8.997141289818632,0.9262444154937599
2025-11-13,2025-11-14,2025-11-13,2025-11-13,2025-11-13,2025-11-14,2025-11-13,2025-11-13,2025-11-13,2025-11-13,27903.56,-0.16,260.3,798774900243,830,879,179,-6635665606,-31514,-511,-2.897248,-3.719074,-1.655685,-2.2904,2025-11-13,2025-11-13,2025-11-13,2025-11-13,14.22044396670561,0.03000000000000025,0.020000000000000018,0.5300000000000002,0.3223070095614844,-0.3015712119363356,2025-11-13,2025-11-13,2025-11-13,2025-11-13,0.4279384498730776,0.487658880901054,0.5582599740373784,1.2087979767150703,2025-11-13,2025-11-13,2025-11-13,2025-11-13,2025-11-13,-3.4337798524520458,-3.0124016234496676,-3.581012555274732,-4.221873118363728,-4.290296205732568
2025-11-14,2025-11-17,2025-11-14,2025-11-14,2025-11-14,2025-11-17,2025-11-14,2025-11-14,2025-11-14,2025-11-14,27397.5,-1.81,256.25,674430469945,470,1272,142,-60399178503,-34595,86,0.928418,-0.110578,-0.050173,0.132182,2025-11-14,2025-11-14,2025-11-14,2025-11-14,-0.8500003814697288,0.02999999999999936,0.040000000000000036,0.5199999999999996,0.1957261013469047,0.09074040896723812,2025-11-14,2025-11-14,2025-11-14,2025-11-14,-1.7653365882224992,-3.8138079600067876,-1.8489558515447646,-1.5722796611656764,2025-11-14,2025-11-14,2025-11-14,2025-11-14,2025-11-14,-0.29719256846681974,0.0464020818719213,1.771378330184148,-0.46378816104828413,0.7294489054092468
2025-11-17,2025-11-18,2025-11-17,2025-11-17,2025-11-17,2025-11-18,2025-11-17,2025-11-17,2025-11-17,2025-11-17,27447.31,0.18,255.96,631312406184,488,1273,134,7335242780,-31526,-306,-0.986587,-1.548332,-0.916227,-0.840675,2025-11-17,2025-11-17,2025-11-17,2025-11-17,12.859300286794827,-0.009999999999999787,-0.020000000000000018,0.5299999999999998,-1.8326170463155322,0.32235288168167564,2025-11-17,2025-11-17,2025-11-17,2025-11-17,-0.10445557175992048,1.9363972289381914,-0.7081829608014623,-0.6501603482686136,2025-11-17,2025-11-17,2025-11-17,2025-11-17,2025-11-17,-1.719115362521062,-1.3566070625306015,-1.8772635535591387,-2.548516408716195,0.055481646366617454
2025-11-18,2025-11-19,2025-11-18,2025-11-18,2025-11-18,2025-11-19,2025-11-18,2025-11-18,2025-11-18,2025-11-18,26756.12,-2.52,250.06,731595205226,211,1585,94,-48537891970,-35047,92,-1.453851,-2.307135,-0.825644,-1.211995,2025-11-18,2025-11-18,2025-11-18,2025-11-18,10.321722340993556,-0.009999999999999787,-0.020000000000000018,0.54,2.0307929943259806,-0.040157935137508094,2025-11-18,2025-11-18,2025-11-18,2025-11-18,-3.220993127257399,-3.3167422586660167,-1.721669160975725,-0.649402780518149,2025-11-18,2025-11-18,2025-11-18,2025-11-18,2025-11-18,-2.320491828508342,-2.0599410812531693,-2.8081486183109683,-4.25328904232829,-0.627460655123746
2025-11-19,2025-11-20,2025-11-19,2025-11-19,2025-11-19,2025-11-20,2025-11-19,2025-11-19,2025-11-19,2025-11-19,26580.12,-0.66,246.7,580985373089,502,1218,166,-25689012839,-31047,373,1.604833,1.816508,0.375384,0.585663,2025-11-19,2025-11-19,2025-11-19,2025-11-19,-4.171732135950002,0.009999999999999787,0.0,0.5499999999999998,-0.23030738201144096,0.6830741178603938,2025-11-19,2025-11-19,2025-11-19,2025-11-19,-0.3393657809218742,-0.6098235719982692,-0.3832579790489343,0.4400013553303106,2025-11-19,2025-11-19,2025-11-19,2025-11-19,2025-11-19,1.6715915162061723,1.8452380025834048,2.845171837639948,-2.9267403842426765,4.088109670406581
2025-11-20,2025-11-21,2025-11-20,2025-11-20,2025-11-20,2025-11-21,2025-11-20,2025-11-20,2025-11-20,2025-11-20,27426.36,3.18,252.95,678220427262,1446,305,137,13106672651,-24167,-794,-1.724686,-4.766995,-1.556728,-2.154648,2025-11-20,2025-11-20,2025-11-20,2025-11-20,11.665258861714323,-0.03000000000000025,-0.03000000000000025,0.5499999999999998,0.2565641148130293,-0.0698390626357015,2025-11-20,2025-11-20,2025-11-20,2025-11-20,2.649985904159058,1.9172896290730934,0.01904683699636145,-0.5086828328483062,2025-11-20,2025-11-20,2025-11-20,2025-11-20,2025-11-20,-4.797407745034676,-4.224604122893849,-3.152479491810023,-7.841645511066364,-2.144350153935437
2025-11-21,2025-11-24,2025-11-21,2025-11-21,2025-11-21,2025-11-24,2025-11-21,2025-11-21,2025-11-21,2025-11-21,26434.94,-3.61,245.97,635252286549,260,1508,111,-91599036019,-33208,197,-0.87928,0.85579,0.982304,0.883363,2025-11-21,2025-11-21,2025-11-21,2025-11-21,-11.317183052550483,-0.040000000000000036,-0.040000000000000036,0.5499999999999998,0.5422820276357987,0.01996469881717644,2025-11-21,2025-11-21,2025-11-21,2025-11-21,-2.4045919816566563,-3.785162595207736,-2.3825709043944654,-2.439026216443263,2025-11-21,2025-11-21,2025-11-21,2025-11-21,2025-11-21,1.0182694541588155,0.3168252106919178,-0.9743105141622355,-1.0872757240610764,-1.9087696722752567
2025-11-24,2025-11-25,2025-11-24,2025-11-24,2025-11-24,2025-11-25,2025-11-24,2025-11-24,2025-11-24,2025-11-24,26504.24,0.26,250.34,856796763712,1253,486,146,-29955849627,-31186,438,3.482883,4.632377,1.546722,2.689029,2025-11-24,2025-11-24,2025-11-24,2025-11-24,-12.419973578785138,-0.019999999999999574,-0.04999999999999982,0.5800000000000001,-0.04305999745704003,-0.03992904312786205,2025-11-21,2025-11-24,2025-11-24,2025-11-24,-2.4045919816566563,-0.18685349946869767,1.968596686195312,-0.12484386294343564,2025-11-24,2025-11-24,2025-11-24,2025-11-24,2025-11-24,4.382832855769592,3.9830711801702057,2.051653660983299,5.5304761703659056,11.099346823382161
2025-11-25,2025-11-26,2025-11-25,2025-11-25,2025-11-25,2025-11-26,2025-11-25,2025-11-25,2025-11-25,2025-11-25,26912.17,1.54,254.4,599705648748,1222,499,172,6338446345,-29704,247,0.014045,0.163802,0.90617,0.671476,2025-11-25,2025-11-25,2025-11-25,2025-11-25,-9.551661540434953,-0.03000000000000025,-0.029999999999999805,0.5799999999999996,0.27920716971145954,-0.4793246759183467,2025-11-25,2025-11-25,2025-11-25,2025-11-25,0.06918255413923546,0.30472666896965706,0.6923600849649159,0.9523353699380621,2025-11-25,2025-11-25,2025-11-25,2025-11-25,2025-11-25,0.31127496541809574,0.26244829595787333,-2.591068555719489,-4.14787167745283,1.870570294226237
2025-11-26,2025-11-27,2025-11-26,2025-11-26,2025-11-26,2025-11-27,2025-11-26,2025-11-26,2025-11-26,2025-11-26,27409.54,1.85,256.14,611132554482,1443,332,123,12422608882,-28657,108,1.854714,2.75953,0.690671,0.821258,2025-11-26,2025-11-26,2025-11-26,2025-11-26,-7.381459974709137,-0.009999999999999787,0.020000000000000018,0.5499999999999998,-0.12091894024681693,-0.0602098994414324,2025-11-26,2025-11-26,2025-11-26,2025-11-26,1.848663509043269,2.6722645435389047,0.1294839874159015,0.6061746169136573,2025-11-26,2025-11-26,2025-11-26,2025-11-26,2025-11-26,2.754082955773618,2.264633824974993,1.3721668440651813,3.934410526484089,3.256891303191667
2025-11-27,2025-11-28,2025-11-27,2025-11-27,2025-11-27,2025-11-28,2025-11-26,2025-11-26,2025-11-26,2025-11-26,27554.53,0.53,258.24,607002008107,973,727,184,13452960146,-27961,-24,1.854714,2.75953,0.690671,0.821258,2025-11-26,2025-11-26,2025-11-27,2025-11-26,-7.381459974709137,-0.009999999999999787,0.020000000000000018,0.5499999999999998,-0.44348084794223475,-0.0602098994414324,2025-11-27,2025-11-27,2025-11-27,2025-11-27,1.2268818728156106,0.6574261248527113,0.06884277324512578,-0.04936173450671433,2025-11-26,2025-11-26,2025-11-26,2025-11-26,2025-11-26,2.754082955773618,2.264633824974993,1.3721668440651813,3.934410526484089,3.256891303191667
2025-11-28,2025-12-01,2025-11-28,2025-11-28,2025-11-28,2025-12-01,2025-11-28,2025-11-28,2025-11-28,2025-11-28,27626.48,0.26,262.28,596335531368,1088,597,203,-19469555406,-26321,47,0.534563,1.821736,0.535477,0.65045,2025-11-28,2025-11-28,2025-11-28,2025-11-28,-4.886562690464402,0.019999999999999574,0.020000000000000018,0.5499999999999994,0.2105664976116417,-0.14056163834662572,2025-11-28,2025-11-28,2025-11-28,2025-11-28,0.17303888613506846,-1.5129467569744093,-0.3354632635959587,0.2493744551928856,2025-11-28,2025-11-28,2025-11-28,2025-11-28,2025-11-28,1.8360188465593952,1.3143157908964476,-1.8084958427713183,1.5356577678195427,1.355732080278349
2025-12-01,2025-12-02,2025-12-01,2025-12-01,2025-12-01,2025-12-02,2025-12-01,2025-12-01,2025-12-01,2025-12-01,27342.53,-1.03,259.72,579746216447,573,1152,162,-24349235260,-29032,196,-1.313854,-0.065765,-0.532333,-0.384194,2025-12-01,2025-12-01,2025-12-01,2025-12-01,5.443421216412436,0.07000000000000028,0.06999999999999984,0.5499999999999998,0.19863050869839416,-0.05026686388848178,2025-12-01,2025-12-01,2025-12-01,2025-12-01,-1.8916516213251744,-0.15840641788168464,0.6743102136656409,1.1008133238409545,2025-12-01,2025-12-01,2025-12-01,2025-12-01,2025-12-01,0.06066698095432699,0.19302619454339975,1.6497164796301256,1.0251439985533128,-4.189002690281796
2025-12-02,2025-12-03,2025-12-02,2025-12-02,2025-12-02,2025-12-03,2025-12-02,2025-12-02,2025-12-02,2025-12-02,27564.27,0.81,259.13,572758806633,895,779,218,13575293316,-28363,241,1.532955,1.83662,0.245724,0.591813,2025-12-02,2025-12-02,2025-12-02,2025-12-02,-3.7702994614837837,0.0,-0.03000000000000025,0.5800000000000001,0.0608734112671927,-0.05029981884697721,2025-12-02,2025-12-02,2025-12-02,2025-12-02,0.00034068472876125355,1.901856514165412,0.23735412384502386,-0.4842172738302897,2025-12-02,2025-12-02,2025-12-02,2025-12-02,2025-12-02,1.9937971987183278,1.8330692932166492,0.8559407295434696,-2.0567842767812206,-1.168146343996701
2025-12-03,2025-12-04,2025-12-03,2025-12-03,2025-12-03,2025-12-04,2025-12-03,2025-12-03,2025-12-03,2025-12-03,27793.04,0.83,260.55,555149454859,1105,583,203,16214806020,-29224,96,1.150336,1.832857,0.297979,0.172634,2025-12-03,2025-12-03,2025-12-03,2025-12-03,-3.074142400187263,-0.03000000000000025,-0.019999999999999574,0.5699999999999994,0.01911236723253218,-0.5132871709919606,2025-12-03,2025-12-03,2025-12-03,2025-12-03,1.1383188755413887,1.0355655266902408,-1.2811636785172276,-0.5111679003969916,2025-12-03,2025-12-03,2025-12-03,2025-12-03,2025-12-03,2.1529484521579656,1.3743990601981615,-1.030535824307155,1.0964507294748849,-0.2515978599545776
2025-12-04,2025-12-05,2025-12-04,2025-12-04,2025-12-04,2025-12-05,2025-12-04,2025-12-04,2025-12-04,2025-12-04,27795.71,0.01,259.86,488754969877,925,741,222,10345999632,-29439,-32,-0.852943,-0.88647,0.108032,0.217663,2025-12-04,2025-12-04,2025-12-04,2025-12-04,-1.8656728368050879,0.05000000000000071,0.029999999999999805,0.5900000000000003,-0.2780117606670518,0.1416281151335408,2025-12-04,2025-12-04,2025-12-04,2025-12-04,2.3338005874962597,-0.19299950371037822,0.6799881784699258,0.34252590901107105,2025-12-04,2025-12-04,2025-12-04,2025-12-04,2025-12-04,-0.9955995339104629,-0.7602132587182453,2.1103672933937556,-0.744490041606849,0.11035270852035595
2025-12-05,2025-12-08,2025-12-05,2025-12-05,2025-12-05,2025-12-08,2025-12-05,2025-12-05,2025-12-05,2025-12-05,27980.89,0.67,260.65,516479040835,620,1090,179,36878028912,-26823,35,0.61107,1.092987,0.193664,0.310529,2025-12-05,2025-12-05,2025-12-05,2025-12-05,-2.3447394918898135,0.02999999999999936,0.040000000000000036,0.5799999999999996,0.16062935130458644,0.0,2025-12-05,2025-12-05,2025-12-05,2025-12-05,-1.0514743774838742,1.7758375863148768,0.5751860751050941,0.8351398155481915,2025-12-05,2025-12-05,2025-12-05,2025-12-05,2025-12-05,1.0186741313903847,0.779869268976574,-0.5289569172620467,0.9213841710018711,2.417130274409929
2025-12-08,2025-12-09,2025-12-08,2025-12-08,2025-12-08,2025-12-09,2025-12-08,2025-12-08,2025-12-08,2025-12-08,28303.78,1.15,262.37,505077897014,811,874,202,14087614446,-27463,-32,2.426029,1.10188,-0.347726,-0.136696,2025-12-08,2025-12-08,2025-12-08,2025-12-08,8.111615914194314,0.03000000000000025,0.009999999999999787,0.6000000000000001,-0.2901310503285237,0.10101876581380953,2025-12-08,2025-12-08,2025-12-08,2025-12-08,0.17838576893449698,1.3365762753929866,-1.2256841925247453,0.811640003587133,2025-12-08,2025-12-08,2025-12-08,2025-12-08,2025-12-08,1.0859780011064801,1.1333006456994088,1.721396484079274,1.4405649273126597,2.782906965177556
2025-12-09,2025-12-10,2025-12-09,2025-12-09,2025-12-09,2025-12-10,2025-12-09,2025-12-09,2025-12-09,2025-12-09,28182.6,-0.43,264.19,617725308725,787,911,190,-5888471251,-31427,72,0.510156,-0.036751,-0.087636,0.129916,2025-12-09,2025-12-09,2025-12-09,2025-12-09,1.6206510218282677,0.009999999999999787,0.040000000000000036,0.5699999999999998,-0.3494935499670837,0.13119879666680934,2025-12-09,2025-12-09,2025-12-09,2025-12-09,0.1446369083828003,-0.2719783554916866,-1.2851709205007,-0.5091098643641434,2025-12-09,2025-12-09,2025-12-09,2025-12-09,2025-12-09,-0.1854511675832171,0.12210343832219639,-0.31258519079242486,0.23065194040439163,1.2939422494216535
2025-12-10,2025-12-11,2025-12-10,2025-12-10,2025-12-10,2025-12-11,2025-12-10,2025-12-10,2025-12-10,2025-12-10,28400.73,0.77,264.67,628811928936,663,1057,174,19607451411,-28629,272,2.218124,1.288306,0.674956,0.329397,2025-12-10,2025-12-10,2025-12-10,2025-12-10,-6.851741444195236,-0.04999999999999982,-0.06999999999999984,0.5899999999999999,-0.043961550810267536,-0.43338066910451056,2025-12-10,2025-12-10,2025-12-10,2025-12-10,-0.10324879357999084,-0.2063400970305218,0.4189190164644918,-0.13896978439879026,2025-12-10,2025-12-10,2025-12-10,2025-12-10,2025-12-10,1.329359341998071,1.3821154752074793,-0.6433488855235314,-0.0902431877306209,1.6441439698959837
2025-12-11,2025-12-12,2025-12-11,2025-12-11,2025-12-11,2025-12-12,2025-12-11,2025-12-11,2025-12-11,2025-12-11,28024.75,-1.32,263.98,664994233567,730,970,192,-18976810065,-31008,221,-1.705684,-0.750055,0.207935,-0.254886,2025-12-11,2025-12-11,2025-12-11,2025-12-11,-5.833862077290075,0.009999999999999787,-0.020000000000000018,0.6199999999999997,-0.23755066327988406,-0.4453916766156141,2025-12-11,2025-12-11,2025-12-11,2025-12-11,-0.8971449440367985,-0.589598133313185,-0.040208370819982964,-0.8632753399911652,2025-12-11,2025-12-11,2025-12-11,2025-12-11,2025-12-11,-0.5721865252822811,-0.8580570442947022,-1.5507705530775517,0.004513823014451468,-1.5981805177147423
2025-12-12,2025-12-15,2025-12-12,2025-12-12,2025-12-12,2025-12-15,2025-12-12,2025-12-12,2025-12-12,2025-12-12,28198.02,0.62,265.37,590578877383,957,702,235,16623924500,-29032,-561,-4.202066,-5.098984,-1.066365,-1.689802,2025-12-12,2025-12-12,2025-12-12,2025-12-12,5.9932617291983625,0.05000000000000071,0.0,0.6700000000000004,0.33175603858714986,0.05084194461981717,2025-12-12,2025-12-12,2025-12-12,2025-12-12,1.371379156008934,1.375462520267745,1.7480234471302314,0.6317894085360987,2025-12-12,2025-12-12,2025-12-12,2025-12-12,2025-12-12,-4.7818830448610905,-4.521561344040526,-3.2664503634346365,-4.809643792057628,-11.428009695453534
2025-12-15,2025-12-16,2025-12-15,2025-12-15,2025-12-15,2025-12-16,2025-12-15,2025-12-15,2025-12-15,2025-12-15,27866.94,-1.17,265.16,521395910467,891,801,199,-48994972132,-33686,-235,-1.472407,-0.613624,-0.159656,-0.593916,2025-12-15,2025-12-15,2025-12-15,2025-12-15,4.828464040237068,-0.010000000000000675,-0.010000000000000231,0.6699999999999999,0.449008499969894,-0.25406503671064895,2025-12-15,2025-12-15,2025-12-15,2025-12-15,-1.3148834765094652,-1.8374640159806055,-1.3393041083250679,-0.630658171056131,2025-12-15,2025-12-15,2025-12-15,2025-12-15,2025-12-15,-0.4908511976681629,-0.3445163327474354,0.7256250615185866,-1.5181691653736284,-5.589974585783198
2025-12-16,2025-12-17,2025-12-16,2025-12-16,2025-12-16,2025-12-17,2025-12-16,2025-12-16,2025-12-16,2025-12-16,27536.66,-1.19,260.24,635047430591,409,1351,142,-59500908751,-34213,48,-0.302355,-0.457344,-0.238392,0.234418,2025-12-16,2025-12-16,2025-12-16,2025-12-16,-0.12121489553740261,-0.02999999999999936,-0.029999999999999805,0.6700000000000004,0.027453065033000712,0.0,2025-12-16,2025-12-16,2025-12-16,2025-12-16,-1.564380883149441,-2.2358682515971173,-1.5352629140693352,-1.197260126151245,2025-12-16,2025-12-16,2025-12-16,2025-12-16,2025-12-16,-0.607361329915479,-0.2720293203971269,0.811167955658898,0.765967975655335,0.43847745654337356
2025-12-17,2025-12-18,2025-12-17,2025-12-17,2025-12-17,2025-12-18,2025-12-17,2025-12-17,2025-12-17,2025-12-17,27525.17,-0.04,261.45,608400693860,849,848,204,-35433545584,-29032,-279,-3.454528,-3.781449,-1.159214,-1.809235,2025-12-17,2025-12-17,2025-12-17,2025-12-17,6.917483790429602,0.009999999999999787,0.010000000000000231,0.6699999999999999,0.4478345884427748,0.22414795444003488,2025-12-17,2025-12-17,2025-12-17,2025-12-17,0.2612061487778705,1.4323123023099127,0.9247685659953486,1.8303218444288838,2025-12-17,2025-12-17,2025-12-17,2025-12-17,2025-12-17,-3.7035789225543847,-3.6085730860178744,-3.8149891586355955,-5.287564017503432,-4.476999509465451
2025-12-18,2025-12-19,2025-12-18,2025-12-18,2025-12-18,2025-12-19,2025-12-18,2025-12-18,2025-12-18,2025-12-18,27468.53,-0.21,259.39,523860043293,621,1065,201,-26841406358,-28731,217,2.787407,2.513996,0.793426,1.379433,2025-12-18,2025-12-18,2025-12-18,2025-12-18,-4.256526471497213,-0.040000000000000036,-0.03000000000000025,0.6600000000000001,0.518285581531619,0.060991721986947134,2025-12-18,2025-12-18,2025-12-18,2025-12-18,-1.0316253606270642,-1.5259774945072357,0.11524526620558806,-0.5914968174528634,2025-12-18,2025-12-18,2025-12-18,2025-12-18,2025-12-18,2.387545944076752,2.361163187185289,1.8720000599854014,1.4890701828043085,1.1839813505971186
2025-12-19,2025-12-22,2025-12-19,2025-12-19,2025-12-19,2025-12-22,2025-12-19,2025-12-19,2025-12-19,2025-12-19,27696.35,0.83,262.64,653947427788,1229,472,195,-124354784,-24428,223,1.499937,2.975688,0.881806,1.309463,2025-12-19,2025-12-19,2025-12-19,2025-12-19,-11.618262562637515,0.040000000000000036,0.020000000000000018,0.6800000000000002,-0.37303888670811025,0.17270971087903764,2025-12-19,2025-12-19,2025-12-19,2025-12-19,1.032031544952705,0.6518957018217142,0.7545589853668044,0.3380374800222352,2025-12-19,2025-12-19,2025-12-19,2025-12-19,2025-12-19,2.660590599344781,2.586036281160009,3.933620149032113,6.152389966871752,3.1769068490443697
2025-12-22,2025-12-23,2025-12-22,2025-12-22,2025-12-22,2025-12-23,2025-12-22,2025-12-22,2025-12-22,2025-12-22,28149.64,1.64,266.85,588426137939,1228,492,177,22621542928,-25852,2,1.498524,1.099337,0.64365,0.520049,2025-12-22,2025-12-22,2025-12-22,2025-12-22,-5.5667332810208965,0.009999999999999787,-0.040000000000000036,0.73,-0.032362001212404845,-0.31439915151226794,2025-12-22,2025-12-22,2025-12-22,2025-12-22,1.8081804055375184,2.123593187902517,0.4330009440036475,0.9509244323713917,2025-12-22,2025-12-22,2025-12-22,2025-12-22,2025-12-22,1.344184254065528,0.9740900860922386,1.4917933953784823,0.7121793209120098,0.32025705205704913
2025-12-23,2025-12-24,2025-12-23,2025-12-23,2025-12-23,2025-12-24,2025-12-23,2025-12-23,2025-12-23,2025-12-23,28310.47,0.57,267.76,534755261364,672,992,239,-8174762559,-25441,147,1.251368,0.545376,0.455039,0.567718,2025-12-23,2025-12-23,2025-12-23,2025-12-23,-0.5681812794001595,0.009999999999999787,0.040000000000000036,0.6999999999999997,0.08982802507242482,-0.3560875682785736,2025-12-23,2025-12-23,2025-12-23,2025-12-23,0.02079359454987273,0.2773950834498162,-0.10708143957544047,0.19754149409005883,2025-12-23,2025-12-23,2025-12-23,2025-12-23,2025-12-23,0.36861345796685985,0.9619102968188686,3.0050651636426062,-0.02326264362304542,2.304874750572772
2025-12-24,2025-12-26,2025-12-24,2025-12-24,2025-12-24,2025-12-26,2025-12-24,2025-12-24,2025-12-24,2025-12-24,28371.98,0.22,269.75,551264208837,648,1034,219,-3801817255,-24484,64,0.622992,0.27601,0.322148,0.218449,2025-12-24,2025-12-24,2025-12-24,2025-12-24,-3.7857123783656577,-0.02999999999999936,-0.009999999999999787,0.6800000000000002,-0.13541653938790033,0.04084226519320833,2025-12-25,2025-12-24,2025-12-24,2025-12-25,0.12650439281538528,-0.2112953912415727,0.17377519255310503,0.18299245934509933,2025-12-24,2025-12-24,2025-12-24,2025-12-24,2025-12-24,0.3869436078250965,0.2781170160370161,-0.3171111898024437,0.0651462976382744,0.2576416688463645
2025-12-26,2025-12-29,2025-12-26,2025-12-26,2025-12-26,2025-12-29,2025-12-26,2025-12-26,2025-12-26,2025-12-26,28556.02,0.65,271.5,540496954762,821,863,216,8417223242,-23476,31,1.352078,0.045389,-0.030436,-0.085591,2025-12-26,2025-12-26,2025-12-26,2025-12-26,0.96510847708835,-0.010000000000000675,-0.010000000000000231,0.6799999999999997,0.2562756491433227,0.04081780441169691,2025-12-26,2025-12-26,2025-12-24,2025-12-26,0.6796599669848913,0.5125822780658096,0.17377519255310503,0.31664121771297626,2025-12-26,2025-12-26,2025-12-26,2025-12-26,2025-12-26,-0.03266678602288353,0.46406125202933524,1.0179726222003582,-0.023245812188166237,0.5453725245422758
2025-12-29,2025-12-30,2025-12-29,2025-12-29,2025-12-29,2025-12-30,2025-12-29,2025-12-29,2025-12-29,2025-12-29,28810.89,0.89,272.82,565285639818,911,801,197,9509908064,-22173,-154,-0.633993,-0.407486,-0.349205,-0.503325,2025-12-29,2025-12-29,2025-12-29,2025-12-29,4.411760374749107,-0.019999999999999574,-0.009999999999999787,0.6699999999999999,-0.602469435943731,0.020408358647250324,2025-12-29,2025-12-29,2025-12-29,2025-12-29,-0.4403291230824835,2.200651840921486,-0.7114904489589957,-0.3837061497408034,2025-12-29,2025-12-29,2025-12-29,2025-12-29,2025-12-29,-0.23526375656777176,-0.45099053259373134,-1.2124062212741427,0.2883832277529752,-0.7781189323207038
2025-12-30,2025-12-31,2025-12-30,2025-12-30,2025-12-30,2025-12-31,2025-12-30,2025-12-30,2025-12-30,2025-12-30,28707.13,-0.36,274.54,567720265024,618,1092,193,4472379809,-26259,4,-0.44531,-0.127746,-0.137567,-0.235446,2025-12-30,2025-12-30,2025-12-30,2025-12-30,0.9154937759653814,0.019999999999999574,0.0,0.6899999999999995,-0.1982110917127744,0.203995253340028,2025-12-30,2025-12-30,2025-12-30,2025-12-30,-0.37097333321376436,-0.1514049469747203,0.8557330541358654,0.25670872700214176,2025-12-30,2025-12-30,2025-12-30,2025-12-30,2025-12-30,-0.13100808557875432,-0.24710851365958852,-0.3612835671873982,-0.1252280838999198,0.1316555813825948
2025-12-31,2026-01-02,2025-12-31,2025-12-31,2025-12-31,2026-01-02,2025-12-31,2025-12-31,2025-12-31,2025-12-31,28963.6,0.89,276.24,661049004306,745,985,183,-518748905,-25059,-5,1.43869,-1.199177,-0.735767,-0.756178,2025-12-31,2025-12-31,2025-12-31,2025-12-31,4.326586802930965,0.040000000000000036,0.020000000000000018,0.7099999999999995,-0.23692492856227654,0.04071754519254789,2025-12-30,2025-12-30,2025-12-31,2025-12-31,-0.37097333321376436,-0.1514049469747203,-0.8666177402095743,-0.45879510018086433,2025-12-31,2025-12-31,2025-12-31,2025-12-31,2025-12-31,-1.2363962236750625,-0.8752835587103269,-0.5545448029029565,-0.5479672591475859,-1.0718879332791587
2026-01-02,2026-01-05,2026-01-02,2026-01-02,2026-01-02,2026-01-05,2026-01-02,2026-01-02,2026-01-02,2026-01-02,29349.81,1.33,278.03,786178485985,953,791,174,12017853596,-23154,297,5.172915,4.014332,0.189471,-0.027362,2026-01-02,2026-01-02,2026-01-02,2026-01-02,-2.943141043457509,0.010000000000000675,0.0,0.7200000000000002,0.1917140625415037,0.1424495231861167,2025-12-30,2026-01-02,2026-01-02,2025-12-31,-0.37097333321376436,2.2652138548563183,2.762063017475791,-0.45879510018086433,2026-01-02,2026-01-02,2026-01-02,2026-01-02,2026-01-02,4.164040776714173,3.6570079503488673,1.2600568919654886,4.347215819664707,0.43917624584417503
2026-01-05,2026-01-06,2026-01-05,2026-01-05,2026-01-05,2026-01-06,2026-01-05,2026-01-05,2026-01-05,2026-01-05,30105.04,2.57,275.66,892406392483,409,1397,115,-7643473164,-25101,-19,0.826011,1.072009,0.635413,0.689413,2026-01-05,2026-01-05,2026-01-05,2026-01-05,2.687797267378067,-0.020000000000000462,-0.010000000000000231,0.71,0.1763399560895884,-0.1524096003552189,2026-01-05,2026-01-05,2026-01-05,2026-01-05,2.966499253855104,3.431620365093524,0.033295521781973036,1.8965701435660343,2026-01-05,2026-01-05,2026-01-05,2026-01-05,2026-01-05,1.3930935264676592,1.1492120774729608,-0.38655597709008616,-1.0694945078055573,-1.208210617469585
2026-01-06,2026-01-07,2026-01-06,2026-01-06,2026-01-06,2026-01-07,2026-01-06,2026-01-06,2026-01-06,2026-01-06,30576.3,1.57,278.97,863975376082,985,744,189,2841412934,-29520,-24,1.607445,2.746006,0.619671,0.646909,2026-01-06,2026-01-06,2026-01-06,2026-01-06,-1.006708874970219,0.009999999999999787,0.010000000000000231,0.7099999999999995,0.3695945317161664,0.31546270334603665,2026-01-06,2026-01-06,2026-01-06,2026-01-06,1.3220920602806663,1.5246137008857907,1.3785465997350421,1.5460747476286452,2026-01-06,2026-01-06,2026-01-06,2026-01-06,2026-01-06,3.235241345628892,2.6563200499415185,-0.46778101576882003,-3.044144957390582,0.1019089081164326
2026-01-07,2026-01-08,2026-01-07,2026-01-07,2026-01-07,2026-01-08,2026-01-07,2026-01-07,2026-01-07,2026-01-07,30435.47,-0.46,281.44,968984983756,1058,680,180,-29509905222,-29422,-210,-2.672327,-0.994128,-0.343992,0.157596,2026-01-07,2026-01-07,2026-01-07,2026-01-07,4.2711872165486,-0.02999999999999936,0.0,0.6800000000000002,0.055600146772261105,0.10143890471057126,2026-01-07,2026-01-07,2026-01-07,2026-01-07,-1.0588690144494928,0.5652456366042946,-0.9415790724457529,-0.29265136551781534,2026-01-07,2026-01-07,2026-01-07,2026-01-07,2026-01-07,-1.053750994597924,-0.6707616057653465,0.9987155855193386,-2.0200614451877374,-0.07853769156711543
2026-01-08,2026-01-09,2026-01-08,2026-01-08,2026-01-08,2026-01-09,2026-01-08,2026-01-08,2026-01-08,2026-01-08,30360.55,-0.25,280.06,869336707560,665,1085,156,-678489220,-26047,0,-0.210237,-1.831979,0.007655,-0.442073,2026-01-08,2026-01-08,2026-01-08,2026-01-08,0.4551345533378326,0.040000000000000036,0.020000000000000018,0.7000000000000002,-0.13653985571981941,0.25334414189992494,2026-01-08,2026-01-08,2026-01-08,2026-01-08,-1.6256477185430107,0.02878579005514137,-1.1702606528893322,-0.8168875004855525,2026-01-08,2026-01-08,2026-01-08,2026-01-08,2026-01-08,-1.6344079032154402,-1.5687440132177821,-2.1521904241355916,-2.54262045902639,-3.208148184475068
2026-01-09,2026-01-12,2026-01-09,2026-01-09,2026-01-09,2026-01-12,2026-01-09,2026-01-09,2026-01-09,2026-01-09,30288.96,-0.24,279.85,805826984399,942,787,180,-8442363369,-26583,373,1.767238,2.725618,0.647549,0.814863,2026-01-09,2026-01-09,2026-01-09,2026-01-09,-6.213592556624336,-0.010000000000000675,0.04999999999999982,0.6399999999999997,0.304299038122946,0.2021600602701401,2026-01-09,2026-01-09,2026-01-09,2026-01-09,1.6092976786905133,0.7457589378129237,0.3154137294639092,0.4489571827738459,2026-01-09,2026-01-09,2026-01-09,2026-01-09,2026-01-09,2.8787823373135124,2.7019868957532944,-0.09727230993946678,-0.7377342978645784,3.7566138780260605
2026-01-12,2026-01-13,2026-01-12,2026-01-12,2026-01-12,2026-01-13,2026-01-12,2026-01-12,2026-01-12,2026-01-12,30567.29,0.92,286.57,733466805008,1142,626,151,-12166567091,-26892,371,2.515213,0.472066,0.157763,0.264247,2026-01-12,2026-01-12,2026-01-12,2026-01-12,4.347826945426525,0.010000000000000675,0.0,0.6500000000000004,0.15374978232687297,-0.2723662368073976,2026-01-09,2026-01-12,2026-01-12,2026-01-12,1.6092976786905133,0.8388035793012616,1.4360111136624942,0.6514083134180115,2026-01-12,2026-01-12,2026-01-12,2026-01-12,2026-01-12,0.47752519315285014,0.3699713367478541,0.04327698300905514,2.2247400271679707,2.098730384890213
2026-01-13,2026-01-14,2026-01-13,2026-01-13,2026-01-13,2026-01-14,2026-01-13,2026-01-13,2026-01-13,2026-01-13,30707.22,0.46,285.36,859497246409,685,1100,134,15741315371,-30117,86,-0.168791,0.953119,-0.193912,-0.101253,2026-01-13,2026-01-13,2026-01-13,2026-01-13,5.6878284602278395,-0.010000000000000675,-0.010000000000000231,0.6499999999999999,-0.07406428934867426,0.27311009649957363,2026-01-13,2026-01-13,2026-01-13,2026-01-13,3.0983306123394394,1.4670957401993645,0.9019313773172888,-0.6031444614932324,2026-01-13,2026-01-13,2026-01-13,2026-01-13,2026-01-13,0.8929867216435738,0.22269879410024007,0.47042019341549945,6.394144457215001,0.6814099414299113
2026-01-14,2026-01-15,2026-01-14,2026-01-14,2026-01-14,2026-01-15,2026-01-14,2026-01-14,2026-01-14,2026-01-14,30941.78,0.76,290.6,788531412539,1422,344,158,13282502115,-33957,-139,-1.237887,-0.600414,-0.533336,-1.004304,2026-01-14,2026-01-14,2026-01-14,2026-01-14,4.818526156577807,-0.02999999999999936,-0.020000000000000018,0.6400000000000006,0.1488727455515093,0.0,2026-01-14,2026-01-14,2026-01-14,2026-01-14,1.4791460971354864,0.6491007204911803,0.5636814305866045,-0.4011655090784827,2026-01-14,2026-01-14,2026-01-14,2026-01-14,2026-01-14,-0.42004018834648216,-0.812196430847123,-1.43695075831608,1.190209018547117,-4.151031079548295
2026-01-15,2026-01-16,2026-01-15,2026-01-15,2026-01-15,2026-01-16,2026-01-15,2026-01-15,2026-01-15,2026-01-15,30810.58,-0.42,291.16,772880552639,905,843,174,-210224483,-35130,285,4.44194,1.763684,0.257993,0.248254,2026-01-15,2026-01-15,2026-01-15,2026-01-15,-5.432834909923045,0.019999999999999574,0.050000000000000266,0.6099999999999999,-0.335893987830016,0.1916699754570983,2026-01-15,2026-01-15,2026-01-15,2026-01-15,-0.4245955911555743,1.576288994344921,-0.2821923736009979,0.20034036031402191,2026-01-15,2026-01-15,2026-01-15,2026-01-15,2026-01-15,1.6028946737124627,2.075446744410603,2.1349807115541353,1.9320178656121012,0.9208785872900194
2026-01-16,2026-01-19,2026-01-16,2026-01-16,2026-01-16,2026-01-19,2026-01-16,2026-01-16,2026-01-16,2026-01-16,31408.7,1.94,292.78,963437848586,758,1007,159,39916564467,-33249,-134,0.22245,1.149763,-0.06423,-0.062171,2026-01-16,2026-01-16,2026-01-16,2026-01-16,0.12625949429734273,0.07000000000000028,0.029999999999999805,0.6500000000000004,0.16978112646923726,0.07047895191230058,2026-01-16,2026-01-16,2026-01-16,2026-01-16,-0.3221706045961503,0.9002601629127582,-0.2921531563574664,-0.411666758641438,2026-01-16,2026-01-16,2026-01-16,2026-01-16,2026-01-16,1.5568471564543884,1.0040137608940292,-0.43838936692871533,1.7155158360483647,2.5333807707223377
2026-01-19,2026-01-20,2026-01-19,2026-01-19,2026-01-19,2026-01-20,2026-01-16,2026-01-16,2026-01-16,2026-01-16,31639.29,0.73,295.11,914688412974,995,788,149,-27794762468,-33726,-114,0.22245,1.149763,-0.06423,-0.062171,2026-01-16,2026-01-16,2026-01-19,2026-01-16,0.12625949429734273,0.07000000000000028,0.029999999999999805,0.6500000000000004,0.13876592712758207,0.07047895191230058,2026-01-19,2026-01-19,2026-01-19,2026-01-19,-0.6537385769927684,1.3204575907852512,-1.0469769262445916,0.05473192809313243,2026-01-16,2026-01-16,2026-01-16,2026-01-16,2026-01-16,1.5568471564543884,1.0040137608940292,-0.43838936692871533,1.7155158360483647,2.5333807707223377
2026-01-20,2026-01-21,2026-01-20,2026-01-20,2026-01-20,2026-01-21,2026-01-20,2026-01-20,2026-01-20,2026-01-20,31759.99,0.38,297.61,933094174863,687,1050,184,-3983496875,-32675,-437,-4.450932,-1.680501,-2.062676,-2.385971,2026-01-20,2026-01-20,2026-01-20,2026-01-20,26.67087381764075,0.05999999999999961,0.010000000000000231,0.6999999999999997,-0.1866616541035815,-0.7546030834145623,2026-01-20,2026-01-20,2026-01-20,2026-01-20,-1.1056910663935104,-0.38555487327501803,-0.2875730742724847,-0.329078252927395,2026-01-20,2026-01-20,2026-01-20,2026-01-20,2026-01-20,-1.4950200306414363,-2.4975647828731407,-4.381672442960616,0.03881997031436324,-5.433449664737012
2026-01-21,2026-01-22,2026-01-21,2026-01-21,2026-01-21,2026-01-22,2026-01-21,2026-01-21,2026-01-21,2026-01-21,31246.37,-1.62,293.16,1058453534094,438,1330,145,-44568289093,-24473,255,-0.31789,3.180316,1.158774,1.178427,2026-01-21,2026-01-21,2026-01-21,2026-01-21,-15.878549078292059,-0.040000000000000036,0.0,0.6599999999999997,0.4225198331249791,0.12165728641988505,2026-01-21,2026-01-21,2026-01-21,2026-01-21,-0.4084854458907494,0.4949122607839085,0.368289741516592,0.08879101630687725,2026-01-21,2026-01-21,2026-01-21,2026-01-21,2026-01-21,3.1984610492673093,2.9560126013304933,2.9482786455111043,7.7095571852271005,-1.142519014074883
2026-01-22,2026-01-23,2026-01-22,2026-01-22,2026-01-22,2026-01-23,2026-01-22,2026-01-22,2026-01-22,2026-01-22,31746.08,1.6,297.82,965919232874,1016,716,195,19278125481,-24293,149,0.383294,0.162895,0.54875,0.909369,2026-01-22,2026-01-22,2026-01-22,2026-01-22,-7.455617181351726,0.0,0.009999999999999787,0.6499999999999999,-0.13351674979606987,-0.4050238125016814,2026-01-22,2026-01-22,2026-01-22,2026-01-22,1.732366131105234,0.8676214905280588,0.16889331715392863,0.013553403666977104,2026-01-22,2026-01-22,2026-01-22,2026-01-22,2026-01-22,0.15223724851969322,0.2214352411255449,0.8291451848916997,1.573255655632222,-1.006690292421153
2026-01-23,2026-01-26,2026-01-23,2026-01-23,2026-01-23,2026-01-26,2026-01-23,2026-01-23,2026-01-23,2026-01-23,31961.51,0.68,299.26,950555451758,853,902,164,23208504577,-22666,79,2.290986,-1.207172,0.032687,0.278293,2026-01-23,2026-01-23,2026-01-23,2026-01-23,2.877236568970143,-0.019999999999999574,-0.009999999999999787,0.6400000000000001,-0.1769903822365304,-0.7726739848662456,2026-01-23,2026-01-23,2026-01-23,2026-01-23,0.29425169138517226,0.757997239613073,0.4489260363752745,-0.44901065291677034,2026-01-23,2026-01-23,2026-01-23,2026-01-23,2026-01-23,-1.1357506582587162,-0.6777247745122117,1.5310549053903832,2.345011251500373,-1.6713271082435033
2026-01-26,2026-01-27,2026-01-26,2026-01-26,2026-01-26,2026-01-27,2026-01-26,2026-01-26,2026-01-26,2026-01-26,32064.52,0.32,302.65,848211780604,1018,734,172,-1492774680,-26527,138,-0.645028,-0.388168,0.500608,0.426016,2026-01-26,2026-01-26,2026-01-26,2026-01-26,0.37289910113973423,-0.020000000000000462,-0.040000000000000036,0.6599999999999997,-0.6750241196508577,-0.5737679993327416,2026-01-26,2026-01-26,2026-01-26,2026-01-26,-1.7858439575361262,-0.8112107023489967,0.05985068797624837,0.09484233785219676,2026-01-26,2026-01-26,2026-01-26,2026-01-26,2026-01-26,-0.47575764309492063,-0.31742583551109815,-0.639418639074063,-3.2231959924759024,1.4997714399701323
2026-01-27,2026-01-28,2026-01-27,2026-01-27,2026-01-27,2026-01-28,2026-01-27,2026-01-27,2026-01-27,2026-01-27,32317.92,0.79,305.26,953874937815,711,1053,163,22278875956,-25318,191,1.692166,2.398627,0.40819,0.914101,2026-01-27,2026-01-27,2026-01-27,2026-01-27,1.2383948462139527,0.020000000000000462,-0.03000000000000025,0.7100000000000004,0.22218190498228818,-0.8450120435778086,2026-01-27,2026-01-27,2026-01-27,2026-01-27,0.8476636916720626,2.7327568177603068,1.3503555837129033,-0.02698173644538615,2026-01-27,2026-01-27,2026-01-27,2026-01-27,2026-01-27,2.33479437929327,2.1137336444929433,1.099374182623336,0.2864992350872342,2.4442057233257763
2026-01-28,2026-01-29,2026-01-28,2026-01-28,2026-01-28,2026-01-29,2026-01-28,2026-01-28,2026-01-28,2026-01-28,32803.82,1.5,309.28,1022277771063,823,938,164,33275865867,-27932,90,1.170418,2.335294,-0.008172,0.169414,2026-01-28,2026-01-28,2026-01-28,2026-01-28,0.0,0.019999999999999574,0.03000000000000025,0.6999999999999997,-1.050238363220013,0.23903110020910834,2026-01-28,2026-01-28,2026-01-28,2026-01-28,0.047197083565930775,1.6905112104901754,2.5803157290396284,0.26139191323502065,2026-01-28,2026-01-28,2026-01-28,2026-01-28,2026-01-28,2.6717572181750526,2.3032547287446192,1.5913430575061005,0.2817151598246692,0.13521490366270594
2026-01-29,2026-01-30,2026-01-29,2026-01-29,2026-01-29,2026-01-30,2026-01-29,2026-01-29,2026-01-29,2026-01-29,32536.27,-0.82,305.48,1119028171443,466,1305,149,14659217084,-32702,-331,-0.803389,0.164317,-0.129263,-0.722332,2026-01-29,2026-01-29,2026-01-29,2026-01-29,3.2415826723621866,-0.019999999999999574,-0.03000000000000025,0.7100000000000004,0.5120485824171128,-0.1762552351728286,2026-01-29,2026-01-29,2026-01-29,2026-01-29,0.03165485954070846,0.9754746516441815,0.5073494926575162,0.7604908240606667,2026-01-29,2026-01-29,2026-01-29,2026-01-29,2026-01-29,0.18587733552057895,0.21361498702181514,0.5169121826911649,-0.22157664208721783,-0.7532046937948733
2026-01-30,2026-02-02,2026-01-30,2026-01-30,2026-01-30,2026-02-02,2026-01-30,2026-01-30,2026-01-30,2026-01-30,32063.75,-1.45,300.78,1042397321929,326,1495,104,-51239194984,-32670,-363,-2.647619,-3.869043,-0.43019,-0.942781,2026-01-30,2026-01-30,2026-01-30,2026-01-30,3.3175438455743667,0.019999999999999574,-0.009999999999999787,0.7399999999999998,0.29453572698179276,0.7374315470237924,2026-01-30,2026-01-30,2026-01-30,2026-01-30,-0.09882792597332157,0.05956166207805591,-2.0772976345391436,-0.9998227184553343,2026-01-30,2026-01-30,2026-01-30,2026-01-30,2026-01-30,-4.106559103183938,-3.3675028570029353,-0.716840508753136,-6.126575222843189,0.17233900393278656
2026-02-02,2026-02-03,2026-02-02,2026-02-02,2026-02-02,2026-02-03,2026-02-02,2026-02-02,2026-02-02,2026-02-02,31624.03,-1.37,294.32,832371869715,313,1518,89,-48050347608,-27673,625,3.267179,1.700575,0.539127,0.555324,2026-02-02,2026-02-02,2026-02-02,2026-02-02,-6.307341443720693,0.03000000000000025,0.04999999999999982,0.7200000000000002,0.7056381660207167,0.6392440047816805,2026-02-02,2026-02-02,2026-02-02,2026-02-02,-1.252130850911859,-5.257867922477422,-2.232944901655942,-2.1324397857610644,2026-02-02,2026-02-02,2026-02-02,2026-02-02,2026-02-02,1.8452252017570725,1.117833208036223,-2.8880888041861397,4.029911171840594,-0.05735057301752278
2026-02-03,2026-02-04,2026-02-03,2026-02-03,2026-02-03,2026-02-04,2026-02-03,2026-02-03,2026-02-03,2026-02-03,32195.36,1.81,298.26,947092756285,1117,599,206,7267812207,-26496,-179,-1.643422,-2.067249,-0.840398,-1.428104,2026-02-03,2026-02-03,2026-02-03,2026-02-03,10.159117698350828,-0.009999999999999787,0.0,0.7100000000000004,-0.018679128920895405,-0.17416060637467368,2026-02-03,2026-02-03,2026-02-03,2026-02-03,3.922653917446106,6.8370247226870795,0.2210941468625327,1.175208816408957,2026-02-03,2026-02-03,2026-02-03,2026-02-03,2026-02-03,-1.9989190916008481,-2.5222463696185304,-2.839288968876297,-1.6892043651028477,-3.2557153985709575
2026-02-04,2026-02-05,2026-02-04,2026-02-04,2026-02-04,2026-02-05,2026-02-04,2026-02-04,2026-02-04,2026-02-04,32289.81,0.29,301.52,803186723349,1385,397,135,12066044162,-25699,-513,-2.981388,-4.357966,-0.507239,-1.507661,2026-02-04,2026-02-04,2026-02-04,2026-02-04,3.555552164713549,0.009999999999999787,0.0,0.7200000000000002,-0.012352394174863779,0.184729372604453,2026-02-04,2026-02-04,2026-02-04,2026-02-04,-0.7808765099505011,1.5699463378906708,0.0467705945280672,0.8276695964597236,2026-02-04,2026-02-04,2026-02-04,2026-02-04,2026-02-04,-4.415000902353993,-3.9378404623127694,-3.410221815110581,-17.314443047898198,-3.833546434631574
2026-02-05,2026-02-06,2026-02-05,2026-02-05,2026-02-05,2026-02-06,2026-02-05,2026-02-05,2026-02-05,2026-02-05,31801.27,-1.51,296.36,808149816179,591,1176,152,-72694499199,-26743,-142,1.531903,-0.059324,-1.225102,-1.589159,2026-02-05,2026-02-05,2026-02-05,2026-02-05,16.79185177362963,-0.08000000000000007,-0.09999999999999964,0.7399999999999998,0.26573312511892766,0.2048729180651243,2026-02-05,2026-02-05,2026-02-05,2026-02-05,-0.8754667568403707,-3.8638317972896963,0.14124285565044747,-0.6014508936342144,2026-02-05,2026-02-05,2026-02-05,2026-02-05,2026-02-05,0.13620124789717192,-0.2486732937472369,-1.3261367048724715,-3.8413518895165866,0.7985788249112113
2026-02-06,2026-02-09,2026-02-06,2026-02-06,2026-02-06,2026-02-09,2026-02-06,2026-02-06,2026-02-06,2026-02-06,31782.92,-0.06,290.72,804308145822,329,1485,108,-7152994630,-25102,850,5.478788,5.699284,1.96958,2.176612,2026-02-06,2026-02-06,2026-02-06,2026-02-06,-6.430866279706493,0.009999999999999787,0.029999999999999805,0.7199999999999998,-0.026220914336294587,-0.19423680433348078,2026-02-06,2026-02-06,2026-02-06,2026-02-06,0.8094695246961381,-1.4414385790020967,-1.2099241546262518,-0.5742486685861636,2026-02-06,2026-02-06,2026-02-06,2026-02-06,2026-02-06,5.344141677283365,5.400578942639256,7.871770069195438,8.280520748782472,7.2171598200729825
2026-02-09,2026-02-10,2026-02-09,2026-02-09,2026-02-09,2026-02-10,2026-02-09,2026-02-09,2026-02-09,2026-02-09,32404.62,1.96,296.62,743316367315,998,757,166,24768616529,-23585,262,1.880464,1.415894,0.469109,0.900773,2026-02-09,2026-02-09,2026-02-09,2026-02-09,-14.776632817238088,0.0,-0.020000000000000018,0.7399999999999998,-0.2331814588317105,-0.8296605360863074,2026-02-09,2026-02-09,2026-02-09,2026-02-09,3.889619526094923,4.104817252653592,1.7590806881896182,1.6250314271374577,2026-02-09,2026-02-09,2026-02-09,2026-02-09,2026-02-09,1.2223405723444714,1.2448649510719667,2.4971627919608386,3.626941791424576,3.3101010961192667
2026-02-10,2026-02-11,2026-02-10,2026-02-10,2026-02-10,2026-02-11,2026-02-10,2026-02-10,2026-02-10,2026-02-10,33072.97,2.06,296.52,771575012724,922,817,188,55710830864,-24884,-41,1.828874,-0.679322,-0.330371,-0.586089,2026-02-10,2026-02-10,2026-02-10,2026-02-10,2.476960196184419,-0.05999999999999961,-0.029999999999999805,0.71,-0.043710449322398315,-0.02065342194735864,2026-02-10,2026-02-10,2026-02-10,2026-02-10,2.2826609072220228,0.0688915583279659,0.5771610242185421,0.11103368104434796,2026-02-10,2026-02-10,2026-02-10,2026-02-10,2026-02-10,-0.37984986807897414,-0.4647692510086454,-0.7893075420927542,-1.124996609157991,-1.0176193449891735
2026-02-11,2026-02-23,2026-02-11,2026-02-11,2026-02-11,2026-02-23,2026-02-20,2026-02-20,2026-02-20,2026-02-20,33605.71,1.61,297.71,760312577988,964,805,166,52360064736,-27665,255,2.816392,1.065911,0.693972,0.896452,2026-02-20,2026-02-20,2026-02-20,2026-02-20,-5.635192365023734,0.0,0.009999999999999787,0.6000000000000001,0.1582666624481588,-0.13274507608788122,2026-02-20,2026-02-20,2026-02-20,2026-02-13,-1.1173711051917334,2.3123833749834954,-1.0955983939960667,-1.2537115780543617,2026-02-20,2026-02-20,2026-02-20,2026-02-20,2026-02-20,1.0088793769213344,1.1774710942299649,1.0218272964884312,-1.5833216787204396,-0.40120853231269127
2026-02-23,2026-02-24,2026-02-23,2026-02-23,2026-02-23,2026-02-24,2026-02-23,2026-02-23,2026-02-23,2026-02-23,33773.26,0.5,303.83,1017694167420,1420,403,112,8352180152,-30852,56,-0.134938,-0.568494,-1.038565,-1.130822,2026-02-23,2026-02-23,2026-02-23,2026-02-23,10.0576221107765,-0.04999999999999982,-0.04999999999999982,0.6000000000000001,-0.21533548382927092,-0.10225572637528879,2026-02-20,2026-02-23,2026-02-23,2026-02-13,-1.1173711051917334,0.646636239857723,2.5311463966603664,-1.2537115780543617,2026-02-23,2026-02-23,2026-02-23,2026-02-23,2026-02-23,-0.7261456764173779,-0.5180333717581975,0.9113874516842646,-1.773663702835171,-0.6944228471300051
2026-02-24,2026-02-25,2026-02-24,2026-02-24,2026-02-24,2026-02-25,2026-02-24,2026-02-24,2026-02-24,2026-02-24,34700.82,2.75,311.44,959732679689,994,760,180,62733556548,-29372,378,4.245485,1.447379,0.765161,1.044802,2026-02-24,2026-02-24,2026-02-24,2026-02-24,-6.949076515545527,0.009999999999999787,0.0,0.6099999999999999,-0.24182185904723097,0.18423777973211042,2026-02-24,2026-02-24,2026-02-24,2026-02-24,0.8717721590947747,2.113383411321279,-1.8151963466157106,1.0112818664532064,2026-02-24,2026-02-24,2026-02-24,2026-02-24,2026-02-24,1.462922794001309,1.5210227439033552,0.6786755578419568,8.76906902296719,-1.4681861588915046
2026-02-25,2026-02-26,2026-02-25,2026-02-25,2026-02-25,2026-02-26,2026-02-25,2026-02-25,2026-02-25,2026-02-25,35413.07,2.05,313.24,1142772589493,868,885,182,41148172059,-35753,166,0.513289,1.621271,0.813636,1.261391,2026-02-25,2026-02-25,2026-02-25,2026-02-25,-8.2864398726613,0.009999999999999787,0.020000000000000018,0.5999999999999996,-0.18355200278042938,-0.18389896835586672,2026-02-25,2026-02-25,2026-02-25,2026-02-25,2.201687465189761,1.9133435843132984,0.6596400064520669,0.6022274355821811,2026-02-25,2026-02-25,2026-02-25,2026-02-25,2026-02-25,1.6462245371808404,1.670006665436241,1.4052327556699717,-1.393563308348711,2.0953047801279157
2026-03-02,2026-03-03,2026-03-02,2026-03-02,2026-03-02,2026-03-03,2026-03-02,2026-03-02,2026-03-02,2026-03-02,35095.09,-0.9,316.01,1096220683276,634,1157,141,-38988677076,-41274,-63,-1.460303,0.481452,0.039835,0.355778,2026-03-02,2026-03-02,2026-03-02,2026-03-02,7.9556892001429125,0.07999999999999963,0.0900000000000003,0.5799999999999996,0.4102837192432096,0.7888501570040507,2026-03-02,2026-02-27,2026-03-02,2026-03-02,-1.3475405572762833,-1.0010691871955468,-2.1429887385517543,0.3825378643036892,2026-03-02,2026-03-02,2026-03-02,2026-03-02,2026-03-02,-0.06813158083719406,0.004926429483109729,2.985491965260345,-0.7941718911942619,-0.22844014915842648
2026-03-03,2026-03-04,2026-03-03,2026-03-03,2026-03-03,2026-03-04,2026-03-03,2026-03-03,2026-03-03,2026-03-03,34323.65,-2.2,308.81,1206390465308,346,1471,121,-94708130956,-40421,-783,-4.329328,-4.577406,-0.944403,-1.020578,2026-03-03,2026-03-03,2026-03-03,2026-03-03,9.934697330735043,0.009999999999999787,0.03999999999999959,0.5499999999999998,0.5099596730266498,0.681038643062748,2026-03-03,2026-03-03,2026-03-03,2026-03-03,-3.062817923556449,-7.2423177456201415,-1.1196132580329143,-1.5389109566437131,2026-03-03,2026-03-03,2026-03-03,2026-03-03,2026-03-03,-4.905550237890621,-3.7722425594303832,-1.3316488013346284,-3.8616445259803567,-1.562013321599287
2026-03-04,2026-03-05,2026-03-04,2026-03-04,2026-03-04,2026-03-05,2026-03-04,2026-03-04,2026-03-04,2026-03-04,32828.88,-4.35,293.8,1113424991903,124,1760,47,-96615044471,-41633,864,1.220513,1.926625,0.775605,1.291447,2026-03-04,2026-03-04,2026-03-04,2026-03-04,-10.267289383229638,0.03000000000000025,0.03000000000000025,0.5499999999999998,0.6310429867452783,-0.2826919738155853,2026-03-04,2026-03-04,2026-03-04,2026-03-04,-3.613265843189184,-12.057682152301597,-2.0125659645681138,-1.1441401372145998,2026-03-04,2026-03-04,2026-03-04,2026-03-04,2026-03-04,2.019239437921594,2.0559526914325277,1.6606443675068805,5.823519535845123,1.1757591398368072
2026-03-05,2026-03-06,2026-03-05,2026-03-05,2026-03-05,2026-03-06,2026-03-05,2026-03-05,2026-03-05,2026-03-05,33672.94,2.57,304.21,870629293657,1573,265,92,-51495123598,-41134,-378,-1.001571,-1.171526,-0.56467,-0.256452,2026-03-05,2026-03-05,2026-03-05,2026-03-05,12.29314623340121,0.040000000000000036,0.029999999999999805,0.56,-0.32772450369655814,0.5568523544102311,2026-03-05,2026-03-05,2026-03-05,2026-03-05,1.9034183254412085,9.627093524752262,0.2845974398916207,0.9790067796243251,2026-03-05,2026-03-05,2026-03-05,2026-03-05,2026-03-05,-1.1067513862873524,-0.9396141174268346,0.1639002746732121,-1.2965854807798327,4.799543442497778
2026-03-06,2026-03-09,2026-03-06,2026-03-06,2026-03-06,2026-03-09,2026-03-06,2026-03-06,2026-03-06,2026-03-06,33599.54,-0.22,306.49,736654262984,1029,730,167,-35236485371,-38930,-1030,-4.230479,-3.925198,-1.32768,-1.588249,2026-03-06,2026-03-06,2026-03-06,2026-03-06,24.168420088918595,0.020000000000000462,-0.009999999999999787,0.5900000000000003,0.8722728245506239,-0.3322612082850118,2026-03-06,2026-03-06,2026-03-06,2026-03-06,0.6201036337386112,0.01737521912494877,1.7216672634232877,0.2743298318248488,2026-03-06,2026-03-06,2026-03-06,2026-03-06,2026-03-06,-4.218971929177828,-3.7409911006930363,-3.010793675101142,-3.519681313548806,-0.6881564152257935
2026-03-09,2026-03-10,2026-03-09,2026-03-09,2026-03-09,2026-03-10,2026-03-09,2026-03-09,2026-03-09,2026-03-09,32110.42,-4.43,288.96,840793795227,139,1751,37,-120817164664,-40462,1512,2.894744,3.934396,0.830416,1.376961,2026-03-09,2026-03-09,2026-03-09,2026-03-09,-13.530009501817219,-0.03000000000000025,0.0,0.56,-0.3247034292450657,0.19194105011268725,2026-03-09,2026-03-09,2026-03-09,2026-03-09,-5.199707702858392,-5.962537946499213,-1.3542889709921346,-0.965144514987093,2026-03-09,2026-03-09,2026-03-09,2026-03-09,2026-03-09,3.9751429517989934,3.6288621103607976,2.716222232214349,5.326612477333437,4.620548446515138
2026-03-10,2026-03-11,2026-03-10,2026-03-10,2026-03-10,2026-03-11,2026-03-10,2026-03-10,2026-03-10,2026-03-10,32771.87,2.06,297.53,799641729435,1383,451,98,-25085977065,-36856,388,-0.461719,0.700607,-0.213512,0.005069,2026-03-10,2026-03-10,2026-03-10,2026-03-10,-2.2352929208792838,0.03000000000000025,0.009999999999999787,0.5800000000000005,-0.0009416103239789919,-0.35289218899390296,2026-03-10,2026-03-10,2026-03-10,2026-03-10,2.882057275476657,5.345138404009742,2.170298525681802,1.2848081272371248,2026-03-10,2026-03-10,2026-03-10,2026-03-10,2026-03-10,0.7253924181186866,0.7505620335539476,1.1606955635476535,0.2713652415794243,-0.916851316770606
2026-03-11,2026-03-12,2026-03-11,2026-03-11,2026-03-11,2026-03-12,2026-03-11,2026-03-11,2026-03-11,2026-03-11,34114.19,4.1,311.5,781448710247,1586,272,75,37180947646,-40958,-297,2.15218,0.628722,-0.08376,0.083849,2026-03-11,2026-03-11,2026-03-11,2026-03-11,-2.8078650395929716,0.05999999999999961,0.07000000000000028,0.5699999999999998,-0.0883622645329818,0.40473694067384436,2026-03-11,2026-03-11,2026-03-11,2026-03-11,1.4322645516269716,1.3982665215982237,-0.2355194899826385,0.6361874377735832,2026-03-11,2026-03-11,2026-03-11,2026-03-11,2026-03-11,0.9680938587798504,0.9312189696405682,0.6819258958169261,0.787288361537275,-0.2948156015044501
2026-03-12,2026-03-13,2026-03-12,2026-03-12,2026-03-12,2026-03-13,2026-03-12,2026-03-12,2026-03-12,2026-03-12,33581.86,-1.56,311.59,889476925661,685,1113,128,-71127587063,-43064,-1070,-5.034411,-3.429118,-1.522768,-1.779134,2026-03-12,2026-03-12,2026-03-12,2026-03-12,12.628978254650814,0.05999999999999961,0.11999999999999966,0.5099999999999998,0.11834075149077528,0.5139519193620101,2026-03-12,2026-03-12,2026-03-12,2026-03-12,-1.0402658716735402,-0.47594353573423565,-0.7027363535823228,-0.3600795282442393,2026-03-12,2026-03-12,2026-03-12,2026-03-12,2026-03-12,-3.478614991340012,-3.2167154416754107,-1.5535125563684415,-3.4614052016357033,-1.6394899971999277
2026-03-13,2026-03-16,2026-03-13,2026-03-13,2026-03-13,2026-03-16,2026-03-13,2026-03-13,2026-03-13,2026-03-13,33400.32,-0.54,312.9,841368190637,752,1023,158,-58017304543,-40347,-489,0.475188,0.045403,-0.605912,-0.926054,2026-03-13,2026-03-13,2026-03-13,2026-03-13,-0.36643597696923713,0.010000000000000675,-0.029999999999999805,0.5500000000000003,0.26499563387061276,0.6216189691811147,2026-03-13,2026-03-13,2026-03-13,2026-03-13,-1.163116847267398,-1.7196035575157809,-0.9766399754051469,-0.3929532986191919,2026-03-13,2026-03-13,2026-03-13,2026-03-13,2026-03-13,0.34222867877806706,-0.2061212223951725,-1.5780274103308733,-2.1998614254443383,-4.110485313693757
2026-03-16,2026-03-17,2026-03-16,2026-03-16,2026-03-16,2026-03-17,2026-03-16,2026-03-16,2026-03-16,2026-03-16,33342.51,-0.17,317.19,851246326595,964,804,163,-43825438238,-38512,421,0.567531,1.956416,1.013088,1.216087,2026-03-16,2026-03-16,2026-03-16,2026-03-16,-13.534388499059757,-0.04999999999999982,-0.04999999999999982,0.5500000000000003,0.8380462709563163,-0.6476699102489492,2026-03-16,2026-03-16,2026-03-16,2026-03-16,-0.12720444888959515,1.1410082410649336,1.4467357043474793,0.05182799839245078,2026-03-16,2026-03-16,2026-03-16,2026-03-16,2026-03-16,1.964861494668635,1.7013985707092116,1.647712189016981,1.6495177886520107,0.8567201807334834
2026-03-17,2026-03-18,2026-03-17,2026-03-17,2026-03-17,2026-03-18,2026-03-17,2026-03-17,2026-03-17,2026-03-17,33836.57,1.48,321.03,989759879854,1221,557,153,472382101,-36158,300,1.690033,0.520634,0.249425,0.470854,2026-03-17,2026-03-17,2026-03-17,2026-03-17,-4.848997782007491,-0.03000000000000025,0.0,0.52,-0.6781109201310698,-0.13037534310660348,2026-03-17,2026-03-17,2026-03-17,2026-03-17,-0.09443112189317926,1.6330149682920903,0.13362044264246808,-0.7303795040531025,2026-03-17,2026-03-17,2026-03-17,2026-03-17,2026-03-17,0.7163406221835533,0.7514194136320818,-0.704076266961684,-0.13735083423845884,-1.1110475563068212
2026-03-18,2026-03-19,2026-03-18,2026-03-18,2026-03-18,2026-03-19,2026-03-18,2026-03-18,2026-03-18,2026-03-18,34348.58,1.51,329.4,1056258559653,1013,756,164,9020754435,-34549,-661,-1.852709,-0.532105,-1.360757,-1.455143,2026-03-18,2026-03-18,2026-03-18,2026-03-18,12.159138181989015,0.05999999999999961,0.07999999999999963,0.5,-0.18782115046350745,0.5121455085943749,2026-03-18,2026-03-18,2026-03-18,2026-03-18,2.8659154888596383,5.044779977463065,0.6064542686232244,0.45046700297353137,2026-03-18,2026-03-18,2026-03-18,2026-03-18,2026-03-18,-0.5760445128811575,-0.8088065449469939,-0.8409821584632771,1.604609645177768,-1.6743969760329103
2026-03-19,2026-03-20,2026-03-19,2026-03-19,2026-03-19,2026-03-20,2026-03-19,2026-03-19,2026-03-19,2026-03-19,33689.68,-1.92,329.79,1037958228213,469,1341,110,-90947630537,-40825,223,-0.229702,0.874519,-0.27488,-0.278662,2026-03-19,2026-03-19,2026-03-19,2026-03-19,-4.105223915430189,-0.009999999999999787,0.03000000000000025,0.45999999999999996,0.45852337777712027,-0.8592197146793823,2026-03-19,2026-03-19,2026-03-19,2026-03-19,-3.37959362394622,-2.7309494834587222,-2.0166431332347523,-1.6117380448750884,2026-03-19,2026-03-19,2026-03-19,2026-03-19,2026-03-19,0.5646054018340063,0.3175248196112479,-1.0199536586162128,2.9128634127283615,1.2376171154227622
2026-03-20,2026-03-23,2026-03-20,2026-03-20,2026-03-20,2026-03-23,2026-03-20,2026-03-20,2026-03-20,2026-03-20,33543.88,-0.43,328.4,1210134774946,781,991,147,-40311039107,-36366,-822,-2.818861,-2.450497,-1.513818,-2.005732,2026-03-20,2026-03-20,2026-03-20,2026-03-20,11.305075981208423,0.13999999999999968,0.08999999999999986,0.5099999999999998,-0.7152438188559485,0.4232572354498032,2026-03-19,2026-03-20,2026-03-20,2026-03-20,-3.37959362394622,0.3119780226762847,-0.8755085764363346,-0.35411510322914674,2026-03-20,2026-03-20,2026-03-20,2026-03-20,2026-03-20,-2.260435674742556,-2.5777430485229624,-3.2818104225324163,-1.9194243481266637,-2.9170793769047854
2026-03-23,2026-03-24,2026-03-23,2026-03-23,2026-03-23,2026-03-24,2026-03-23,2026-03-23,2026-03-23,2026-03-23,32722.5,-2.45,317.02,800642572317,298,1546,82,-83922601792,-37717,1059,2.797358,1.33653,1.14532,1.38191,2026-03-23,2026-03-23,2026-03-23,2026-03-23,-2.3525057952272554,-0.04999999999999982,-0.04999999999999982,0.5099999999999998,0.6905285819817086,-0.7024631880762522,2026-03-23,2026-03-23,2026-03-23,2026-03-23,-3.4793983445370102,-6.494329596420512,-3.540128456308256,-3.2629596299984076,2026-03-23,2026-03-23,2026-03-23,2026-03-23,2026-03-23,1.227026691660038,1.7206412863801201,1.7023755028133358,0.6705363495001615,3.864609713889
2026-03-24,2026-03-25,2026-03-24,2026-03-24,2026-03-24,2026-03-25,2026-03-24,2026-03-24,2026-03-24,2026-03-24,32612.24,-0.34,312.74,839171313689,743,1008,172,-12305739413,-34108,678,1.418227,1.281081,-0.374257,-0.842353,2026-03-24,2026-03-24,2026-03-24,2026-03-24,3.059277843515873,0.04999999999999982,0.06999999999999984,0.48999999999999977,-0.49873146018064585,0.48509688907283355,2026-03-24,2026-03-24,2026-03-24,2026-03-24,1.4302358248600155,2.74096881792536,2.7939754041730103,1.2838437040233242,2026-03-24,2026-03-24,2026-03-24,2026-03-24,2026-03-24,1.3161391378174292,0.825329902704941,-0.2505138026276832,1.3272165673053449,-1.308486897436112
2026-03-25,2026-03-26,2026-03-25,2026-03-25,2026-03-25,2026-03-26,2026-03-25,2026-03-25,2026-03-25,2026-03-25,33439.11,2.54,324.87,758143248450,1483,319,124,37474763788,-35947,177,1.310998,1.207209,0.541912,0.771669,2026-03-25,2026-03-25,2026-03-25,2026-03-25,-6.011134669284157,-0.05999999999999961,-0.06000000000000005,0.4900000000000002,0.20024107948439784,0.17097271288699645,2026-03-25,2026-03-25,2026-03-25,2026-03-25,2.865597076204218,1.5896887298420648,1.0861850502859038,1.4023223126184092,2026-03-25,2026-03-25,2026-03-25,2026-03-25,2026-03-25,1.2403997192547367,1.1226824594883666,1.9862989658425256,7.255202565872021,0.16336956854192675
2026-03-26,2026-03-27,2026-03-26,2026-03-26,2026-03-26,2026-03-27,2026-03-26,2026-03-26,2026-03-26,2026-03-26,33337.62,-0.3,322.8,958728620585,628,1108,153,-7920352703,-37065,-634,-6.222865,-4.79282,-1.740617,-2.379136,2026-03-26,2026-03-26,2026-03-26,2026-03-26,8.330045861456314,0.08999999999999986,0.1200000000000001,0.45999999999999996,0.03163401045052083,0.301207887905508,2026-03-26,2026-03-26,2026-03-26,2026-03-26,-0.27157894935742055,-3.2212555232489226,-1.8926448230135007,-1.3210098766359368,2026-03-26,2026-03-26,2026-03-26,2026-03-26,2026-03-26,-4.7501792603865,-4.556160888260241,-4.163861365338873,-7.490806591890964,-2.945322983208387
2026-03-27,2026-03-30,2026-03-27,2026-03-27,2026-03-27,2026-03-30,2026-03-27,2026-03-27,2026-03-27,2026-03-27,33112.59,-0.68,325,794131308725,773,919,198,-36355548400,-39919,-882,0.193188,-1.689987,-1.672184,-2.147417,2026-03-27,2026-03-27,2026-03-29,2026-03-27,13.155971693667867,0.020000000000000462,-0.08000000000000007,0.5600000000000005,0.14719379020335932,0.2502502464279077,2026-03-27,2026-03-27,2026-03-27,2026-03-27,-0.43015378938029425,-0.395385075697785,0.3840099848410716,0.5592377999474651,2026-03-27,2026-03-27,2026-03-27,2026-03-27,2026-03-27,-1.6329618420311443,-1.7303845187635725,-2.172390271764868,-0.8735332688695641,-2.8246462325212107
2026-03-30,2026-03-31,2026-03-30,2026-03-30,2026-03-30,2026-03-31,2026-03-30,2026-03-30,2026-03-30,2026-03-30,32518.16,-1.8,320.4,785213255242,432,1374,109,-63936723763,-37282,-449,-3.133987,-4.228396,-0.394575,-0.733799,2026-03-30,2026-03-30,2026-03-30,2026-03-30,-1.4170648551379394,-0.09000000000000075,-0.06000000000000005,0.5299999999999998,0.1938961860005195,0.3594614127474971,2026-03-30,2026-03-30,2026-03-30,2026-03-30,-2.7864590537743372,-2.9706595123391133,-0.8059183915165469,-0.2358570620965894,2026-03-30,2026-03-30,2026-03-30,2026-03-30,2026-03-30,-4.232101513680508,-3.131596852559282,-1.4028211816980884,-2.945696343986992,-2.417849271903838
2026-03-31,2026-04-01,2026-03-31,2026-03-31,2026-03-31,2026-04-01,2026-03-31,2026-03-31,2026-03-31,2026-03-31,31722.99,-2.45,307.73,993835908674,249,1587,90,-80745514607,-37214,1130,6.777255,6.242642,2.913114,3.827862,2026-03-31,2026-03-31,2026-03-31,2026-03-31,-17.510619090085676,-0.04999999999999982,-0.029999999999999805,0.5099999999999998,-0.31555578204207624,-0.5472122575545746,2026-03-31,2026-03-31,2026-03-31,2026-03-31,-1.5845028803462613,-4.2605092011313905,0.1509105928125365,-0.9327884059962321,2026-03-31,2026-03-31,2026-03-31,2026-03-31,2026-03-31,6.09122134242468,5.756763629895589,5.588179348466227,3.769638666974573,5.48720422022706
2026-04-01,2026-04-02,2026-04-01,2026-04-01,2026-04-01,2026-04-02,2026-04-01,2026-04-01,2026-04-01,2026-04-01,33174.82,4.58,321.19,743277794644,1619,209,96,23251318053,-31373,178,1.047486,2.821616,0.716852,1.159384,2026-04-01,2026-04-01,2026-04-01,2026-04-01,-2.8118775622679504,0.03000000000000025,0.020000000000000018,0.52,0.20069684313648306,-0.3101216100770299,2026-04-01,2026-04-01,2026-04-01,2026-04-01,5.240434897820667,8.436291186282062,2.040849612434381,1.708295926287695,2026-04-01,2026-04-01,2026-04-01,2026-04-01,2026-04-01,3.0061476214702454,2.2352653783642484,0.7740860956204632,3.332848784442355,1.2858971739763136
2026-04-02,2026-04-07,2026-04-02,2026-04-02,2026-04-02,2026-04-07,2026-04-06,2026-04-06,2026-04-06,2026-04-06,32572.43,-1.82,317.9,819279309478,430,1353,139,-38695561840,-34855,372,0.802266,1.055989,0.442678,0.535487,2026-04-06,2026-04-06,2026-04-06,2026-04-06,1.2568044680059565,-0.009999999999999787,0.0,0.5,-0.15330159053532633,-0.04998042884474252,2026-04-06,2026-04-06,2026-04-02,2026-04-03,0.546258191317639,1.3581216612441382,-0.7017466371873393,-0.8511025195338195,2026-04-06,2026-04-06,2026-04-06,2026-04-06,2026-04-06,1.322110934784515,0.9329128246790441,0.14093240930164175,1.2321805405890895,-0.03814818688420152
2026-04-07,2026-04-08,2026-04-07,2026-04-07,2026-04-07,2026-04-08,2026-04-07,2026-04-07,2026-04-07,2026-04-07,33229.82,2.02,325.61,706998377439,904,831,194,10096606744,-31350,318,1.041666,1.108629,0.075925,0.097788,2026-04-07,2026-04-07,2026-04-07,2026-04-07,6.661152690399286,-0.009999999999999787,-0.029999999999999805,0.52,-0.06266985661774749,-0.34007197026322267,2026-04-07,2026-04-07,2026-04-02,2026-04-07,0.029728163914000127,0.8155415615955119,-0.7017466371873393,-0.0038263884017286642,2026-04-07,2026-04-07,2026-04-07,2026-04-07,2026-04-07,1.063645334841512,0.9899446440218451,0.25895446715138437,0.6131375004192696,6.2144226060108165
2026-04-08,2026-04-09,2026-04-08,2026-04-08,2026-04-08,2026-04-09,2026-04-08,2026-04-08,2026-04-08,2026-04-08,34761.38,4.61,341.2,1000955375600,1499,316,116,117772619736,-32478,192,5.959686,6.335058,2.508141,2.802911,2026-04-08,2026-04-08,2026-04-08,2026-04-08,-18.386344627110763,-0.040000000000000036,-0.020000000000000018,0.5,-0.5443006460909006,-0.5118447805645521,2026-04-08,2026-04-08,2026-04-08,2026-04-08,5.38814722977472,6.871250047430499,3.091550688381184,3.4891510040805374,2026-04-08,2026-04-08,2026-04-08,2026-04-08,2026-04-08,6.510232198957477,5.7564440816692874,2.234697131467711,4.644972961505522,4.988473096749679
2026-04-09,2026-04-10,2026-04-09,2026-04-09,2026-04-09,2026-04-10,2026-04-09,2026-04-09,2026-04-09,2026-04-09,34861.16,0.29,342.57,1063402576065,742,1023,150,31779629982,-33399,298,-0.112053,2.098602,0.617002,0.828053,2026-04-09,2026-04-09,2026-04-09,2026-04-09,-7.366925270736524,0.0,-0.010000000000000231,0.5100000000000002,0.01702281183058041,-0.3127182156590469,2026-04-09,2026-04-09,2026-04-09,2026-04-09,-0.7336408102806558,-1.6063456924312103,-0.5430774130274263,-0.6384389144285962,2026-04-09,2026-04-09,2026-04-09,2026-04-09,2026-04-09,2.221925248904877,1.7473715823860259,1.0050537196021558,2.079195890408436,1.2206595897938932
2026-04-10,2026-04-13,2026-04-10,2026-04-10,2026-04-10,2026-04-13,2026-04-10,2026-04-10,2026-04-10,2026-04-10,35417.83,1.6,349.5,1061370679008,965,793,169,28808271208,-34403,20,1.398127,2.305071,-0.113852,0.352595,2026-04-10,2026-04-10,2026-04-12,2026-04-10,-1.3340186348648642,0.019999999999999574,0.03000000000000025,0.49999999999999956,0.1298647737427494,-0.17202810106283772,2026-04-10,2026-04-10,2026-04-10,2026-04-10,1.8405638553428805,1.3994498943833644,0.5480602574289728,1.5406530142000108,2026-04-10,2026-04-10,2026-04-10,2026-04-10,2026-04-10,2.1049576414763793,1.526807966697108,2.5664733438725884,3.549693170279733,4.688508060962238
2026-04-13,2026-04-14,2026-04-13,2026-04-13,2026-04-13,2026-04-14,2026-04-13,2026-04-13,2026-04-13,2026-04-13,35457.29,0.11,352.23,983591310054,1014,789,130,-16178656824,-35996,567,-0.277927,1.683828,1.017327,1.226263,2026-04-13,2026-04-13,2026-04-13,2026-04-13,-0.5720161498773413,-0.009999999999999787,-0.03000000000000025,0.52,-0.39601185393721705,-0.28383048653417564,2026-04-13,2026-04-13,2026-04-13,2026-04-13,-0.7401781922916517,-0.8576739029013014,-0.8986390487733309,0.20684110009852041,2026-04-13,2026-04-13,2026-04-13,2026-04-13,2026-04-13,1.7434014816260168,1.4786649383990325,0.36049019677633076,0.73049648790664,2.206974155951369
2026-04-14,2026-04-15,2026-04-14,2026-04-14,2026-04-14,2026-04-15,2026-04-14,2026-04-14,2026-04-14,2026-04-14,36296.12,2.37,356,1207957274725,1063,717,159,68907903398,-36664,348,2.792436,2.04215,1.178287,1.964048,2026-04-14,2026-04-14,2026-04-14,2026-04-14,-3.9748964201003045,-0.040000000000000036,-0.020000000000000018,0.5,-0.3925227774549067,-0.25414251603107507,2026-04-14,2026-04-14,2026-04-14,2026-04-14,2.432838434565121,2.739547080065363,0.8240986029072861,1.186348017558192,2026-04-14,2026-04-14,2026-04-14,2026-04-14,2026-04-14,2.008439001890383,1.9533549270634998,3.8032840531909473,3.338332225433449,0.271230751625251
2026-04-15,2026-04-16,2026-04-15,2026-04-15,2026-04-15,2026-04-16,2026-04-15,2026-04-15,2026-04-15,2026-04-15,36722.14,1.17,359.86,1217856750058,993,774,168,55350193810,-36783,241,-1.260894,0.164459,0.797578,1.594561,2026-04-15,2026-04-15,2026-04-15,2026-04-15,-1.0348612622076536,0.03000000000000025,0.0,0.5300000000000002,0.22210138777056798,-0.06115489839850774,2026-04-15,2026-04-15,2026-04-15,2026-04-15,0.4437789151797933,2.0718048966319014,0.2898850937763209,-0.3409664152910441,2026-04-15,2026-04-15,2026-04-15,2026-04-15,2026-04-15,0.15451977177682874,0.22123893805310324,1.2009570384825752,1.1957453661307627,4.18614488484339
2026-04-16,2026-04-17,2026-04-16,2026-04-16,2026-04-16,2026-04-17,2026-04-16,2026-04-16,2026-04-16,2026-04-16,37132.02,1.12,365.96,1152112086077,1166,596,150,44007512110,-39683,-506,-3.132498,0.974746,0.260996,0.360924,2026-04-16,2026-04-16,2026-04-16,2026-04-16,-1.2658202601573132,0.03000000000000025,0.020000000000000018,0.5400000000000005,-0.09180779659778704,0.1631691475555641,2026-04-16,2026-04-16,2026-04-16,2026-04-16,2.3808715886218357,2.2106557771931934,1.722487901418046,1.096203260898565,2026-04-16,2026-04-16,2026-04-16,2026-04-16,2026-04-16,1.0177741015668929,0.39734829866859833,-0.26147182905368327,7.802578269573357,0.44111715936057116
2026-04-17,2026-04-20,2026-04-17,2026-04-17,2026-04-17,2026-04-20,2026-04-17,2026-04-17,2026-04-17,2026-04-17,36804.34,-0.88,372.34,1167548576997,912,870,158,-2039543335,-41151,664,1.967798,2.428146,1.204046,1.517595,2026-04-17,2026-04-17,2026-04-19,2026-04-17,-2.564108016318145,-0.0600000000000005,-0.06999999999999984,0.5499999999999998,-0.28518965390006423,-0.12217750467380384,2026-04-17,2026-04-17,2026-04-17,2026-04-17,-1.7514625054842914,-0.548178763150986,-0.8862900099386839,-0.16762920391230063,2026-04-17,2026-04-17,2026-04-17,2026-04-17,2026-04-17,2.404231790752931,2.058051037899644,1.6788436953854902,0.04672064912309981,2.0252484000041315
2026-04-20,2026-04-21,2026-04-20,2026-04-20,2026-04-20,2026-04-21,2026-04-20,2026-04-20,2026-04-20,2026-04-20,36958.8,0.42,383.5,1175992655695,856,947,140,4346379017,-42618,381,-1.1498,0.453439,-0.237437,-0.261928,2026-04-20,2026-04-20,2026-04-20,2026-04-20,7.951952708227816,0.0,0.010000000000000231,0.5399999999999996,-0.15571306004650287,-0.050963734088604884,2026-04-20,2026-04-20,2026-04-20,2026-04-20,0.5968137246715521,0.438796402695929,0.76734595387562,0.6084167431132936,2026-04-20,2026-04-20,2026-04-20,2026-04-20,2026-04-20,0.44261537507199744,-0.043091219720181595,0.18841972263623497,-1.2356773807962962,-1.6997106107321414
2026-04-21,2026-04-22,2026-04-21,2026-04-21,2026-04-21,2026-04-22,2026-04-21,2026-04-21,2026-04-21,2026-04-21,37605.11,1.75,390.57,1277092837342,995,789,161,60153727909,-41295,-144,0.502402,0.500041,-0.634822,-0.591818,2026-04-21,2026-04-21,2026-04-21,2026-04-21,3.338628154465928,0.040000000000000036,0.05999999999999961,0.52,0.20051473340130244,0.3671602235050697,2026-04-21,2026-04-21,2026-04-21,2026-04-21,0.8912575007443913,2.7235556222744206,0.4795334739881918,0.2219693516641419,2026-04-21,2026-04-21,2026-04-21,2026-04-21,2026-04-21,0.7544065396127841,0.15087770926882627,-1.078883847432044,3.4697136220384506,0.635590049267365
2026-04-22,2026-04-23,2026-04-22,2026-04-22,2026-04-22,2026-04-23,2026-04-22,2026-04-22,2026-04-22,2026-04-22,37878.47,0.73,395.08,1208119399561,944,863,135,11609397320,-42555,530,5.259731,2.716429,1.046008,1.638953,2026-04-22,2026-04-22,2026-04-22,2026-04-22,-2.974358583107972,0.0,0.010000000000000231,0.5099999999999998,-0.04828048118112882,0.18290079167078144,2026-04-22,2026-04-22,2026-04-22,2026-04-22,0.3988050591480885,0.4611426514762318,-1.2241263745622732,0.6633784146916843,2026-04-22,2026-04-22,2026-04-22,2026-04-22,2026-04-22,2.6313231484274224,2.619115657521931,1.3107839969903834,6.668073349461201,5.092368845254547
2026-04-23,2026-04-24,2026-04-23,2026-04-23,2026-04-23,2026-04-24,2026-04-23,2026-04-23,2026-04-23,2026-04-23,37714.15,-0.43,381.32,1720721090865,263,1601,73,-2754993997,-44027,196,-1.233739,1.708509,-0.413287,-0.888451,2026-04-23,2026-04-23,2026-04-23,2026-04-23,2.061307547969271,0.040000000000000036,0.040000000000000036,0.5099999999999998,0.2008465924816294,0.21301016499426506,2026-04-23,2026-04-23,2026-04-23,2026-04-23,-0.7478769475245173,0.901846564659059,-0.9480515922454691,-0.277100630928373,2026-04-23,2026-04-23,2026-04-23,2026-04-23,2026-04-23,2.1377148067685203,1.0527902339651174,-1.4123459804205263,0.6162245995661397,-0.6411904635545418
2026-04-24,2026-04-27,2026-04-24,2026-04-24,2026-04-24,2026-04-27,2026-04-24,2026-04-24,2026-04-24,2026-04-24,38932.4,3.23,381.54,1306565942162,590,1219,121,43907871828,-40633,544,5.174303,4.31698,0.797369,1.628985,2026-04-24,2026-04-24,2026-04-26,2026-04-24,-3.107200404267052,-0.03000000000000025,-0.050000000000000266,0.5299999999999998,-0.28544291350430795,-0.29352318478717,2026-04-24,2026-04-24,2026-04-24,2026-04-24,0.973870433349644,-0.0027822894683393606,0.24260316588464725,-0.3543416492525764,2026-04-24,2026-04-24,2026-04-24,2026-04-24,2026-04-24,4.6712031980761015,5.103247074071415,4.322783464835034,13.91281985212871,0.67152624370721
2026-04-27,2026-04-28,2026-04-27,2026-04-27,2026-04-27,2026-04-28,2026-04-27,2026-04-27,2026-04-27,2026-04-27,39616.63,1.76,377.05,1383871620421,481,1346,109,-51196158919,-44223,-202,0.626154,-1.004599,0.123238,0.203329,2026-04-27,2026-04-27,2026-04-27,2026-04-27,-3.6878602911403213,0.040000000000000036,0.0,0.5699999999999998,0.04993443489185179,-0.030452521212398498,2026-04-27,2026-04-27,2026-04-27,2026-04-27,1.3751376792643155,2.1526848332351856,-0.20178527983187866,0.03312970237527857,2026-04-27,2026-04-27,2026-04-27,2026-04-27,2026-04-27,-1.3409883794538113,-0.035540769866826416,4.004415502378422,-3.7894231817073853,-1.0786255684689272
2026-04-28,2026-04-29,2026-04-28,2026-04-28,2026-04-28,2026-04-29,2026-04-28,2026-04-28,2026-04-28,2026-04-28,39521.73,-0.24,382.06,1243375634842,1113,648,165,-39298034950,-45869,-272,-3.121145,-3.578579,-0.489417,-0.897247,2026-04-28,2026-04-28,2026-04-28,2026-04-28,-1.0543869546671303,0.010000000000000675,0.06000000000000005,0.5200000000000005,0.18216274879112593,0.1421602202236194,2026-04-28,2026-04-28,2026-04-28,2026-04-28,-1.0239931901555588,0.39289670975208857,-0.9483700121132199,-0.26703767286268,2026-04-28,2026-04-28,2026-04-28,2026-04-28,2026-04-28,-3.66702796880628,-2.9727843440595536,-1.588108781548958,-3.4127284646018663,-4.3926411043889395
2026-04-29,2026-04-30,2026-04-29,2026-04-29,2026-04-29,2026-04-30,2026-04-29,2026-04-29,2026-04-29,2026-04-29,39303.5,-0.55,382.75,1084549372889,891,850,191,-48147448725,-47074,-142,0.37977,2.34884,-0.039917,0.038272,2026-04-29,2026-04-29,2026-04-29,2026-04-29,5.496351914917064,0.05999999999999961,0.08000000000000007,0.5,0.3601646494638011,0.304193281290166,2026-04-28,2026-04-29,2026-04-29,2026-04-29,-1.0239931901555588,0.7510876742699679,1.6824932250394387,1.0957931059535797,2026-04-29,2026-04-29,2026-04-29,2026-04-29,2026-04-29,2.571174351850125,1.7039545739681694,-1.838907070702589,4.300607736136852,1.4056038375075408
2026-04-30,2026-05-04,2026-04-30,2026-04-30,2026-04-30,2026-05-04,2026-05-01,2026-05-01,2026-05-01,2026-05-01,38926.63,-0.96,384.58,1273567809007,642,1152,144,-53561725108,-44044,761,0.406508,0.872451,0.292833,0.89236,2026-05-01,2026-05-01,2026-05-03,2026-05-01,0.592068591376127,-0.010000000000000675,0.0,0.5099999999999998,-0.047513033458257414,0.13254205851453982,2026-05-01,2026-04-30,2026-04-30,2026-04-30,0.38491948969949785,-1.3754470474743319,-1.2841322131318833,-0.06319787543075384,2026-05-01,2026-05-01,2026-05-01,2026-05-01,2026-05-01,0.9340320595939255,0.6117789106503846,-0.5612117727474941,1.7066824105659073,0.92231180582798
2026-05-04,2026-05-05,2026-05-04,2026-05-04,2026-05-04,2026-05-05,2026-05-04,2026-05-04,2026-05-04,2026-05-04,40705.14,4.57,398.25,1214559543798,1013,790,143,66975700753,-43504,-268,0.990764,-0.572702,-0.406219,-0.185705,2026-05-04,2026-05-04,2026-05-04,2026-05-04,7.651566579883617,0.0600000000000005,0.07000000000000028,0.5,0.13943942787038033,0.2647410026008101,2026-05-01,2026-05-04,2026-05-04,2026-04-30,0.38491948969949785,5.123909262993798,1.2389238241578004,-0.06319787543075384,2026-05-04,2026-05-04,2026-05-04,2026-05-04,2026-05-04,-0.7922710555890999,-0.594327161697672,0.015116543088034007,-5.269872843427493,-1.1346370093874403
2026-05-05,2026-05-06,2026-05-05,2026-05-05,2026-05-05,2026-05-06,2026-05-05,2026-05-05,2026-05-05,2026-05-05,40769.29,0.16,407.44,1263939912742,1146,640,154,3990267133,-48687,521,-1.79278,4.232884,0.812002,1.030525,2026-05-05,2026-05-05,2026-05-05,2026-05-05,-4.975405736520189,-0.020000000000000462,-0.020000000000000018,0.49999999999999956,-0.16773054363118378,0.010157546568989595,2026-05-01,2026-05-04,2026-05-05,2026-04-30,0.38491948969949785,5.123909262993798,-0.7559487469997794,-0.06319787543075384,2026-05-05,2026-05-05,2026-05-05,2026-05-05,2026-05-05,4.473447936837083,3.137392929694083,-0.9975794891980305,4.017099278984926,2.6074394601590667
2026-05-06,2026-05-07,2026-05-06,2026-05-06,2026-05-06,2026-05-07,2026-05-06,2026-05-06,2026-05-06,2026-05-06,41138.85,0.91,410.29,1828799564097,735,1066,146,75104907794,-50967,806,6.3614,4.482185,1.458833,2.02482,2026-05-06,2026-05-06,2026-05-06,2026-05-06,0.05753871901450491,-0.0699999999999994,-0.06000000000000005,0.4900000000000002,-0.4644147517347985,-0.46710672033583034,2026-05-01,2026-05-06,2026-05-06,2026-05-06,0.38491948969949785,6.451931011822665,1.2169376251500053,1.4515349396178268,2026-05-06,2026-05-06,2026-05-06,2026-05-06,2026-05-06,5.000721641800521,5.178979356363977,5.765904239722497,18.614536695655758,-0.44926595281886694
2026-05-07,2026-05-08,2026-05-07,2026-05-07,2026-05-07,2026-05-08,2026-05-07,2026-05-07,2026-05-07,2026-05-07,41933.78,1.93,416.41,1503279901174,1037,734,175,46411526570,-51132,-411,-1.275329,-2.717394,-0.38031,-0.126709,2026-05-07,2026-05-07,2026-05-07,2026-05-07,-1.782630689032183,0.04999999999999982,0.04999999999999982,0.4900000000000002,-0.020386521399129442,0.2346494233938179,2026-05-07,2026-05-07,2026-05-07,2026-05-07,5.57980944196983,1.4285176809007982,1.5735998816819752,0.48020279767888585,2026-05-07,2026-05-07,2026-05-07,2026-05-07,2026-05-07,-2.8626689102538627,-1.757136570156459,1.7658654364679505,-3.0684218286820997,-3.027455060384543
2026-05-08,2026-05-11,2026-05-08,2026-05-08,2026-05-08,2026-05-11,2026-05-08,2026-05-08,2026-05-08,2026-05-08,41603.94,-0.79,409.44,1583743081194,684,1111,151,-12084537571,-54530,361,-0.596403,5.505871,0.84257,1.70843,2026-05-08,2026-05-08,2026-05-10,2026-05-08,0.6440316794081857,-0.03000000000000025,-0.020000000000000018,0.48,-0.29019653733958206,-0.41730652631997156,2026-05-08,2026-05-08,2026-05-08,2026-05-08,-0.19128451571459593,0.10614342387316178,-0.8734542170985793,-0.5836047828251312,2026-05-08,2026-05-08,2026-05-08,2026-05-08,2026-05-08,5.6747102267979965,4.895390415954437,1.7494075405400489,11.440535661732598,4.227264529913466
2026-05-11,2026-05-12,2026-05-11,2026-05-11,2026-05-11,2026-05-12,2026-05-11,2026-05-11,2026-05-11,2026-05-11,41790.06,0.45,422.01,1390817143477,959,871,120,-10983504002,-54225,309,-1.734353,2.59471,0.187996,0.103062,2026-05-11,2026-05-11,2026-05-11,2026-05-11,6.92262123175218,0.040000000000000036,0.050000000000000266,0.46999999999999975,0.16229616472482888,0.10221392810589869,2026-05-11,2026-05-11,2026-05-11,2026-05-11,-0.4716190791303809,4.324356286676445,0.04974255526661864,1.640623183444001,2026-05-11,2026-05-11,2026-05-11,2026-05-11,2026-05-11,2.394776526040232,1.7245066385727315,1.9702628035742187,0.7908798708686549,-0.36511798237645054
2026-05-12,2026-05-13,2026-05-12,2026-05-12,2026-05-12,2026-05-13,2026-05-12,2026-05-12,2026-05-12,2026-05-12,41898.32,0.26,425.71,1668137230348,637,1195,122,-30493779941,-53072,-568,-1.794633,-3.011167,-0.160261,-0.70766,2026-05-12,2026-05-12,2026-05-12,2026-05-12,-2.1218683757119994,0.040000000000000036,0.04999999999999982,0.45999999999999996,0.4762074815726436,0.3573600831085155,2026-05-12,2026-05-12,2026-05-12,2026-05-12,0.520189746815447,-2.289501813613881,-0.22316069567085428,-0.07653799763502889,2026-05-12,2026-05-12,2026-05-12,2026-05-12,2026-05-12,-3.147762449104907,-2.613176523466887,0.6106436032548013,-2.28862874178567,-2.13103775153336
2026-05-13,2026-05-14,2026-05-13,2026-05-13,2026-05-13,2026-05-14,2026-05-13,2026-05-13,2026-05-13,2026-05-13,41374.5,-1.25,420.54,1412081728711,592,1215,129,-43429473975,-52760,308,0.634311,2.566476,0.584925,1.204148,2026-05-13,2026-05-13,2026-05-13,2026-05-13,-0.6670313141271755,0.0,-0.020000000000000018,0.48,0.18380143583822672,0.1933080065484427,2026-05-13,2026-05-13,2026-05-13,2026-05-13,0.843986881414871,2.627972313085958,0.15382357323465712,1.01636080976506,2026-05-13,2026-05-13,2026-05-13,2026-05-13,2026-05-13,2.3837648066354467,1.9973313091592448,2.287346263103318,-0.6223668812021521,-0.5986118104268079
2026-05-14,2026-05-15,2026-05-14,2026-05-14,2026-05-14,2026-05-15,2026-05-14,2026-05-14,2026-05-14,2026-05-14,41751.75,0.91,426.57,1504495927535,677,1146,122,4542624703,-51068,723,4.482245,0.464303,0.76556,0.882046,2026-05-14,2026-05-14,2026-05-14,2026-05-14,-3.41354550477867,0.009999999999999787,0.020000000000000018,0.46999999999999975,0.01710987032821354,0.40616763083833884,2026-05-14,2026-05-14,2026-05-14,2026-05-14,-0.9768262823148577,1.7516601168337864,0.002272242646506051,-1.6753511908250807,2026-05-14,2026-05-14,2026-05-14,2026-05-14,2026-05-14,0.32937427206714,1.0271468149951168,4.388258239276421,0.9427636828353014,5.5183664503610785
2026-05-15,2026-05-18,2026-05-15,2026-05-15,2026-05-15,2026-05-18,2026-05-15,2026-05-15,2026-05-15,2026-05-15,41172.36,-1.39,411.18,1571094267515,476,1366,107,-10426586381,-50963,-487,-3.200707,-4.019622,-1.236332,-1.539616,2026-05-15,2026-05-15,2026-05-17,2026-05-15,6.778679378787822,0.1200000000000001,0.08999999999999986,0.5,0.07160020197189976,0.3944168694189232,2026-05-15,2026-05-15,2026-05-15,2026-05-15,-1.986721853142348,-6.117089222465677,-1.6154760040345773,-1.1193230947210586,2026-05-15,2026-05-15,2026-05-15,2026-05-15,2026-05-15,-4.058268229016726,-3.803990555455361,-4.420122985552178,-5.692685214277915,-3.3197675753982803
2026-05-18,2026-05-19,2026-05-18,2026-05-18,2026-05-18,2026-05-19,2026-05-18,2026-05-18,2026-05-18,2026-05-18,40891.82,-0.68,409.63,1204482931166,850,965,129,-45240962622,-44996,81,-2.077407,-2.467458,-0.073567,-0.512524,2026-05-18,2026-05-18,2026-05-18,2026-05-18,-3.309824201035161,0.020000000000000462,-0.019999999999999574,0.54,-0.1041563196208406,-0.30220150348341246,2026-05-18,2026-05-18,2026-05-18,2026-05-18,-0.9662053621010358,0.3050755853320597,-1.1075521567198376,-0.536461410468192,2026-05-18,2026-05-18,2026-05-18,2026-05-18,2026-05-18,-2.487609960233883,-1.8298258653933197,-1.3314396868819633,-0.7333213450559373,-1.0536491828604277
2026-05-19,2026-05-20,2026-05-19,2026-05-19,2026-05-19,2026-05-20,2026-05-19,2026-05-19,2026-05-19,2026-05-19,40175.56,-1.75,398.18,1313594904758,676,1100,162,-63234953627,-45376,-100,-0.843548,0.02637,-0.667832,-0.843286,2026-05-19,2026-05-19,2026-05-19,2026-05-19,1.346800085456068,0.05999999999999961,0.05999999999999961,0.54,0.5549209970649338,0.3334362200509533,2026-05-19,2026-05-19,2026-05-19,2026-05-19,-0.43633188071360296,-3.2514446642434636,0.477776293556853,0.40053342497849975,2026-05-19,2026-05-19,2026-05-19,2026-05-19,2026-05-19,0.17544822751009992,-0.40280344222384246,-0.769164563481417,-1.6484958318231269,-2.2913608724904
2026-05-20,2026-05-21,2026-05-20,2026-05-20,2026-05-20,2026-05-21,2026-05-20,2026-05-20,2026-05-20,2026-05-20,40020.82,-0.39,396.42,1195002017599,838,924,173,-46620615982,-42744,866,2.294901,4.491531,1.079203,1.544791,2026-05-20,2026-05-20,2026-05-20,2026-05-20,-3.432995294678509,-0.09999999999999964,-0.08999999999999986,0.5300000000000002,-0.434932134128041,-0.19134182836552105,2026-05-20,2026-05-20,2026-05-20,2026-05-20,-1.2323243909357573,-0.8623884998750997,-0.5687701532172573,-0.04491534001737074,2026-05-20,2026-05-20,2026-05-20,2026-05-20,2026-05-20,4.744938556909384,3.805417739488859,1.296405694410474,8.098055734290321,1.6274606082193888
2026-05-21,2026-05-22,2026-05-21,2026-05-21,2026-05-21,2026-05-22,2026-05-21,2026-05-21,2026-05-21,2026-05-21,41368.21,3.37,409.8,1208149695939,1503,314,131,60340682960,-44454,288,1.376923,1.276444,0.171533,0.086562,2026-05-21,2026-05-21,2026-05-21,2026-05-21,-3.8990841992684877,0.0,0.040000000000000036,0.4900000000000002,-0.12788229491633718,0.08072024070426842,2026-05-21,2026-05-21,2026-05-21,2026-05-21,3.1431301869525363,8.415090020069172,-1.0315324174528517,-1.3936152500535037,2026-05-21,2026-05-21,2026-05-21,2026-05-21,2026-05-21,0.8456544050101655,0.5702603144241314,-1.7720529342800773,0.4490839237514699,-0.7635968898018541
2026-05-22,2026-05-25,2026-05-22,2026-05-22,2026-05-22,2026-05-25,2026-05-22,2026-05-22,2026-05-22,2026-05-22,42267.97,2.18,423.25,1415844744936,1167,641,144,76136532653,-46483,179,-0.645955,1.993132,0.372697,0.193477,2026-05-22,2026-05-22,2026-05-24,2026-05-22,-0.3579920353401156,-0.010000000000000675,0.04999999999999982,0.4299999999999997,-0.354352809800873,0.1310588267146695,2026-05-22,2026-05-22,2026-05-22,2026-05-22,2.682909530280897,0.410974959403565,0.8646705798122101,1.2962304516767276,2026-05-22,2026-05-22,2026-05-22,2026-05-22,2026-05-22,2.405137044980088,1.4862299022392778,-1.904237975665879,3.9858567970152414,-0.10372016021047425
2026-05-25,2026-05-26,2026-05-25,2026-05-25,2026-05-25,2026-05-26,2026-05-22,2026-05-22,2026-05-22,2026-05-22,43644.4,3.26,434.99,1537112961435,948,889,115,49459164170,-51458,519,-0.645955,1.993132,0.372697,0.193477,2026-05-25,2026-05-22,2026-05-25,2026-05-22,-0.6586862594382348,-0.010000000000000675,0.04999999999999982,0.4299999999999997,0.029903373699946556,0.1310588267146695,2026-05-25,2026-05-22,2026-05-22,2026-05-25,2.872036303619363,0.410974959403565,0.8646705798122101,1.5789147480566257,2026-05-22,2026-05-22,2026-05-22,2026-05-22,2026-05-22,2.405137044980088,1.4862299022392778,-1.904237975665879,3.9858567970152414,-0.10372016021047425
2026-05-26,2026-05-27,2026-05-26,2026-05-26,2026-05-26,2026-05-27,2026-05-26,2026-05-26,2026-05-26,2026-05-26,43525.37,-0.27,439.3,1768677358242,766,1032,154,35436395452,-54391,574,1.928216,5.526473,0.610826,1.185125,2026-05-26,2026-05-26,2026-05-26,2026-05-26,2.5316460062143387,-0.05999999999999961,-0.1200000000000001,0.4900000000000002,-0.007951228100844254,-0.1510285202776962,2026-05-26,2026-05-26,2026-05-26,2026-05-26,-0.24878155608912822,2.545963162273024,-0.025697377944511324,0.5333631233569891,2026-05-26,2026-05-26,2026-05-26,2026-05-26,2026-05-26,6.096813638488285,4.480151130636223,-0.21827019769956602,7.78165261125654,1.9003223158400528
2026-05-27,2026-05-28,2026-05-27,2026-05-27,2026-05-27,2026-05-28,2026-05-27,2026-05-27,2026-05-27,2026-05-27,44256.8,1.68,440.19,1910660961220,585,1250,113,38127903304,-56302,445,2.524739,-1.356845,0.016488,0.069593,2026-05-27,2026-05-27,2026-05-27,2026-05-27,-4.232800139132165,-0.019999999999999574,-0.009999999999999787,0.4800000000000004,0.06360275198662446,0.040335702597471546,2026-05-27,2026-05-27,2026-05-27,2026-05-27,0.005108480383952951,2.2515092862820385,-1.0594710365930404,-0.8019680264777285,2026-05-27,2026-05-27,2026-05-27,2026-05-27,2026-05-27,-1.0717686854514685,-1.1027359894549282,-1.0518451551782437,-1.6571088651838872,-0.03554996578062353
2026-05-28,2026-05-29,2026-05-28,2026-05-28,2026-05-28,2026-05-29,2026-05-28,2026-05-28,2026-05-28,2026-05-28,43636.44,-1.4,432.48,1915469258173,704,1107,136,-38136681812,-58196,950,0.503862,0.999428,0.575372,0.910001,2026-05-28,2026-05-28,2026-05-28,2026-05-28,-3.376311316747249,-0.03000000000000025,-0.009999999999999787,0.45999999999999996,-0.1331620395565447,-0.19151541493763746,2026-05-28,2026-05-28,2026-05-28,2026-05-28,-0.47121821838648215,-0.527545726781109,-1.2715863151094187,0.12306092003009361,2026-05-28,2026-05-28,2026-05-28,2026-05-28,2026-05-28,0.9734370765806188,0.7271229370014787,0.7761024690098095,4.550594890766058,1.1188549245242152
2026-05-29,2026-06-01,2026-05-29,2026-05-29,2026-05-29,2026-06-01,2026-05-29,2026-05-29,2026-05-29,2026-05-29,44732.94,2.51,443.64,2206730866199,1372,449,136,80145461140,-60650,-246,-1.508726,0.001873,0.217226,0.20488,2026-05-29,2026-05-29,2026-05-31,2026-05-29,-2.668361387556162,0.0,-0.010000000000000231,0.4700000000000002,-0.03531969758715503,-0.1110815842112367,2026-05-29,2026-05-29,2026-05-29,2026-05-29,2.5294480751340442,3.5534519873386516,0.7047482206337552,-0.4495095636041113,2026-05-29,2026-05-29,2026-05-29,2026-05-29,2026-05-29,-0.06847658934495682,-0.15004657793371567,-1.4515755474219683,-0.3841130240645252,4.732993360434157
2026-06-01,2026-06-02,2026-06-01,2026-06-01,2026-06-01,2026-06-02,2026-06-01,2026-06-01,2026-06-01,2026-06-01,45337.91,1.35,446.02,1839876934572,1243,599,108,36817371952,-64673,505,4.105626,1.062175,0.26253,0.42336,2026-06-01,2026-06-01,2026-06-01,2026-06-01,4.765010161736205,0.019999999999999574,0.06999999999999984,0.41999999999999993,-0.2623166699323165,0.293189035887087,2026-06-01,2026-06-01,2026-06-01,2026-06-01,0.9118538885412919,3.683623789082824,0.856904595411101,-0.9783151356883457,2026-06-01,2026-06-01,2026-06-01,2026-06-01,2026-06-01,0.5008040170715766,1.4826448819402316,6.261249056985307,-1.1567469454628831,2.954543172466151
2026-06-02,2026-06-03,2026-06-02,2026-06-02,2026-06-02,2026-06-03,2026-06-02,2026-06-02,2026-06-02,2026-06-02,45557.31,0.48,440.64,1957950660960,855,952,139,10842948180,-67018,583,2.538851,5.866417,0.129209,0.026175,2026-06-02,2026-06-02,2026-06-02,2026-06-02,-1.7445407639044563,-0.009999999999999787,0.0,0.41000000000000014,0.47142964549633515,0.020165597859223006,2026-06-02,2026-06-02,2026-06-02,2026-06-02,-0.2989287307498478,0.1491782528443064,2.5204193090855753,1.4512081591413262,2026-06-02,2026-06-02,2026-06-02,2026-06-02,2026-06-02,5.785677841558301,4.014416431462253,-0.6863938678656645,2.2366794807830104,4.695959746546929
2026-06-03,2026-06-04,2026-06-03,2026-06-03,2026-06-03,2026-06-04,2026-06-03,2026-06-03,2026-06-03,2026-06-03,46459.16,1.98,446.82,1749275345056,1290,563,103,43396335647,-66772,-320,-2.238689,1.389237,-0.737204,-0.885513,2026-06-03,2026-06-03,2026-06-03,2026-06-03,1.838928343441748,0.03000000000000025,0.03000000000000025,0.41000000000000014,0.08672630642823087,0.31243454422480443,2026-06-03,2026-06-02,2026-06-03,2026-06-03,2.499302562414374,0.1491782528443064,-1.555819922860091,0.4934317560652435,2026-06-03,2026-06-03,2026-06-03,2026-06-03,2026-06-03,1.7619207299603534,0.9000177541716337,-3.621760640406191,4.022710125359996,-0.48590989935035633
2026-06-04,2026-06-05,2026-06-04,2026-06-04,2026-06-04,2026-06-05,2026-06-04,2026-06-04,2026-06-04,2026-06-04,45677.46,-1.68,440.1,1495274193614,824,1009,114,-75685430944,-69476,32,1.884635,-2.151763,0.405496,-0.085721,2026-06-04,2026-06-04,2026-06-04,2026-06-04,-4.109588227644323,-0.020000000000000462,-0.03000000000000025,0.41999999999999993,-0.007936817364084803,-0.12056175892615206,2026-06-04,2026-06-04,2026-06-04,2026-06-04,-1.3617196923569996,-1.841507219902172,-1.4817127194914015,-0.6896409902317213,2026-06-04,2026-06-04,2026-06-04,2026-06-04,2026-06-04,-2.104993198874505,-1.6256458254117145,1.8207234747889878,-3.5611602574429746,-12.586859324621802
2026-06-05,2026-06-08,2026-06-05,2026-06-05,2026-06-05,2026-06-08,2026-06-05,2026-06-05,2026-06-05,2026-06-05,45070.94,-1.33,431.07,1478429678231,661,1166,120,-82631158863,-69146,-3006,-6.686595,-10.256951,-2.644536,-4.179989,2026-06-05,2026-06-05,2026-06-07,2026-06-05,39.67532962143463,0.08000000000000007,0.1200000000000001,0.3799999999999999,0.2701335531519966,0.6639130956660466,2026-06-05,2026-06-05,2026-06-05,2026-06-05,-1.3080796197608047,-5.542280130705535,-1.154106644518249,-1.790714677098726,2026-06-05,2026-06-05,2026-06-05,2026-06-05,2026-06-05,-10.444311493186198,-9.217093072068028,-6.2014073591381225,-10.860092889626117,-7.920553910320094
2026-06-08,2026-06-09,2026-06-08,2026-06-08,2026-06-08,2026-06-09,2026-06-08,2026-06-08,2026-06-08,2026-06-08,43502.78,-3.48,412.57,1248879183852,186,1696,57,-93851546891,-65501,916,2.801256,5.612832,0.297813,0.856614,2026-06-08,2026-06-08,2026-06-08,2026-06-08,-12.040911785348351,0.009999999999999787,-0.019999999999999574,0.40999999999999925,-0.01931012262229581,-0.019982655268702132,2026-06-08,2026-06-08,2026-06-08,2026-06-08,-3.849809445402408,-8.285916832566576,-1.2214137173469752,-2.144104258142787,2026-06-08,2026-06-08,2026-06-08,2026-06-08,2026-06-08,5.869164927554316,4.997449592079373,1.7259839984335112,5.135293417107589,2.818031993256742
2026-06-09,2026-06-10,2026-06-09,2026-06-09,2026-06-09,2026-06-10,2026-06-09,2026-06-09,2026-06-09,2026-06-09,44704.44,2.76,424.71,1378746806542,1361,444,128,-91733415946,-61871,-799,0.262424,-1.928309,-0.257639,-0.967386,2026-06-09,2026-06-09,2026-06-09,2026-06-09,5.021145661250648,-0.02999999999999936,-0.020000000000000462,0.40000000000000036,-0.13014202626587812,-0.1399294206677948,2026-06-09,2026-06-09,2026-06-09,2026-06-09,2.1742069607276315,8.183945117168022,-0.3697121807228254,1.8705272213753732,2026-06-09,2026-06-09,2026-06-09,2026-06-09,2026-06-09,-1.6291884433840553,-1.1953262839234813,-0.21568105327770537,-3.022449618111711,-1.1195164833778026
2026-06-10,2026-06-11,2026-06-10,2026-06-10,2026-06-10,2026-06-11,2026-06-10,2026-06-10,2026-06-10,2026-06-10,43225.54,-3.31,405.91,1602917737889,466,1366,108,-93573711945,-61949,-752,-4.479812,-3.56578,-1.619945,-1.983426,2026-06-10,2026-06-10,2026-06-10,2026-06-10,11.826866506623457,0.019999999999999574,0.0,0.41999999999999993,0.3452662184263211,0.04002931104682972,2026-06-10,2026-06-10,2026-06-10,2026-06-10,-1.8915058689026765,-4.521594525510098,-0.6429214912280323,-1.1083365271498447,2026-06-10,2026-06-10,2026-06-10,2026-06-10,2026-06-10,-3.6699050672837297,-3.400963822772607,-3.7321697398258857,-4.860048241788084,-5.115258407605927
2026-06-11,2026-06-12,2026-06-11,2026-06-11,2026-06-11,2026-06-12,2026-06-11,2026-06-11,2026-06-11,2026-06-11,43149.46,-0.18,407.09,1485144169440,761,1035,138,-35779281338,-63168,1163,3.014069,7.90549,1.751889,2.543396,2026-06-11,2026-06-11,2026-06-11,2026-06-11,-12.511246018023325,-0.09999999999999964,-0.08000000000000007,0.40000000000000036,-0.22369454265829258,-0.09004136131912643,2026-06-11,2026-06-11,2026-06-11,2026-06-11,0.059209150053507464,0.4285492592902118,-0.6500824686105577,-0.5513149874263656,2026-06-11,2026-06-11,2026-06-11,2026-06-11,2026-06-11,8.387653430416698,6.750633352965307,2.220335789291372,7.968616002854234,3.6199948937802207
2026-06-12,2026-06-15,2026-06-12,2026-06-12,2026-06-12,2026-06-15,2026-06-12,2026-06-12,2026-06-12,2026-06-12,44169.04,2.36,419.72,1312169728919,1413,413,112,28690268352,-65039,487,0.679218,1.518659,0.502551,0.306783,2026-06-12,2026-06-12,2026-06-14,2026-06-12,-9.053498871043908,0.03000000000000025,0.040000000000000036,0.39000000000000057,0.10766774191464101,-0.11015482643623731,2026-06-12,2026-06-12,2026-06-12,2026-06-12,2.807297078199067,4.632563486717767,1.9332960470168414,1.1627466939964526,2026-06-12,2026-06-12,2026-06-12,2026-06-12,2026-06-12,1.5879248701756277,1.724507269688047,0.15620019126554308,4.733339039694395,-0.9077469547720596
2026-06-15,2026-06-16,2026-06-15,2026-06-15,2026-06-15,2026-06-16,2026-06-15,2026-06-15,2026-06-15,2026-06-15,45396.99,2.78,429.37,1237438742230,1251,542,142,46531920437,-66734,649,4.120964,5.445552,1.652839,3.071206,2026-06-15,2026-06-15,2026-06-15,2026-06-15,-8.371037990327757,-0.010000000000000675,-0.019999999999999574,0.39999999999999947,-0.298612606480253,-0.12030350534539824,2026-06-15,2026-06-15,2026-06-15,2026-06-15,4.994636453302226,5.1991642330602605,0.5039639554359265,2.394441672898817,2026-06-15,2026-06-15,2026-06-15,2026-06-15,2026-06-15,5.400421334512573,4.377694149846056,3.5381814028240033,6.976562724637403,3.1067592037170355
2026-06-16,2026-06-17,2026-06-16,2026-06-16,2026-06-16,2026-06-17,2026-06-16,2026-06-16,2026-06-16,2026-06-16,45809.19,0.91,430.26,1444319333257,559,1224,144,40798197749,-69847,-744,-3.527414,-5.712213,-0.568418,-1.152752,2026-06-16,2026-06-16,2026-06-16,2026-06-16,1.2962905838441063,-0.040000000000000036,-0.020000000000000462,0.3799999999999999,0.143723164615861,-0.09033056345641999,2026-06-16,2026-06-16,2026-06-16,2026-06-16,0.12550943124030045,2.113498167769845,-1.403716686739609,-0.1529113649108571,2026-06-16,2026-06-16,2026-06-16,2026-06-16,2026-06-16,-5.920919922012525,-4.8060542048045996,-2.3723197733726886,-7.3036583173364145,-4.373765263630691
2026-06-17,2026-06-18,2026-06-17,2026-06-17,2026-06-17,2026-06-18,2026-06-17,2026-06-17,2026-06-17,2026-06-17,45877.39,0.15,433.34,1318000029254,1123,585,197,-20683737771,-67394,25,1.484162,1.375414,-1.214828,-1.344689,2026-06-17,2026-06-17,2026-06-17,2026-06-17,12.370510088491216,0.0600000000000005,0.15000000000000036,0.29000000000000004,0.2360263790704975,0.552537087909033,2026-06-17,2026-06-17,2026-06-17,2026-06-17,0.7171725176321475,1.5772538120361723,-0.7421794700253614,0.9655596980196579,2026-06-17,2026-06-17,2026-06-17,2026-06-17,2026-06-17,1.4359634623174689,1.2938264128449672,-1.3307023368657411,1.0230778916215488,4.2977364043015776
2026-06-18,2026-06-22,2026-06-18,2026-06-18,2026-06-18,2026-06-22,2026-06-18,2026-06-18,2026-06-18,2026-06-18,46465.2,1.28,447.06,1781025368203,1093,665,179,21146738929,-68337,813,6.935092,6.416157,1.084621,1.90714,2026-06-18,2026-06-18,2026-06-21,2026-06-18,-11.062911369007722,-0.03000000000000025,-0.009999999999999787,0.2699999999999996,0.2089372068782236,0.7593187771381293,2026-06-19,2026-06-19,2026-06-18,2026-06-18,0.27665116301571757,-0.12599430342841167,-1.593234031388291,0.20704021897350877,2026-06-18,2026-06-18,2026-06-18,2026-06-18,2026-06-18,6.622985848937546,5.755090127049223,2.9513846689763534,4.856777941973722,4.695854541522904
2026-06-22,2026-06-23,2026-06-22,2026-06-22,2026-06-22,2026-06-23,2026-06-22,2026-06-22,2026-06-22,2026-06-22,47741.51,2.75,453.5,1685582451731,963,847,124,68457583377,-70290,455,1.200991,2.04256,-0.370505,-1.324877,2026-06-22,2026-06-22,2026-06-22,2026-06-22,5.36586029624615,0.04999999999999982,0.04999999999999982,0.2699999999999996,-0.04731370199756446,0.16856536590721394,2026-06-22,2026-06-22,2026-06-22,2026-06-22,1.5493297812896545,0.6863345199261461,-0.6532591567184443,2.3891058819135225,2026-06-22,2026-06-22,2026-06-22,2026-06-22,2026-06-22,2.4333407243029237,1.3684258039190489,-0.968251232276296,2.653666913895192,-4.672420307650715
2026-06-23,2026-06-24,2026-06-23,2026-06-23,2026-06-23,2026-06-24,2026-06-23,2026-06-23,2026-06-23,2026-06-23,47100.65,-1.34,440.81,1870925891720,424,1381,124,-38592352641,-76502,-1230,-6.688476,-7.873126,-1.436279,-2.214887,2026-06-23,2026-06-23,2026-06-23,2026-06-23,12.789346045458249,-0.009999999999999787,-0.08000000000000007,0.33999999999999986,0.0476551235367495,0.38606912690859474,2026-06-23,2026-06-23,2026-06-23,2026-06-23,-3.5458710093510537,-9.991826041360085,-1.818540838467897,-2.7723209701738583,2026-06-23,2026-06-23,2026-06-23,2026-06-23,2026-06-23,-7.880794850090633,-7.005424830381091,-4.126528091164561,-5.761113249020289,-3.0551120386485997
2026-06-24,2026-06-25,2026-06-24,2026-06-24,2026-06-24,2026-06-25,2026-06-24,2026-06-24,2026-06-24,2026-06-24,46043.6,-2.24,442.09,1635940878553,887,866,173,-177403206868,-83605,503,1.017432,-0.180304,-0.098293,-0.431462,2026-06-24,2026-06-24,2026-06-24,2026-06-24,-4.412522424068877,-0.08999999999999986,-0.04999999999999982,0.2999999999999998,0.3340466665395114,0.19721619270280932,2026-06-24,2026-06-24,2026-06-24,2026-06-24,-0.8789629989679693,3.2567638153436995,0.32524632422943345,0.48034171219974997,2026-06-24,2026-06-24,2026-06-24,2026-06-24,2026-06-24,-0.31323266917810955,-0.5031757807628545,-0.519892681982459,-0.021157133159144248,0.5050673309381137
2026-06-25,2026-06-26,2026-06-25,2026-06-25,2026-06-25,2026-06-26,2026-06-25,2026-06-25,2026-06-25,2026-06-25,46255.26,0.46,439.84,1524199304032,688,1067,156,-40510043503,-81051,-722,-1.324773,3.586437,-0.009921,-0.46333,2026-06-25,2026-06-25,2026-06-25,2026-06-25,1.3955997884818938,-0.009999999999999787,-0.020000000000000462,0.3100000000000005,0.16348102632479655,-0.17714821778817003,2026-06-25,2026-06-25,2026-06-25,2026-06-25,4.613482387731471,5.421782723356894,-1.4320304035125964,1.559372161561856,2026-06-25,2026-06-25,2026-06-25,2026-06-25,2026-06-25,3.940151655366786,2.901832622725853,-1.6381881943899224,2.4685452978244093,-0.8270745155423476
2026-06-26,2026-06-29,2026-06-26,2026-06-26,2026-06-26,2026-06-29,2026-06-26,2026-06-26,2026-06-26,2026-06-26,44571.76,-3.64,415.26,1766598446028,159,1714,64,-143189215451,-76391,543,-0.606907,-5.288765,-0.047166,-0.240473,2026-06-26,2026-06-26,2026-06-28,2026-06-26,-2.5410246572022843,-0.020000000000000462,-0.019999999999999574,0.3099999999999996,-0.04080504718203537,-0.06901281141044047,2026-06-26,2026-06-26,2026-06-26,2026-06-26,-4.15311978159737,-5.812681042102652,-1.7552210348242725,-3.0254353470642648,2026-06-26,2026-06-26,2026-06-26,2026-06-26,2026-06-26,-5.6397967173981485,-3.967783465882202,-1.6399339040476746,-2.0635766346647655,-3.665781983635308
2026-06-29,2026-06-30,2026-06-29,2026-06-29,2026-06-29,2026-06-30,2026-06-29,2026-06-29,2026-06-29,2026-06-29,44999.9,0.96,412.93,1142530854870,1098,673,144,-4336207557,-76627,805,5.26194,3.832977,1.175006,2.065497,2026-06-29,2026-06-29,2026-06-29,2026-06-29,-4.128192477897652,0.0,0.02999999999999936,0.28000000000000025,0.05934599029766563,-0.2466456180885923,2026-06-29,2026-06-29,2026-06-29,2026-06-29,0.1545922689448087,-0.1968750083448656,1.5650251998795328,1.2057734539671738,2026-06-29,2026-06-29,2026-06-29,2026-06-29,2026-06-29,4.137704350190363,3.330553065689168,1.2673362368860186,3.43379204680041,2.0355113191023344
2026-06-30,2026-07-01,2026-06-30,2026-06-30,2026-06-30,2026-07-01,2026-06-30,2026-06-30,2026-06-30,2026-06-30,46125.91,2.5,426.97,1365324357604,1365,412,142,-508728992,-83063,649,4.937377,3.919133,0.79202,1.524314,2026-06-30,2026-06-30,2026-06-30,2026-06-30,-6.798860518563254,0.0600000000000005,0.040000000000000036,0.3000000000000007,-0.09885131953493165,0.07912355906611879,2026-06-30,2026-06-30,2026-06-30,2026-06-30,0.8553722605179281,0.9747883987686556,-0.6325712531150218,1.0657825728628056,2026-06-30,2026-06-30,2026-06-30,2026-06-30,2026-06-30,4.298858180062415,3.7833530995638576,2.6260425117358155,7.677618428501676,1.4230064758388838
2026-07-01,2026-07-02,2026-07-01,2026-07-01,2026-07-01,2026-07-02,2026-07-01,2026-07-01,2026-07-01,2026-07-01,47018.99,1.94,431.23,1528862239863,744,1029,150,32375599806,-84168,-867,-6.981175,-6.272775,-0.215083,-0.662597,2026-07-01,2026-07-01,2026-07-01,2026-07-01,0.8510600799718215,0.040000000000000036,0.03000000000000025,0.3100000000000005,0.1897318900919931,0.197644968294175,2026-07-01,2026-07-01,2026-06-30,2026-07-01,0.5889622598273858,-2.041770911147067,-0.6325712531150218,-0.4106934848080557,2026-07-01,2026-07-01,2026-07-01,2026-07-01,2026-07-01,-6.408015002935741,-5.401819189879264,-1.2544327816355838,-6.890907388804502,-2.226341141524657
2026-07-02,2026-07-03,2026-07-02,2026-07-02,2026-07-02,2026-07-03,2026-07-02,2026-07-02,2026-07-02,2026-07-02,46744.16,-0.58,439.51,1246353658700,1169,593,139,-89046513677,-84487,-938,-2.266845,-5.444809,0.000137,-0.79631,2026-07-02,2026-07-02,2026-07-02,2026-07-02,-2.6522033153145053,0.009999999999999787,-0.03000000000000025,0.35000000000000053,0.11318580885453233,-0.5227327966144446,2026-07-02,2026-07-02,2026-07-02,2026-07-02,-2.4715338282268906,-7.892182852207275,0.7604983046640257,-2.95786989177127,2026-07-02,2026-07-02,2026-07-02,2026-07-02,2026-07-02,-5.566117092438693,-4.540186788465473,-1.3918412665829716,-4.263422080760771,-2.4069919908501825
2026-07-03,2026-07-06,2026-07-03,2026-07-03,2026-07-03,2026-07-06,2026-07-02,2026-07-02,2026-07-02,2026-07-02,46780.62,0.08,445.38,1268079853573,1438,408,95,-77782612615,-81052,116,-2.266845,-5.444809,0.000137,-0.79631,2026-07-02,2026-07-02,2026-07-05,2026-07-02,-2.6522033153145053,0.009999999999999787,-0.03000000000000025,0.35000000000000053,-0.009085485277215977,-0.5227327966144446,2026-07-03,2026-07-03,2026-07-03,2026-07-03,1.470792329438031,5.756339282020484,1.2795472788229567,0.6207035804046246,2026-07-02,2026-07-02,2026-07-02,2026-07-02,2026-07-02,-5.566117092438693,-4.540186788465473,-1.3918412665829716,-4.263422080760771,-2.4069919908501825
2026-07-06,2026-07-07,2026-07-06,2026-07-06,2026-07-06,2026-07-07,2026-07-06,2026-07-06,2026-07-06,2026-07-06,46556.39,-0.48,439.8,1289814733398,938,823,165,-25504496320,-80087,466,4.060716,2.169453,0.724151,1.116765,2026-07-06,2026-07-06,2026-07-06,2026-07-06,-3.5913308817702494,-0.009999999999999787,-0.009999999999999787,0.35000000000000053,0.3974618785651973,-0.009916851249203162,2026-07-06,2026-07-06,2026-07-06,2026-07-06,-0.009151763685999459,-0.45756936948684324,1.140431184215429,-0.0035092092541488817,2026-07-06,2026-07-06,2026-07-06,2026-07-06,2026-07-06,2.682229524818802,2.0277246300241414,0.36955356666652506,6.610401294772261,3.731441596325391
2026-07-07,2026-07-08,2026-07-07,2026-07-07,2026-07-07,2026-07-08,2026-07-07,2026-07-07,2026-07-07,2026-07-07,45479.11,-2.31,419.47,1379255528327,261,1586,84,-54731070648,-80042,-488,-4.254189,-4.648168,-0.445511,-1.157953,2026-07-07,2026-07-07,2026-07-07,2026-07-07,3.5966568845119395,0.0699999999999994,0.0600000000000005,0.35999999999999943,0.25268356539331904,0.2875566880665481,2026-07-07,2026-07-07,2026-07-07,2026-07-07,-2.123280274385353,-4.906270339164164,-0.5057082810516644,-1.027266302664187,2026-07-07,2026-07-07,2026-07-07,2026-07-07,2026-07-07,-5.128029926129319,-3.781230522507606,0.7056965494693257,-6.510280452154371,-0.834446420999746
2026-07-08,2026-07-09,2026-07-08,2026-07-08,2026-07-08,2026-07-09,2026-07-08,2026-07-08,2026-07-08,2026-07-08,45734.41,0.56,421.39,1143544681510,724,1057,142,-37948987989,-81268,164,1.019489,2.231208,-0.281724,0.201253,2026-07-08,2026-07-08,2026-07-08,2026-07-08,4.77371666352322,0.009999999999999787,0.019999999999999574,0.34999999999999964,-0.08308174762022835,-0.08898194426906203,2026-07-08,2026-07-08,2026-07-08,2026-07-08,-2.106618933439819,-5.348790950173033,2.990056530086105,-0.7664438545718077,2026-07-08,2026-07-08,2026-07-08,2026-07-08,2026-07-08,1.8742458282207108,1.9864111360369696,3.651044893523969,0.25188193018261806,4.830358628047282
2026-07-09,2026-07-13,2026-07-09,2026-07-09,2026-07-09,2026-07-13,2026-07-10,2026-07-10,2026-07-10,2026-07-10,45354.61,-0.83,424.99,1172484093340,732,999,160,-47252816429,-80730,633,-0.652235,0.055248,0.420884,0.285111,2026-07-10,2026-07-10,2026-07-12,2026-07-10,-5.113638963471622,0.019999999999999574,0.04999999999999982,0.34999999999999964,0.005918645015356994,0.029719416060336457,2026-07-10,2026-07-10,2026-07-10,2026-07-10,1.201400542230946,2.5237527782554503,0.6031559272958509,-1.9588586120136142,2026-07-10,2026-07-10,2026-07-10,2026-07-10,2026-07-10,-0.06188505140246603,0.5430123466312553,4.033932332484791,2.0431015042210676,-0.28420736767752475
2026-07-13,2026-07-14,2026-07-13,2026-07-13,2026-07-13,2026-07-14,2026-07-13,2026-07-13,2026-07-13,2026-07-13,45380.52,0.06,419.9,1209865894779,567,1259,105,-19559763888,-81066,-507,-2.886365,-4.776527,-0.792702,-1.554051,2026-07-13,2026-07-13,2026-07-13,2026-07-13,14.171657699822537,0.0600000000000005,0.04999999999999982,0.3600000000000003,0.19595735310091733,0.30701946602551544,2026-07-13,2026-07-13,2026-07-13,2026-07-13,-1.9180916082466526,-8.948838151034655,0.15967475599791836,-1.7865280749026269,2026-07-13,2026-07-13,2026-07-13,2026-07-13,2026-07-13,-4.77002102433941,-4.158557347652348,-3.521998340020871,-4.212299805152253,-3.9803018674267387
2026-07-14,2026-07-15,2026-07-14,2026-07-14,2026-07-14,2026-07-15,2026-07-14,2026-07-14,2026-07-14,2026-07-14,44737.95,-1.42,407.41,1385102880497,349,1464,100,-51892812507,-83390,225,-0.282265,2.544177,0.375898,0.903755,2026-07-14,2026-07-14,2026-07-14,2026-07-14,-3.846152991147278,-0.040000000000000036,-0.08000000000000007,0.40000000000000036,-0.08736726929839955,-0.3356993897990934,2026-07-14,2026-07-14,2026-07-14,2026-07-14,0.7447250626200441,0.733074984686799,0.5245363452491159,2.1536088604385606,2026-07-14,2026-07-14,2026-07-14,2026-07-14,2026-07-14,2.584851779634434,2.5084530179791065,4.063285177645359,2.5711539994650146,1.3175361852430179
2026-07-15,2026-07-16,2026-07-15,2026-07-15,2026-07-15,2026-07-16,2026-07-15,2026-07-15,2026-07-15,2026-07-15,45631.59,2,416.41,1159852880511,1523,293,104,-1415388772,-79557,-249,-0.216467,-2.077409,0.381914,0.621368,2026-07-15,2026-07-15,2026-07-15,2026-07-15,-5.030302567915479,-0.03000000000000025,-0.04999999999999982,0.41999999999999993,0.23962128796235493,-0.4359049244739843,2026-07-15,2026-07-15,2026-07-15,2026-07-15,1.4879771675511355,6.235827244561398,1.39835220254374,-0.20265224317210784,2026-07-15,2026-07-15,2026-07-15,2026-07-15,2026-07-15,-2.2274200168278746,-1.589175270467258,0.33049902651376417,-3.464504782662825,1.3286766267545769
2026-07-16,2026-07-17,2026-07-16,2026-07-16,2026-07-16,2026-07-17,2026-07-16,2026-07-16,2026-07-16,2026-07-16,45624.98,-0.01,407.01,1073427296094,626,1113,159,-48334970779,-84453,-976,-2.321927,-4.285784,-0.510141,-1.474277,2026-07-16,2026-07-16,2026-07-16,2026-07-16,6.7645147465313915,0.020000000000000462,0.03000000000000025,0.41000000000000014,0.16578843836740909,0.22885906162546377,2026-07-16,2026-07-16,2026-07-16,2026-07-16,-2.7868025167175348,-6.367160122028581,1.3269262925206249,-1.8454962984497558,2026-07-16,2026-07-16,2026-07-16,2026-07-16,2026-07-16,-4.46089625947399,-3.6985689690940626,-2.400002872242646,-5.329404585999309,-5.029417326179331
2026-07-17,2026-07-20,2026-07-17,2026-07-17,2026-07-17,2026-07-20,2026-07-17,2026-07-17,2026-07-17,2026-07-17,42671.27,-6.47,378.44,1315378258408,145,1745,48,-188314549057,-86189,877,-2.774929,-1.631433,-1.009854,-1.397534,2026-07-17,2026-07-17,2026-07-19,2026-07-17,12.193669882519643,-0.020000000000000462,0.019999999999999574,0.3700000000000001,0.15093593640875813,0.019851724808894744,2026-07-17,2026-07-16,2026-07-17,2026-07-17,-4.031415032398211,-6.367160122028581,-1.7848235485871555,-3.6041717221422243,2026-07-17,2026-07-17,2026-07-17,2026-07-17,2026-07-17,-1.638077745788169,-2.177802500433157,-2.2131130535045007,-1.034054507632809,-0.9667580496069306
2026-07-20,2026-07-21,2026-07-20,2026-07-20,2026-07-20,2026-07-21,2026-07-20,2026-07-20,2026-07-20,2026-07-20,42449.7,-0.52,368.53,1101999609109,622,1168,143,-6083677676,-78337,317,0.986518,0.599286,-0.193225,-0.047687,2026-07-20,2026-07-20,2026-07-20,2026-07-20,-0.6393225162856231,0.04999999999999982,0.03000000000000025,0.3899999999999997,-0.11480806865203919,0.23821127917571516,2026-07-17,2026-07-20,2026-07-20,2026-07-17,-4.031415032398211,-4.461925252436016,2.3646480994113483,-3.6041717221422243,2026-07-20,2026-07-20,2026-07-20,2026-07-20,2026-07-20,0.44652595786689453,0.413272900273598,0.23174460152899368,1.5753585212098908,1.9766516612095275
2026-07-21,2026-07-22,2026-07-21,2026-07-21,2026-07-21,2026-07-22,2026-07-21,2026-07-21,2026-07-21,2026-07-21,44232.87,4.2,381.96,962022667867,1540,289,99,-4331862847,-78490,586,5.545612,5.213883,0.885637,1.290339,2026-07-21,2026-07-21,2026-07-21,2026-07-21,-8.579090692741875,0.03000000000000025,0.04999999999999982,0.3700000000000001,0.15336368301654968,0.1881398608033935,2026-07-21,2026-07-21,2026-07-21,2026-07-17,3.260102677646759,3.555410918928059,-0.04280196084249788,-3.6041717221422243,2026-07-21,2026-07-21,2026-07-21,2026-07-21,2026-07-21,5.44701549110278,4.518368596499456,1.9726458731385677,8.114062544883694,2.2054147073000685
2026-07-22,2026-07-23,2026-07-22,2026-07-22,2026-07-22,2026-07-23,2026-07-22,2026-07-22,2026-07-22,2026-07-22,44825.78,1.34,395.18,1136933316452,1065,721,142,17343992601,-76595,389,-0.800733,0.441155,-0.136369,-0.566278,2026-07-22,2026-07-22,2026-07-22,2026-07-22,-2.4046912947709553,0.040000000000000036,0.04999999999999982,0.3600000000000003,0.16612166048495247,-0.039534409376051904,2026-07-22,2026-07-22,2026-07-22,2026-07-17,-0.17602610135744046,0.7372609245776429,-0.9534702774350645,-3.6041717221422243,2026-07-22,2026-07-22,2026-07-22,2026-07-22,2026-07-22,0.5120441978944124,0.4845151300994166,2.301126164771805,1.4510634095001196,2.667528475703418
2026-07-23,2026-07-24,2026-07-23,2026-07-23,2026-07-23,2026-07-24,2026-07-23,2026-07-23,2026-07-23,2026-07-23,44850.81,0.06,392.11,1065211364127,644,1080,174,6957913275,-75198,-521,-1.336627,-0.538489,-1.20897,-2.153334,2026-07-23,2026-07-23,2026-07-23,2026-07-23,12.379816399347465,0.040000000000000036,0.0600000000000005,0.33999999999999986,-0.2473849217723867,0.28673217053334366,2026-07-23,2026-07-23,2026-07-23,2026-07-17,0.46433820875060317,4.401340641832996,1.2780891581212428,-3.6041717221422243,2026-07-23,2026-07-23,2026-07-23,2026-07-23,2026-07-23,-0.7704545554427567,-1.1483857052664526,-1.556164807012217,-2.288489536570204,-1.0937215202723727
2026-07-24,2026-07-27,2026-07-24,2026-07-24,2026-07-24,2026-07-27,2026-07-24,2026-07-24,2026-07-24,2026-07-24,43654.84,-2.67,377.63,944473450817,556,1216,150,-60950489295,-76260,-445,-2.928433,-4.252809,0.049676,-0.64393,2026-07-24,2026-07-24,2026-07-26,2026-07-24,-0.6417156916443623,-0.019999999999999574,-0.040000000000000036,0.3600000000000003,0.0721389858897803,0.039436966782013805,2026-07-24,2026-07-24,2026-07-24,2026-07-17,-2.7271637701446028,-5.724620385896085,-0.9820393424664786,-3.6041717221422243,2026-07-24,2026-07-24,2026-07-24,2026-07-24,2026-07-24,-4.395541125100144,-3.271451648281709,-0.9197155678610791,-3.2870703837618365,-2.688100430645657
2026-07-27,2026-07-28,2026-07-27,2026-07-27,2026-07-27,2026-07-28,2026-07-27,2026-07-27,2026-07-27,2026-07-27,43634.19,-0.05,378.09,851077935128,767,977,173,8040249858,-78699,-708,-1.070873,-2.233714,0.016193,-0.17513,2026-07-27,2026-07-27,2026-07-27,2026-07-27,0.4843926423974798,-0.040000000000000036,-0.020000000000000462,0.34000000000000075,-0.06281056383515837,0.039421420169638566,2026-07-27,2026-07-27,2026-07-27,2026-07-17,0.4953370687406755,0.9734506170091528,0.9772341726980605,-3.6041717221422243,2026-07-27,2026-07-27,2026-07-27,2026-07-27,2026-07-27,-2.0455075040546444,-2.2523591998161563,-4.994199387907427,-5.172909161517647,0.3403822128359657
2026-07-28,2026-07-29,2026-07-28,2026-07-28,2026-07-28,2026-07-29,2026-07-28,2026-07-28,2026-07-28,2026-07-28,41603.36,-4.65,352.42,886955404714,147,1705,73,-87484625299,-82255,316,-1.698865,-4.493341,0.210431,-0.221281,2026-07-28,2026-07-28,2026-07-28,2026-07-28,-2.463851044143117,-0.040000000000000036,-0.04999999999999982,0.35000000000000053,0.1913253481581556,-0.128071007857955,2026-07-28,2026-07-28,2026-07-28,2026-07-17,-3.9522908415368763,-10.836544332605557,0.4112714042595167,-3.6041717221422243,2026-07-28,2026-07-28,2026-07-28,2026-07-28,2026-07-28,-4.798246895924196,-3.454564329364873,0.2544399847217882,-8.148301059738984,-0.6027862719157451
2026-07-29,2026-07-30,2026-07-29,2026-07-29,2026-07-29,2026-07-30,2026-07-29,2026-07-29,2026-07-29,2026-07-29,40039.18,-3.76,334.24,1149551025912,339,1510,87,-22251858551,-82785,-683,-4.49644,-5.329889,-1.516129,-1.744472,2026-07-29,2026-07-29,2026-07-29,2026-07-29,13.454150939680854,0.05999999999999961,-0.040000000000000036,0.4500000000000002,-0.04603973420009844,-0.5720992477543207,2026-07-29,2026-07-29,2026-07-29,2026-07-17,-1.4923941869365187,-5.983403985715185,1.963862612955869,-3.6041717221422243,2026-07-29,2026-07-29,2026-07-29,2026-07-29,2026-07-29,-5.383956357614661,-4.792291453026321,-3.553119230079016,-5.512295505641807,-2.7801833073632265
2026-07-30,2026-07-31,2026-07-30,2026-07-30,2026-07-30,2026-07-31,2026-07-30,2026-07-30,2026-07-30,2026-07-30,39933.3,-0.26,326.23,1201675334032,453,1342,111,-48311819675,-81017,1573,7.644056,8.18857,1.660436,2.778881,2026-07-30,2026-07-30,2026-07-30,2026-07-30,-17.27976631747846,0.009999999999999787,0.010000000000000675,0.4499999999999993,0.14251061606802562,-0.783731043263658,2026-07-30,2026-07-30,2026-07-30,2026-07-17,0.7052071026459883,-1.2303941365281013,0.19746239779985242,-3.6041717221422243,2026-07-30,2026-07-30,2026-07-30,2026-07-30,2026-07-30,8.501075006300397,6.877954684344134,2.6472285272951313,12.997024259045054,4.731040361622418
2026-07-31,2026-08-03,2026-07-31,2026-07-31,2026-07-31,2026-08-03,2026-07-31,2026-07-31,2026-07-31,2026-07-31,43119.75,7.98,347.85,856073926513,1651,222,75,67553825161,-82515,-1077,0.233072,0.071573,0.700362,1.001784,2026-07-31,2026-07-31,2026-08-02,2026-07-31,-6.436514755110501,0.07000000000000028,0.04999999999999982,0.46999999999999975,-0.3145609094511337,-0.20997808217881886,2026-07-31,2026-07-31,2026-07-31,2026-07-17,4.032153681428952,17.911493328465845,0.09880098161996198,-3.6041717221422243,2026-07-31,2026-07-31,2026-07-31,2026-07-31,2026-07-31,0.07135668245925597,0.3024688827180544,2.9276081370092744,-1.9036281079341077,0.37128776170669564
2026-08-03,2026-08-04,2026-08-03,2026-08-03,2026-08-03,2026-08-04,2026-08-03,2026-08-03,2026-08-03,2026-08-03,43386.41,0.62,362.89,920722011824,1207,586,133,-19190915634,-90038,-67,0.460108,1.054449,1.479091,2.128375,2026-08-03,2026-08-03,2026-08-03,2026-08-03,-0.8130088574218153,-0.04999999999999982,-0.03000000000000025,0.4500000000000002,0.3186484533235223,0.16031666114466603,2026-08-03,2026-08-03,2026-08-03,2026-07-17,-0.9432909317819371,-5.1247449376575105,0.4828026139024777,-3.6041717221422243,2026-08-03,2026-08-03,2026-08-03,2026-08-03,2026-08-03,0.5525912468850258,0.9120663808806828,2.9339972053043173,1.7830559405192181,0.7578124271172104
2026-08-04,2026-08-05,2026-08-04,2026-08-04,2026-08-04,2026-08-05,2026-08-04,2026-08-04,2026-08-04,2026-08-04,43360.66,-0.06,375.03,1170439624872,1164,611,144,-5731532826,-87858,1195,2.723407,6.551944,1.789619,2.589691,2026-08-04,2026-08-04,2026-08-04,2026-08-04,4.035311205402881,-0.07000000000000028,-0.04999999999999982,0.4299999999999997,-0.002778949738335701,-0.07002770654795931,2026-08-04,2026-08-04,2026-08-04,2026-07-17,0.3178309705859528,1.6220664461066736,-0.6016304351499135,-3.6041717221422243,2026-08-04,2026-08-04,2026-08-04,2026-08-04,2026-08-04,6.801534390764696,5.545777652155115,2.564848561465549,7.0031366407139695,6.6109150114688875
2026-08-05,2026-08-06,2026-08-05,2026-08-05,2026-08-05,2026-08-06,2026-08-05,2026-08-05,2026-08-05,2026-08-05,44611.6,2.88,383.75,1283442671543,1260,504,173,90308325824,-87199,-259,-0.759885,-1.398935,-0.167649,-0.833368,2026-08-05,2026-08-05,2026-08-05,2026-08-05,-4.18181563868667,0.0,-0.020000000000000462,0.4500000000000002,-0.4022170511909673,-0.200217188371421,2026-08-05,2026-08-05,2026-08-05,2026-07-17,3.6632218351923873,3.763350285223299,0.2433009146165288,-3.6041717221422243,2026-08-05,2026-08-05,2026-08-05,2026-08-05,2026-08-05,-2.1227954665517856,-1.0439300231446125,3.43493379986608,-7.04424160072219,0.028695981475190813
2026-08-06,2026-08-07,2026-08-06,2026-08-06,2026-08-06,2026-08-07,2026-08-06,2026-08-06,2026-08-06,2026-08-06,44396.7,-0.48,391.37,1137206097968,965,775,185,2019818140,-89383,285,1.014496,0.331509,-0.175953,-0.057238,2026-08-06,2026-08-06,2026-08-06,2026-08-06,-4.174578011190377,0.0600000000000005,0.07000000000000028,0.4400000000000004,-0.17977012124817948,0.2808694677898682,2026-08-06,2026-08-06,2026-08-06,2026-07-17,-0.9308832803705092,-4.575143955156258,-1.487666649081687,-3.6041717221422243,2026-08-06,2026-08-06,2026-08-06,2026-08-06,2026-08-06,0.3429446546740822,0.3124395688220316,-0.10491548501886383,1.4998467315454622,0.5474822013017633
2026-08-07,2026-08-10,2026-08-07,2026-08-07,2026-08-07,2026-08-10,2026-08-07,2026-08-07,2026-08-07,2026-08-07,44225.91,-0.38,384.19,1001320026702,833,952,152,-40715743790,-87911,736,0.43998,2.557121,0.618423,1.299017,2026-08-07,2026-08-07,2026-08-09,2026-08-07,-1.650165058052011,-0.040000000000000036,-0.05999999999999961,0.45999999999999996,0.08787349343861717,-0.3701137761969009,2026-08-07,2026-08-07,2026-08-07,2026-07-17,-0.11653940067728463,-0.5973251929083156,0.5395553977228129,-3.6041717221422243,2026-08-07,2026-08-07,2026-08-07,2026-08-07,2026-08-07,2.0187034488323485,1.9633289217022343,2.2695105237842794,-1.2099438854038969,1.7095851620877678
