feature_date,target_date,taiwan_market_trade_date,institutional_trade_date,foreign_futures_trade_date,night_futures_trade_date,tsm_adr_trade_date,sox_trade_date,sp500_trade_date,nasdaq_trade_date,vix_trade_date,us_treasury_observation_date,usdtwd_trade_date,dxy_trade_date,nikkei_trade_date,kospi_trade_date,hang_seng_trade_date,csi300_trade_date,soxx_trade_date,smh_trade_date,nvda_trade_date,amd_trade_date,avgo_trade_date,taiex_close,taiex_change_percent,tpex_close,turnover,advancing,declining,unchanged,foreign_cash_flow,foreign_futures_position,night_futures_change,tsm_adr_change_percent,sox_change_percent,sp500_change_percent,nasdaq_change_percent,vix_change_percent,us10y_change,us2y_change,yield_curve_10y_2y,usdtwd_change_percent,dxy_change_percent,nikkei_change_percent,kospi_change_percent,hang_seng_change_percent,csi300_change_percent,soxx_change_percent,smh_change_percent,nvda_change_percent,amd_change_percent,avgo_change_percent,next_taiex_close,next_taiex_return,target_direction,turnover_ratio_20d,market_breadth,advance_decline_ratio,foreign_cash_flow_5d_sum,foreign_cash_flow_20d_zscore,foreign_futures_change_1d,foreign_futures_change_5d,taiex_return_3d,taiex_return_5d,taiex_return_20d,taiex_ma5_distance,taiex_ma20_distance,taiex_volatility_20d
2023-09-08,2023-09-11,2023-09-08,2023-09-08,2023-09-08,2023-09-11,2023-09-08,2023-09-08,2023-09-08,2023-09-08,2023-09-08,2023-09-08,2023-09-10,2023-09-08,2023-09-08,2023-09-08,2023-09-07,2023-09-08,2023-09-08,2023-09-08,2023-09-08,2023-09-08,2023-09-08,16576.02,-0.26,214.33,281399570324,624,930,210,-13780317837,-3887,8,-0.455307,-0.450017,0.142662,0.092373,-3.8888852831757137,-0.009999999999999787,0.040000000000000036,-0.7200000000000006,0.16733677994777985,0.028553950118026528,-1.1646733089296424,-0.022763694551453106,-1.343687906173685,-0.49168892163032885,-0.5176279119854632,-0.6277651072143398,-1.4467734621282813,-0.46908717251007426,0.06066803023592193,16432.95,-0.86311431,0,0.791535459,-0.1969111969,0.6709677419,-36966902039.0,-0.6677318447,-777.0,2219.0,-1.2839150028,-0.4140597683,-0.3527565871,-0.7597711634,-0.0566220518,0.7180451327
2023-09-11,2023-09-12,2023-09-11,2023-09-11,2023-09-11,2023-09-12,2023-09-11,2023-09-11,2023-09-11,2023-09-11,2023-09-11,2023-09-11,2023-09-11,2023-09-11,2023-09-11,2023-09-11,2023-09-11,2023-09-11,2023-09-11,2023-09-11,2023-09-11,2023-09-11,2023-09-11,16432.95,-0.86,212.16,330809763205,449,1188,136,-13511468711,-6601,66,-0.044624,0.090858,0.672345,1.136206,-0.28901706222559387,0.03000000000000025,-0.010000000000000675,-0.6799999999999997,-0.556332326305542,-0.49481079188021804,-0.42653651439840123,0.36111094873485516,-0.580269672277145,0.7366342931414804,-0.05668177161120003,0.07314842850103531,-0.8645598273491983,-0.7257957108547819,0.18541684626949273,16572.71,0.85048637,1,0.9326948639,-0.4514355528,0.3779461279,-52017703558.0,-0.5924390496,-2714.0,-3111.0,-1.8234381796,-2.1247563237,-1.0137790829,-1.1942704648,-0.8689511658,0.7407571643
2023-09-12,2023-09-13,2023-09-12,2023-09-12,2023-09-12,2023-09-13,2023-09-12,2023-09-12,2023-09-12,2023-09-12,2023-09-12,2023-09-12,2023-09-12,2023-09-12,2023-09-12,2023-09-12,2023-09-12,2023-09-12,2023-09-12,2023-09-12,2023-09-12,2023-09-12,2023-09-12,16572.71,0.85,213.04,297963178508,929,617,214,8425483496,-1123,-23,0.982148,-0.788402,-0.569589,-1.036646,3.1159372866542467,-0.020000000000000462,0.010000000000000675,-0.7100000000000009,0.17958901124717208,0.13388102711773264,0.9505162362687614,-0.7939287576219978,-0.38990297431881205,-0.1842035209790871,-0.848779978466141,-0.750883674373859,-0.6817532036684226,-0.009496901119876444,-1.7016993282964465,16581.51,0.05309934,1,0.8485159372,0.2018111255,1.5056726094,-44800900497.0,1.2006753863,5478.0,5107.0,-0.2793766705,-1.3036272281,1.0921905176,-0.0909463801,-0.0798175636,0.7111924746
2023-09-13,2023-09-14,2023-09-13,2023-09-13,2023-09-13,2023-09-14,2023-09-13,2023-09-13,2023-09-13,2023-09-13,2023-09-13,2023-09-13,2023-09-13,2023-09-13,2023-09-13,2023-09-13,2023-09-13,2023-09-13,2023-09-13,2023-09-13,2023-09-13,2023-09-13,2023-09-13,16581.51,0.05,215.09,299432081164,1016,533,214,-1836021272,-667,64,0.817858,0.547003,0.124163,0.290262,-5.2705553346921175,-0.019999999999999574,-0.020000000000000462,-0.71,-0.2155596677621885,0.057298786284354364,-0.2131156078877816,-0.07412054400879331,-0.09247766017108638,-0.6368716345943493,0.5128120236986611,0.8101276840670524,1.370630026981745,2.2789873530702165,0.9958269240863071,16807.56,1.36326547,1,0.858039619,0.3118140736,1.9061913696,-38562848614.0,0.3190245884,456.0,4465.0,0.0331201338,-0.9358854259,0.7700488611,0.1512641647,-0.0649337969,0.7074914649
2023-09-14,2023-09-15,2023-09-14,2023-09-14,2023-09-14,2023-09-15,2023-09-14,2023-09-14,2023-09-14,2023-09-14,2023-09-14,2023-09-14,2023-09-14,2023-09-14,2023-09-14,2023-09-14,2023-09-14,2023-09-14,2023-09-14,2023-09-14,2023-09-14,2023-09-14,2023-09-14,16807.56,1.36,218.7,345885747271,1266,324,170,18929234763,1936,-7,0.274063,0.667611,0.842992,0.814126,-4.896141467543513,0.040000000000000036,0.040000000000000036,-0.71,-0.0815148181333325,0.6108686069957292,1.4112844713084716,1.506684899275501,0.21488558215783105,-0.08402961637256068,0.715485423292983,0.5445919011374034,0.2110600639738669,-1.0026941233261755,2.1936175457917484,16920.92,0.6744584,1,0.9963613616,0.5924528302,3.9074074074,-1773089561.0,1.8244990246,2603.0,5046.0,2.2796272124,1.1337530101,2.193620879,1.286055628,1.1874362708,0.7632788901
2023-09-15,2023-09-18,2023-09-15,2023-09-15,2023-09-15,2023-09-18,2023-09-15,2023-09-15,2023-09-15,2023-09-15,2023-09-15,2023-09-15,2023-09-17,2023-09-15,2023-09-15,2023-09-15,2023-09-15,2023-09-15,2023-09-15,2023-09-15,2023-09-15,2023-09-15,2023-09-15,16920.92,0.67,219,474044879156,695,883,184,8423586552,-1469,-179,-2.427027,-3.008738,-1.215961,-1.563399,7.566304915127442,0.040000000000000036,0.019999999999999574,-0.6899999999999995,0.028554359396615325,-0.08538465435753428,1.1004195719861665,1.1034338002821498,0.7478463097645216,-0.6623788446813994,-2.886029601971296,-3.0253001185809203,-3.6879395111771185,-4.820406566674351,-2.2899386945546385,16698.24,-1.31600409,0,1.3615976926,-0.1191381496,0.7870894677,20430814828.0,0.88624531,-3405.0,2418.0,2.101104768,2.0807166015,2.4475892826,1.5470682879,1.7460892421,0.7703085435
2023-09-18,2023-09-19,2023-09-18,2023-09-18,2023-09-18,2023-09-19,2023-09-18,2023-09-18,2023-09-18,2023-09-18,2023-09-18,2023-09-18,2023-09-18,2023-09-18,2023-09-15,2023-09-18,2023-09-18,2023-09-18,2023-09-18,2023-09-18,2023-09-18,2023-09-18,2023-09-18,16698.24,-1.32,217.99,318828653797,722,820,219,-25634115612,-6811,17,-0.470586,0.462551,0.072129,0.013934,1.5228429204342975,-0.009999999999999787,0.03000000000000025,-0.7299999999999995,0.06430824687451153,-0.1139410813993047,1.1004195719861665,-1.021038038758526,-1.3877872828594873,0.5104085842538852,0.3408184132127845,0.33376847715598235,0.15033730090801,0.8670853299196368,-0.19725632752075617,16636.32,-0.37081752,0,0.9328531414,-0.0635538262,0.8804878049,8308167927.0,-1.7742043688,-5342.0,-210.0,0.7039768996,1.6143784287,1.9347048557,-0.1073689767,0.3115241405,0.8074216244
2023-09-19,2023-09-20,2023-09-19,2023-09-19,2023-09-19,2023-09-20,2023-09-19,2023-09-19,2023-09-19,2023-09-19,2023-09-19,2023-09-19,2023-09-19,2023-09-19,2023-09-19,2023-09-19,2023-09-19,2023-09-19,2023-09-19,2023-09-19,2023-09-19,2023-09-19,2023-09-19,16636.32,-0.37,216.28,330489831359,478,1086,203,-12737822132,-8399,5,-0.742996,-0.957773,-0.215101,-0.233765,0.7857118334088975,0.04999999999999982,0.03000000000000025,-0.71,0.2554950815896184,0.0,-0.8663084772492113,-0.6023959864415618,0.3715398452492913,-0.19341528748354486,-0.8429420126812026,-0.8621888975892888,-1.0144182994411555,-0.7424070683204498,-0.09411980124081065,16534.75,-0.61053166,0,0.9728115767,-0.3887468031,0.4401473297,-12855137701.0,-0.6967571698,-1588.0,-7276.0,-1.018827242,0.3838237681,1.2088740395,-0.5534729997,-0.1200625492,0.8116064969
2023-09-20,2023-09-21,2023-09-20,2023-09-20,2023-09-20,2023-09-21,2023-09-20,2023-09-20,2023-09-20,2023-09-20,2023-09-20,2023-09-20,2023-09-20,2023-09-20,2023-09-20,2023-09-20,2023-09-20,2023-09-20,2023-09-20,2023-09-20,2023-09-20,2023-09-20,2023-09-20,16534.75,-0.61,214.09,322596179926,436,1136,198,-18210995734,-6165,-45,-0.998069,-1.740665,-0.939479,-1.528423,7.299792428826057,-0.020000000000000462,0.040000000000000036,-0.7700000000000005,0.09036943995639479,-0.03801643278800171,-0.6582176502446524,0.0207106609057206,-0.619932539306578,-0.39806635112887845,-1.6417476329690817,-1.6434937454951393,-2.9434789319934707,-1.2498811778685837,-2.1938283120260693,16316.67,-1.31891925,0,0.9532037599,-0.4452926209,0.3838028169,-29230112163.0,-1.0159513839,2234.0,-5498.0,-2.2822045137,-0.2820008552,-0.2542694955,-1.1053402249,-0.7172990878,0.8033483176
2023-09-21,2023-09-22,2023-09-21,2023-09-21,2023-09-21,2023-09-22,2023-09-21,2023-09-21,2023-09-21,2023-09-21,2023-09-21,2023-09-21,2023-09-21,2023-09-21,2023-09-21,2023-09-21,2023-09-21,2023-09-21,2023-09-21,2023-09-21,2023-09-21,2023-09-21,2023-09-21,16316.67,-1.32,211.16,310872063874,252,1387,132,-33995733397,-13203,-87,-2.211021,-1.764146,-1.640093,-1.820084,15.852050976095722,0.14000000000000057,0.0,-0.6299999999999999,0.4033278269981899,0.19018347401813518,-1.3709876216098094,-1.7490065280868938,-1.2870099865388007,-0.8972688089328384,-1.845393302029641,-1.9981969493896523,-2.8930613129589,-4.215662628982697,-2.6740680407482786,16344.48,0.17043919,1,0.9453945983,-0.692495424,0.1816870944,-82155080323.0,-1.932515136,-7038.0,-15139.0,-2.2850911234,-2.9206499932,-2.7082673707,-1.8332412832,-1.8929771249,0.8037625672
2023-09-22,2023-09-25,2023-09-22,2023-09-22,2023-09-22,2023-09-25,2023-09-22,2023-09-22,2023-09-22,2023-09-22,2023-09-22,2023-09-22,2023-09-24,2023-09-22,2023-09-22,2023-09-22,2023-09-22,2023-09-22,2023-09-22,2023-09-22,2023-09-22,2023-09-22,2023-09-22,16344.48,0.17,213.23,276383996572,937,590,238,-14834019504,-10613,6,0.328021,0.791888,-0.22956,-0.092037,-1.9384272225830057,-0.04999999999999982,-0.020000000000000462,-0.6599999999999993,-0.02178097385048261,0.20880905412743456,-0.5176966901723867,-0.27197493291392094,2.2771437136943407,1.8105126644743619,0.8329493959274847,0.8525236245110701,1.4457477242205474,0.0936388901457752,2.5632127192568577,16452.23,0.65924398,1,0.8512794952,0.2272429601,1.5881355932,-105412686379.0,-0.6724405297,2590.0,-9144.0,-1.7542341095,-3.4066705593,-0.8318377243,-0.9791051692,-1.68524195,0.7177190856
2023-09-25,2023-09-26,2023-09-25,2023-09-25,2023-09-25,2023-09-26,2023-09-25,2023-09-25,2023-09-25,2023-09-25,2023-09-25,2023-09-25,2023-09-25,2023-09-25,2023-09-25,2023-09-25,2023-09-25,2023-09-25,2023-09-25,2023-09-25,2023-09-25,2023-09-25,2023-09-25,16452.23,0.66,214.8,264077276555,1093,457,212,-3095632448,-5037,1,0.700605,0.718212,0.402307,0.450436,-1.7441926226863136,0.10999999999999943,-0.009999999999999787,-0.54,-0.08777210926956824,0.3978008729507154,0.8524334549284251,-0.49319108757653884,-1.8173118045335723,-0.6507164998863502,0.7316695143890106,0.7044237480317905,1.4707990933470416,1.226611582753634,0.5801645489700524,16276.07,-1.07073631,0,0.8198657398,0.4103225806,2.3916849015,-82874203215.0,0.2628117262,5576.0,1774.0,-0.4990701402,-1.4732690391,-0.3454424971,-0.0283164073,-1.0201305587,0.7326404418
2023-09-26,2023-09-27,2023-09-26,2023-09-26,2023-09-26,2023-09-27,2023-09-26,2023-09-26,2023-09-26,2023-09-26,2023-09-26,2023-09-26,2023-09-26,2023-09-26,2023-09-26,2023-09-26,2023-09-26,2023-09-26,2023-09-26,2023-09-26,2023-09-26,2023-09-26,2023-09-26,16276.07,-1.07,212.14,277421807355,300,1316,150,-23162936765,-6116,-71,-2.261128,-1.765468,-1.473453,-1.565104,12.0710116069503,0.009999999999999787,-0.04999999999999982,-0.4800000000000004,0.2710100200153054,0.21698429899394966,-1.1125572895551827,-1.3138298127302384,-1.4799728909039578,-0.5844560519939423,-2.164146498020769,-1.5808685362951769,-0.7365847735196329,-1.4582031310290233,-2.1225780910694714,16310.36,0.21067739,1,0.8621743262,-0.6287128713,0.2279635258,-93299317848.0,-1.201204833,-1079.0,2283.0,-0.2488252811,-2.1654428383,-2.0908765524,-0.6638453595,-1.9774559959,0.748149703
2023-09-27,2023-09-28,2023-09-27,2023-09-27,2023-09-27,2023-09-28,2023-09-27,2023-09-27,2023-09-27,2023-09-27,2023-09-27,2023-09-27,2023-09-27,2023-09-27,2023-09-27,2023-09-27,2023-09-27,2023-09-27,2023-09-27,2023-09-27,2023-09-27,2023-09-27,2023-09-27,16310.36,0.21,212.52,256068367981,655,861,244,-1508378471,-8249,14,1.364339,0.954757,0.022931,0.223822,-3.8014846906072153,0.05000000000000071,0.05999999999999961,-0.4899999999999993,0.1118344873288768,0.4141907164714409,0.17592300801205774,0.08526688027992169,0.829962653693328,0.2060745823255994,0.8817614099571713,0.916850442716366,1.3290048337460503,2.1988335040459495,0.07595836442180204,16353.74,0.26596593,1,0.8049978834,-0.135883905,0.7607433217,-76596700585.0,0.5369398084,-2133.0,-2084.0,-0.2087554942,-1.3570812985,-2.4489498093,-0.181163212,-1.6496801545,0.7355908411
2023-09-28,2023-10-02,2023-09-28,2023-09-28,2023-09-28,2023-10-02,2023-09-29,2023-09-29,2023-09-29,2023-09-29,2023-09-29,2023-09-29,2023-10-01,2023-09-29,2023-09-29,2023-09-27,2023-09-29,2023-09-28,2023-09-29,2023-09-29,2023-09-29,2023-09-29,2023-09-29,16353.74,0.27,213.1,309934691067,942,570,243,-7748660757,-10084,61,0.567062,0.388778,-0.270958,0.136654,1.0380640345549086,0.0,-0.009999999999999787,-0.4400000000000004,0.5745343056007934,-0.04707498699224599,-0.046749961547254415,0.08526688027992169,2.5132684226436997,-0.2967161321105305,0.36232913763531993,0.47820533197888704,0.9515185795292425,0.05838610095998398,-0.17067102911549892,16557.31,1.24479171,1,0.9915409347,0.246031746,1.6526315789,-50349627945.0,0.0443478402,-1835.0,3119.0,-0.5986422509,0.2271909648,-1.6878765891,0.0389297952,-1.3045549722,0.7345163626
2023-10-02,2023-10-03,2023-10-02,2023-10-02,2023-10-02,2023-10-03,2023-10-02,2023-10-02,2023-10-02,2023-10-02,2023-10-02,2023-10-02,2023-10-02,2023-10-02,2023-10-02,2023-09-27,2023-09-29,2023-09-28,2023-10-02,2023-10-02,2023-10-02,2023-10-02,2023-10-02,16557.31,1.24,215.86,335925659735,1073,486,200,6360822379,-7012,-45,0.863061,0.423961,0.007937,0.669091,0.5136994876504541,0.10000000000000053,0.08999999999999986,-0.4299999999999997,0.19166355232618226,0.6875797019153751,-0.3067971929056168,0.08526688027992169,2.5132684226436997,-0.2967161321105305,0.5045886544192912,0.8621879133926313,2.949495229414145,0.43765507642268275,0.5261432931449983,16454.34,-0.62190054,0,1.0743650683,0.3765234124,2.20781893,-29154786062.0,1.0836654921,3072.0,3601.0,1.727935552,1.3021521639,-0.5264663015,1.0211628571,-0.0495728417,0.7893272571
2023-10-03,2023-10-04,2023-10-03,2023-10-03,2023-10-03,2023-10-04,2023-10-03,2023-10-03,2023-10-03,2023-10-03,2023-10-03,2023-10-03,2023-10-03,2023-10-03,2023-10-03,2023-09-27,2023-10-03,2023-09-28,2023-10-03,2023-10-03,2023-10-03,2023-10-03,2023-10-03,16454.34,-0.62,214.75,312417539407,482,1106,169,-15801419816,-9837,-106,-2.555616,-2.095482,-1.374407,-1.865826,12.32254401523627,0.11999999999999922,0.03000000000000025,-0.34000000000000075,0.015161115187400931,0.09354394077991657,-1.6433985019056907,0.08526688027992169,-2.6864041701385233,-0.2967161321105305,-2.0691488195497154,-2.2225262223596887,-2.8248027379409013,-3.0889851028438997,-2.409726296679493,16273.38,-1.09977064,0,0.9940600662,-0.3929471033,0.4358047016,-41860573430.0,-0.5772415706,-2825.0,-4800.0,0.8827518215,0.0128250091,-1.9973567112,0.3903269018,-0.5705232983,0.7717055099
2023-10-04,2023-10-05,2023-10-04,2023-10-04,2023-10-04,2023-10-05,2023-10-04,2023-10-04,2023-10-04,2023-10-04,2023-10-04,2023-10-04,2023-10-04,2023-10-04,2023-10-04,2023-10-04,2023-10-04,2023-09-28,2023-10-04,2023-10-04,2023-10-04,2023-10-04,2023-10-04,16273.38,-1.1,213.78,276390900941,389,1226,142,-25925798113,-8471,91,1.475231,1.431621,0.810975,1.351816,-6.06673772134717,-0.07999999999999918,-0.10000000000000053,-0.3199999999999994,-0.06344507962983137,-0.18691303574036588,-2.276265996407989,-2.4088616269088647,-0.7811386266092013,-0.2967161321105305,1.3277885985925497,1.5596664239503788,1.2041319387221971,3.9868083440936175,1.1020642051508656,16453.52,1.10696118,1,0.8843096608,-0.5182662539,0.3172920065,-44623434778.0,-1.2302574478,1366.0,-2355.0,-0.4913860683,-0.0165273312,-3.0862436657,-0.7104773412,-1.5098067566,0.8012724297
2023-10-05,2023-10-06,2023-10-05,2023-10-05,2023-10-05,2023-10-06,2023-10-05,2023-10-05,2023-10-05,2023-10-05,2023-10-05,2023-10-05,2023-10-05,2023-10-05,2023-10-05,2023-10-05,2023-10-05,2023-09-28,2023-10-05,2023-10-05,2023-10-05,2023-10-05,2023-10-05,16453.52,1.11,216.01,292969507948,1169,385,207,-1273682796,-2594,0,0.415369,-0.523806,-0.130403,-0.12224,-0.4843926423974909,-0.010000000000000675,-0.019999999999999574,-0.3100000000000005,-0.2709645805099248,-0.4400760367725409,1.7967067063012987,-0.08687086868636174,0.10484685272031946,-0.2967161321105305,-0.4847809914219958,0.0,1.4690841573781643,-1.1146305718424343,0.006075288006623936,16520.57,0.40751158,1,0.9438689446,0.5045045045,3.0363636364,-44388739103.0,0.6161506506,5877.0,5655.0,-0.6268530335,0.8777243421,-1.7005453407,0.2135523324,-0.333710692,0.8455922008
2023-10-06,2023-10-11,2023-10-06,2023-10-06,2023-10-06,2023-10-11,2023-10-10,2023-10-10,2023-10-10,2023-10-10,2023-10-10,2023-10-10,2023-10-10,2023-10-10,2023-10-10,2023-10-10,2023-10-10,2023-10-10,2023-10-10,2023-10-10,2023-10-10,2023-10-10,2023-10-10,16520.57,0.41,215.95,265362388759,806,724,234,-3512808207,-4058,132,1.820432,1.289745,0.520799,0.5829,-3.7853110023407632,-0.1200000000000001,-0.1200000000000001,-0.2999999999999998,-0.3758872824822568,-0.23567118748560878,2.425769904616293,-0.25531721669164176,0.8410498980422343,-0.7490398971579104,1.2818701919474762,1.2367384037019535,1.1596349693652197,1.9070775846009136,0.2956091847258868,16672.03,0.91679645,1,0.8588788428,0.0535947712,1.1132596685,-40152886553.0,0.3956566207,-1464.0,6026.0,0.4025077882,1.0201336208,-0.5931113162,0.4178624814,0.1023256476,0.8391121282
2023-10-11,2023-10-12,2023-10-11,2023-10-11,2023-10-11,2023-10-12,2023-10-11,2023-10-11,2023-10-11,2023-10-11,2023-10-11,2023-10-11,2023-10-11,2023-10-11,2023-10-11,2023-10-11,2023-10-11,2023-10-11,2023-10-11,2023-10-11,2023-10-11,2023-10-11,2023-10-11,16672.03,0.92,213.99,428061391650,537,1118,113,23108464703,-4032,3,1.534046,0.733471,0.429301,0.714009,-5.519674081955506,-0.08000000000000007,0.03000000000000025,-0.41000000000000014,0.13337411367397856,-0.009451134893145863,0.5984290974720752,1.9770412829307027,1.2927971985137177,0.2849274253177825,0.7523712172316177,1.0814386409777166,2.2009681924483937,-0.6421471093651765,1.8813827884862189,16825.91,0.92298298,1,1.3533535527,-0.3510574018,0.4803220036,-23405244229.0,2.0249102859,26.0,2980.0,2.4497062073,0.6928661721,0.5792102085,1.1973582875,0.9906846074,0.8616228313
2023-10-12,2023-10-13,2023-10-12,2023-10-12,2023-10-12,2023-10-13,2023-10-12,2023-10-12,2023-10-12,2023-10-12,2023-10-12,2023-10-12,2023-10-12,2023-10-12,2023-10-12,2023-10-12,2023-10-12,2023-10-12,2023-10-12,2023-10-12,2023-10-12,2023-10-12,2023-10-12,16825.91,0.92,216.61,346862353704,1240,386,149,24099762654,-877,-112,0.45652,0.30499,-0.624643,-0.625637,3.729026574143468,0.1200000000000001,0.0699999999999994,-0.35999999999999943,0.3449852673573339,0.7087507107946811,1.747687504743456,1.2138374782074246,1.9287397692917319,0.9496757650384158,0.255741900632378,0.5085221778974081,0.2969703450195871,0.44317548495365067,3.5492090095178064,16782.57,-0.25757894,0,1.093859927,0.5252152522,3.2124352332,16495938241.0,1.7991967026,3155.0,8960.0,2.2632846953,2.2581884172,2.3912931032,1.6727695228,1.8016495634,0.8567049087
2023-10-13,2023-10-16,2023-10-13,2023-10-13,2023-10-13,2023-10-16,2023-10-13,2023-10-13,2023-10-13,2023-10-13,2023-10-13,2023-10-13,2023-10-15,2023-10-13,2023-10-13,2023-10-13,2023-10-13,2023-10-13,2023-10-13,2023-10-13,2023-10-13,2023-10-13,2023-10-13,16782.57,-0.26,216.23,362835369030,541,1036,193,-6086500977,-468,-121,-2.120752,-2.695418,-0.501886,-1.230194,15.757933352966802,-0.07000000000000028,-0.019999999999999574,-0.41000000000000014,0.07802568918739983,0.07506974878839223,-0.5498439467157668,-0.9545114307944469,-2.3289659287613396,-1.0525654291725917,-2.72228459778443,-2.503447990981278,-3.1611485127596706,-3.4010520695828217,-2.4757032084570363,16652.24,-0.77657951,0,1.1326463513,-0.3138871275,0.5222007722,36335235377.0,-0.0229506122,409.0,8003.0,1.5859016971,3.1289750501,1.2662986319,0.7906470033,1.4750078362,0.8435236137
2023-10-16,2023-10-17,2023-10-16,2023-10-16,2023-10-16,2023-10-17,2023-10-16,2023-10-16,2023-10-16,2023-10-16,2023-10-16,2023-10-16,2023-10-16,2023-10-16,2023-10-16,2023-10-16,2023-10-16,2023-10-16,2023-10-16,2023-10-16,2023-10-16,2023-10-16,2023-10-16,16652.24,-0.78,214.59,284621232498,449,1163,154,-15625629460,-1420,121,0.840153,1.434708,1.059437,1.19898,-10.921328383441054,0.08000000000000007,0.04999999999999982,-0.3799999999999999,-0.02609097479768785,-0.38443849624314463,-2.032928382312671,-0.810614697839751,-0.9716806757885443,-1.0047964966041767,1.4160145934316581,1.152440624616946,1.3946079188220661,1.3036471541754802,2.195478807607132,16642.55,-0.05819037,0,0.8905476011,-0.4429280397,0.3860705073,21983288713.0,-0.5761835205,-952.0,1174.0,-0.1187018018,1.2077658762,0.4265594629,-0.2302125308,0.6654481439,0.8633313805
2023-10-17,2023-10-18,2023-10-17,2023-10-17,2023-10-17,2023-10-18,2023-10-17,2023-10-17,2023-10-17,2023-10-17,2023-10-17,2023-10-17,2023-10-17,2023-10-17,2023-10-17,2023-10-17,2023-10-17,2023-10-17,2023-10-17,2023-10-17,2023-10-17,2023-10-17,2023-10-17,16642.55,-0.06,214.2,333537755889,508,1070,196,-4622214459,-1226,18,-0.241177,-0.795147,-0.009825,-0.252289,3.8930860658699107,0.1200000000000001,0.10000000000000053,-0.3600000000000003,0.4303052871834856,0.009414661550821712,1.204268652869378,0.9822485361272948,0.7538421747714574,0.3529422694212192,-0.7301834274098362,-1.1792851334922916,-4.679469439719918,-1.2399020347321654,-2.013141658367257,16440.91,-1.21159318,0,1.0456217669,-0.3561470215,0.4747663551,20873882461.0,0.198954348,194.0,2832.0,-1.0897478948,0.7383522481,-0.9817605887,-0.4338004171,0.6570738561,0.8069013928
2023-10-18,2023-10-19,2023-10-18,2023-10-18,2023-10-18,2023-10-19,2023-10-18,2023-10-18,2023-10-18,2023-10-18,2023-10-18,2023-10-18,2023-10-18,2023-10-18,2023-10-18,2023-10-18,2023-10-18,2023-10-18,2023-10-18,2023-10-18,2023-10-18,2023-10-18,2023-10-18,16440.91,-1.21,211.46,401202064095,368,1279,126,-8621099193,-8166,-74,-1.538463,-1.76161,-1.339982,-1.621503,7.494408364001504,0.08000000000000007,0.0,-0.28000000000000025,0.21748199303619486,0.30117618336396035,0.006120224122119211,0.09878081020509022,-0.2296715916021541,-0.7918839641719577,-1.802420001766536,-2.0024279086036434,-3.964678844561198,-2.8248061993003337,0.2973772964959931,16452.73,0.07189383,1,1.2722721788,-0.5531268974,0.287724785,-10855681435.0,-0.012431686,-6940.0,-4134.0,-2.0358026214,-1.3862738971,-2.8367842883,-1.3673780221,-0.4179277906,0.827141416
2023-10-19,2023-10-20,2023-10-19,2023-10-19,2023-10-19,2023-10-20,2023-10-19,2023-10-19,2023-10-19,2023-10-19,2023-10-19,2023-10-19,2023-10-19,2023-10-19,2023-10-19,2023-10-19,2023-10-19,2023-10-19,2023-10-19,2023-10-19,2023-10-19,2023-10-19,2023-10-19,16452.73,0.07,213.3,304475487121,782,799,188,-13120715615,-5306,32,3.694202,-1.338234,-0.848285,-0.962275,11.342353709976805,0.07000000000000028,-0.05000000000000071,-0.15999999999999925,-0.14508549811510507,-0.3002718361082679,-1.9088261884699143,-1.9004323467974538,-2.4623060782791195,-2.1337302426624905,-1.5405496660848894,-0.6811183017488176,-0.22513368075079976,0.22511829407421136,-2.1645330314936206,16440.72,-0.072997,0,0.9677400185,-0.0107526882,0.9787234043,-48076159704.0,-0.3800693091,2860.0,-4429.0,-1.1980970728,-2.2178889582,-1.4702747116,-0.8525267865,-0.2721844842,0.7826194868
2023-10-20,2023-10-23,2023-10-20,2023-10-20,2023-10-20,2023-10-23,2023-10-20,2023-10-20,2023-10-20,2023-10-20,2023-10-20,2023-10-20,2023-10-22,2023-10-20,2023-10-20,2023-10-20,2023-10-20,2023-10-20,2023-10-20,2023-10-20,2023-10-20,2023-10-20,2023-10-20,16440.72,-0.07,211.82,326869696194,424,1202,149,-7304326685,-4579,-114,-1.722103,-1.533066,-1.258528,-1.534714,1.448595661066987,-0.05000000000000071,-0.0699999999999994,-0.14000000000000057,-0.05038966791286459,-0.08470243566176539,-0.5448819345834743,-1.6888835169912575,-0.7155443354048163,-0.649488923803565,-1.4461286661171524,-1.5655268060963734,-1.695923309193792,-0.5761757407162227,-1.636263111305225,16251.36,-1.15177437,0,1.039515457,-0.4784747847,0.3527454243,-49293985412.0,0.0172329056,727.0,-4111.0,-1.2127348273,-2.0369347484,-1.1757407888,-0.515011954,-0.2858710418,0.7796000437
2023-10-23,2023-10-24,2023-10-23,2023-10-23,2023-10-23,2023-10-24,2023-10-23,2023-10-23,2023-10-23,2023-10-23,2023-10-23,2023-10-23,2023-10-23,2023-10-23,2023-10-23,2023-10-23,2023-10-20,2023-10-23,2023-10-23,2023-10-23,2023-10-23,2023-10-23,2023-10-23,16251.36,-1.15,210.79,247620038192,704,851,214,-14190878110,-10479,42,-0.219031,-0.530733,-0.168557,0.265873,-6.172263020488311,-0.0699999999999994,-0.020000000000000462,-0.1899999999999995,-0.29692153040949965,-0.5840266816073192,-0.8311385739970922,-0.7570518092105294,-0.7155443354048163,-1.0354412433862703,-0.5685583441745523,0.35186486877119005,3.836947342671282,-1.7679947603646218,1.0062921524656154,16309.76,0.35935454,1,0.7969862923,-0.0945337621,0.8272620447,-47859234062.0,-0.4967529648,-5900.0,-9059.0,-1.1529167181,-2.4073638141,-1.7139055625,-1.1814306686,-1.3495736185,0.8072797074
2023-10-24,2023-10-25,2023-10-24,2023-10-24,2023-10-24,2023-10-25,2023-10-24,2023-10-24,2023-10-24,2023-10-24,2023-10-24,2023-10-24,2023-10-24,2023-10-24,2023-10-24,2023-10-24,2023-10-24,2023-10-24,2023-10-24,2023-10-24,2023-10-24,2023-10-24,2023-10-24,16309.76,0.36,212.8,282966137858,1106,468,201,-13213113527,-11897,60,0.581713,1.376364,0.726579,0.933607,-6.872859441333212,-0.03000000000000025,-0.03000000000000025,-0.1899999999999995,-0.0992725378481718,0.6916768250962324,0.20257980048854485,1.1238763360034154,-1.051713173973412,0.37101330404223365,1.3569613167613959,1.1711066602150266,1.600930191437011,1.6598300142556255,2.1908560881102934,16358.89,0.30123067,1,0.9148592639,0.4053367217,2.3632478632,-56450133130.0,-0.5546811836,-1418.0,-10671.0,-0.8689743283,-1.9996334696,-0.0423493274,-0.423320066,-0.9929923739,0.760323201
2023-10-25,2023-10-26,2023-10-25,2023-10-25,2023-10-25,2023-10-26,2023-10-25,2023-10-25,2023-10-25,2023-10-25,2023-10-25,2023-10-25,2023-10-25,2023-10-25,2023-10-25,2023-10-25,2023-10-25,2023-10-25,2023-10-25,2023-10-25,2023-10-25,2023-10-25,2023-10-25,16358.89,0.3,214.73,289563551758,1158,431,192,-7500599115,-8177,-145,-4.364906,-4.129854,-1.433963,-2.425065,6.43121383691494,0.1200000000000001,0.0600000000000005,-0.1299999999999999,0.5474476980509069,0.24466184665814517,0.6682376417441072,-0.8533670010735572,0.5520443722935031,0.49697254496934296,-4.042436956426732,-3.874687343962835,-4.31486372567238,-5.517852573410509,-3.5727691461123756,16073.74,-1.74308893,0,0.9341990439,0.4575204531,2.686774942,-55329633052.0,-0.1270313371,3720.0,-11.0,-0.4977275934,-0.4988774952,0.0881643221,-0.0232357854,-0.6990960546,0.7623142324
2023-10-26,2023-10-27,2023-10-26,2023-10-26,2023-10-26,2023-10-27,2023-10-26,2023-10-26,2023-10-26,2023-10-26,2023-10-26,2023-10-26,2023-10-26,2023-10-26,2023-10-26,2023-10-26,2023-10-26,2023-10-26,2023-10-26,2023-10-26,2023-10-26,2023-10-26,2023-10-26,16073.74,-1.74,210.23,280842599033,245,1379,148,-28688153332,-12384,15,-0.216799,-0.543388,-1.183252,-1.759656,2.4269428338627552,-0.08999999999999986,-0.0600000000000005,-0.15999999999999925,-0.06609096449337049,0.06570890418315933,-2.136687994946218,-2.7120285831646607,-0.23833723398259954,0.27621749851680644,-0.5947107972517851,-0.8797130273623943,-3.4778217246460352,-2.4880277434846,-2.692930397700488,16134.61,0.3786922,1,0.9036194467,-0.6982758621,0.1776649746,-70897070769.0,-1.621718064,-4207.0,-7078.0,-1.0929546819,-2.3035082932,-2.3005391974,-1.3087455472,-2.3177871224,0.8358468633
2023-10-27,2023-10-30,2023-10-27,2023-10-27,2023-10-27,2023-10-30,2023-10-27,2023-10-27,2023-10-27,2023-10-27,2023-10-27,2023-10-27,2023-10-26,2023-10-27,2023-10-27,2023-10-27,2023-10-27,2023-10-27,2023-10-27,2023-10-27,2023-10-27,2023-10-27,2023-10-27,16134.61,0.38,211.88,268468139111,853,672,243,-8988649910,-9142,-79,-1.669524,1.212832,-0.480028,0.376317,2.852998761514658,-0.020000000000000462,-0.02999999999999936,-0.15000000000000036,-0.06609096449337049,-0.03752431153838387,1.2741421094093708,0.16223795352929837,2.077613431665992,1.3730244519264634,1.075973666719121,0.618355014703198,0.4314828781808444,2.9465166971098578,1.4042884070673889,16149.68,0.0934017,1,0.865050301,0.1186885246,1.2693452381,-72581393994.0,-0.1947437414,3242.0,-4563.0,-1.0738968569,-1.8619014252,-0.869128727,-0.5612217479,-1.9057077971,0.8121479652
2023-10-30,2023-10-31,2023-10-30,2023-10-30,2023-10-30,2023-10-31,2023-10-30,2023-10-30,2023-10-30,2023-10-30,2023-10-30,2023-10-30,2023-10-30,2023-10-30,2023-10-30,2023-10-30,2023-10-30,2023-10-30,2023-10-30,2023-10-30,2023-10-30,2023-10-30,2023-10-30,16149.68,0.09,213.17,259955886232,840,718,206,-6787272368,-12483,40,0.081404,-1.298698,1.201002,1.158511,-7.14621732510995,0.040000000000000036,0.040000000000000036,-0.15000000000000036,0.1702879428238102,-0.4129080537654706,-0.9509920911887626,0.33611066642211807,0.04384748797450211,0.6001624639029091,-1.3390975586864862,-0.25304811720374687,1.632097032335067,-0.25925541761776527,0.3447223983651382,16001.27,-0.91896558,0,0.8370980801,0.0783055199,1.1699164345,-65177788252.0,-0.0011941912,-3341.0,-2004.0,-1.2788765008,-0.6256707131,-0.9851407326,-0.3434424316,-1.766104048,0.8107366388
2023-10-31,2023-11-01,2023-10-31,2023-10-31,2023-10-31,2023-11-01,2023-10-31,2023-10-31,2023-10-31,2023-10-31,2023-10-31,2023-10-31,2023-10-31,2023-10-31,2023-10-31,2023-10-31,2023-10-31,2023-10-31,2023-10-31,2023-10-31,2023-10-31,2023-10-31,2023-10-31,16001.27,-0.92,209.65,332577989603,263,1371,138,-17297291529,-15297,64,0.290495,0.964152,0.647496,0.482895,-8.151901824564877,0.0,0.040000000000000036,-0.1900000000000004,-0.5136671932754799,0.5088587462788619,0.5273768703182302,-1.4091907946449322,-1.6883421737924453,-0.3141945410631508,0.9147337607868788,0.7175921906326543,-0.9256347642085938,2.4121435719099082,0.014265720769879309,16038.56,0.233044,1,1.0670622252,-0.6780905753,0.1918307805,-69261966254.0,-0.7794297382,-2814.0,-3400.0,-0.4508596008,-1.8914441414,-2.1552868029,-0.8818830056,-2.5643900076,0.8288534236
2023-11-01,2023-11-02,2023-11-01,2023-11-01,2023-11-01,2023-11-02,2023-11-01,2023-11-01,2023-11-01,2023-11-01,2023-11-01,2023-11-01,2023-11-01,2023-11-01,2023-11-01,2023-11-01,2023-11-01,2023-11-01,2023-11-01,2023-11-01,2023-11-01,2023-11-01,2023-11-01,16038.56,0.23,211.82,255674098091,953,579,225,-6051313099,-13396,153,1.726342,2.334037,1.0506,1.635869,-7.0010947802995105,-0.11000000000000032,-0.1200000000000001,-0.1800000000000006,0.4818957001067936,0.20625687582527252,2.4070916144078636,1.0346870908308992,-0.06253431169456203,-0.04142690894369805,2.3531281621356204,2.4901092406328207,3.788626851129151,9.685280117286643,1.3751353939357225,16396.95,2.23455223,1,0.8310180655,0.2441253264,1.6459412781,-67812680238.0,0.1453424476,1901.0,-5219.0,-0.5953041319,-1.9581401917,-3.1330572418,-0.2550565401,-2.1828299962,0.7739580669
2023-11-02,2023-11-03,2023-11-02,2023-11-02,2023-11-02,2023-11-03,2023-11-02,2023-11-02,2023-11-02,2023-11-02,2023-11-02,2023-11-02,2023-11-02,2023-11-02,2023-11-02,2023-11-02,2023-11-02,2023-11-02,2023-11-02,2023-11-02,2023-11-02,2023-11-02,2023-11-02,16396.95,2.23,214.51,313920855248,1326,274,171,15949863574,-3904,116,3.052392,2.357681,1.885856,1.781734,-7.172501076628713,-0.09999999999999964,0.03000000000000025,-0.3100000000000005,-0.08054883399617463,-0.7110727230222103,1.1019685050319694,1.8057342643990504,0.7531996796294571,-0.47157508484857447,2.2725216338321363,2.591111822566461,2.7903124266296153,-0.1943716056026723,2.1525530081205613,16507.65,0.67512556,1,1.020088405,0.6575,4.8394160584,-23174663332.0,1.6602949506,9492.0,8480.0,1.5311139292,2.0107952474,-0.3487833605,1.5654896547,0.0204500568,0.9238532108
2023-11-03,2023-11-06,2023-11-03,2023-11-03,2023-11-03,2023-11-06,2023-11-03,2023-11-03,2023-11-03,2023-11-03,2023-11-03,2023-11-03,2023-11-03,2023-11-03,2023-11-02,2023-11-03,2023-11-03,2023-11-03,2023-11-03,2023-11-03,2023-11-03,2023-11-03,2023-11-03,16507.65,0.68,215.14,315877908762,994,556,224,9083815441,662,102,1.447831,2.553926,0.939373,1.384739,-4.789272077317042,-0.09999999999999964,-0.15000000000000036,-0.2599999999999998,-0.6727043338677685,-1.0365681069029686,1.1019685050319694,1.076341350071175,2.5160444349631605,0.842666027016703,2.628001884077813,2.3340097610291988,3.4455029914061797,4.099043025029769,1.3060949433653324,16649.36,0.85845048,1,1.019904498,0.2825806452,1.7877697842,-5102197981.0,1.0481257211,4566.0,9804.0,3.164623808,2.3120484474,1.4395903002,1.7808198401,0.6238162751,0.9001599687
2023-11-06,2023-11-07,2023-11-06,2023-11-06,2023-11-06,2023-11-07,2023-11-06,2023-11-06,2023-11-06,2023-11-06,2023-11-06,2023-11-06,2023-11-06,2023-11-06,2023-11-06,2023-11-06,2023-11-06,2023-11-06,2023-11-06,2023-11-06,2023-11-06,2023-11-06,2023-11-06,16649.36,0.86,218.62,317880265493,1330,300,149,18526006433,5672,9,0.882446,-0.280214,0.175299,0.300483,-0.13413483765277734,0.09999999999999964,0.09999999999999964,-0.2599999999999998,-0.21642199929325923,0.1904442811176965,2.3743112383502796,5.659239143152339,1.7123452390521932,1.3523527623494846,-0.1851628357075752,0.29429633975817104,1.6575899674778016,-0.44543429844098315,-0.20958621847876335,16684.95,0.21376197,1,1.0222585949,0.6319018405,4.4333333333,20211080820.0,1.585085157,5010.0,18155.0,3.8083219441,3.0940551144,1.190262023,2.0259017261,1.4270821207,0.8874623976
2023-11-07,2023-11-08,2023-11-07,2023-11-07,2023-11-07,2023-11-08,2023-11-07,2023-11-07,2023-11-07,2023-11-07,2023-11-07,2023-11-07,2023-11-07,2023-11-07,2023-11-07,2023-11-07,2023-11-07,2023-11-07,2023-11-07,2023-11-07,2023-11-07,2023-11-07,2023-11-07,16684.95,0.21,219.48,280174897520,733,834,207,1264901820,7942,54,-0.205178,0.771289,0.284012,0.895644,-0.5372728130387805,-0.08999999999999986,-0.019999999999999574,-0.33000000000000007,0.03926512985428232,0.3041243975591801,-1.3350059372742473,-2.334193325312295,-1.649893998126295,-0.3537428261292219,0.6366213454438663,0.6268772661133903,0.4458971013103108,1.5212500655411132,1.9288597050812761,16740.83,0.3349126,1,0.8988625266,-0.0644543714,0.8788968825,38773274169.0,0.3271901664,2270.0,23239.0,1.756424213,4.2726608575,0.9950019884,1.3944035955,1.5930272816,0.884703286
2023-11-08,2023-11-09,2023-11-08,2023-11-08,2023-11-08,2023-11-09,2023-11-08,2023-11-08,2023-11-08,2023-11-08,2023-11-08,2023-11-08,2023-11-08,2023-11-08,2023-11-08,2023-11-08,2023-11-08,2023-11-08,2023-11-08,2023-11-08,2023-11-08,2023-11-08,2023-11-08,16740.83,0.33,219.8,349466127727,842,719,214,3765257708,5468,-23,-0.443679,0.034855,0.100492,0.077345,-2.430794059092134,-0.08999999999999986,0.019999999999999574,-0.4399999999999995,-0.06791163810595524,0.04737106493233334,-0.32641432286730776,-0.9140838682737851,-0.575542144783725,-0.24006954557224125,0.10054691924277215,0.3578721507834226,1.3469686792241031,0.12340184523080833,1.4824812502751028,16745.65,0.02879188,1,1.135479599,0.0787956438,1.1710709318,48589844976.0,0.632094071,-2474.0,18864.0,1.4125572083,4.3786349897,0.4126672037,0.8729962278,1.911928839,0.8651847992
2023-11-09,2023-11-10,2023-11-09,2023-11-09,2023-11-09,2023-11-10,2023-11-09,2023-11-09,2023-11-09,2023-11-09,2023-11-09,2023-11-09,2023-11-09,2023-11-09,2023-11-09,2023-11-09,2023-11-09,2023-11-09,2023-11-09,2023-11-09,2023-11-09,2023-11-09,2023-11-09,16745.65,0.03,219.58,312498262626,540,1054,184,-2010874973,5085,-48,-0.41304,-0.585424,-0.808384,-0.944733,5.813149921630401,0.1299999999999999,0.10000000000000053,-0.41000000000000014,0.42331222103415556,0.3030659487805343,1.4921758978770017,0.22546727699972458,-0.3254233549733754,0.048739285926524545,-0.47920158230588816,-0.17829295828464264,0.8073161851881672,-0.08803457817150306,0.027440130567124577,16682.67,-0.37609767,0,1.0210645798,-0.3224592221,0.5123339658,30629106429.0,0.3255501857,-383.0,8989.0,0.5783405488,2.1266150107,-0.4770024326,0.4798001739,1.9661811795,0.8403380776
2023-11-10,2023-11-13,2023-11-10,2023-11-10,2023-11-10,2023-11-13,2023-11-10,2023-11-10,2023-11-10,2023-11-10,2023-11-10,2023-11-10,2023-11-10,2023-11-10,2023-11-10,2023-11-10,2023-11-10,2023-11-10,2023-11-10,2023-11-10,2023-11-10,2023-11-10,2023-11-10,16682.67,-0.38,217.86,299971612038,517,1076,188,-7071621356,8721,287,6.352324,4.037838,1.561644,2.046083,-7.325048321473949,-0.009999999999999787,0.009999999999999787,-0.4299999999999997,0.11640889396631326,-0.047212775024862985,-0.24000017230044746,-0.7177417083445659,-1.7590326775807519,-0.7290707650522865,4.032890376384746,4.048686801349666,2.9499431289178313,4.493786739024341,5.062650473310759,16839.29,0.93881855,1,0.9903052545,-0.3509102323,0.4804832714,14473669632.0,-0.1320299035,3636.0,8059.0,-0.0136650095,1.0602357089,-0.5952604398,-0.1079116961,1.6135946488,0.8424052352
2023-11-13,2023-11-14,2023-11-13,2023-11-13,2023-11-13,2023-11-14,2023-11-13,2023-11-13,2023-11-13,2023-11-13,2023-11-13,2023-11-13,2023-11-13,2023-11-13,2023-11-13,2023-11-13,2023-11-13,2023-11-13,2023-11-13,2023-11-13,2023-11-13,2023-11-13,2023-11-13,16839.29,0.94,218.34,340268976396,765,835,184,20356247805,3132,37,-1.046802,-0.974179,-0.083584,-0.220103,4.163727236494141,0.019999999999999574,-0.020000000000000462,-0.3899999999999997,0.28615993590586086,-0.18892588993867365,0.05219830173208706,-0.24484377708658966,1.295982127297135,-0.19740967197116044,-0.9741945535775121,-0.6103709705804539,0.5896345356581678,-1.5178307428517557,-1.105980157135955,16915.71,0.45381961,1,1.113115539,-0.04375,0.9161676647,16303911004.0,2.0045540194,-5589.0,-2540.0,0.5881428818,1.1407645699,1.1232723045,0.6010749475,2.5091667848,0.8489508054
2023-11-14,2023-11-15,2023-11-14,2023-11-14,2023-11-14,2023-11-15,2023-11-14,2023-11-14,2023-11-14,2023-11-14,2023-11-14,2023-11-14,2023-11-14,2023-11-14,2023-11-14,2023-11-14,2023-11-14,2023-11-14,2023-11-14,2023-11-14,2023-11-14,2023-11-14,2023-11-14,16915.71,0.45,219.08,326732146290,954,616,212,11580242842,5238,213,2.582458,3.621848,1.907502,2.3725,-4.065043171853533,-0.1899999999999995,-0.21999999999999975,-0.35999999999999943,-0.3131760247389592,-1.466972362327923,0.3400949532642139,1.2268275582657084,-0.16843341679536605,0.0740386418277783,3.698341820110218,3.0514257869618477,2.1308089692620324,2.645771310615519,2.7488798584485608,17128.78,1.25959833,1,1.0700238602,0.2152866242,1.5487012987,26619252026.0,1.1659723367,2106.0,-2704.0,1.0155473212,1.383042802,1.6413350118,0.7797517163,2.8888285578,0.8527283647
2023-11-15,2023-11-16,2023-11-15,2023-11-15,2023-11-15,2023-11-16,2023-11-15,2023-11-15,2023-11-15,2023-11-15,2023-11-15,2023-11-15,2023-11-15,2023-11-15,2023-11-15,2023-11-15,2023-11-15,2023-11-15,2023-11-15,2023-11-15,2023-11-15,2023-11-15,2023-11-15,17128.78,1.26,220.5,436278945981,1213,412,160,46541199231,5590,36,-0.111213,0.719564,0.159701,0.067119,0.14124617216946245,0.08999999999999986,0.10000000000000053,-0.3700000000000001,-0.5194670295959769,0.2689451327013481,2.5194864899802383,2.195414440563037,3.9210561532747823,0.7032249876943508,0.7262753200547811,0.07449896250841803,-1.5466363965582874,-1.5682326463886898,0.2507845151579202,17171.18,0.2475366,1,1.4206219677,0.4929230769,2.9441747573,69395193549.0,2.8463592505,352.0,122.0,2.6740923365,2.3173880865,4.1838924974,1.5796071975,3.9673185532,0.8347386369
2023-11-16,2023-11-17,2023-11-16,2023-11-16,2023-11-16,2023-11-17,2023-11-16,2023-11-16,2023-11-16,2023-11-16,2023-11-16,2023-11-16,2023-11-16,2023-11-16,2023-11-16,2023-11-16,2023-11-16,2023-11-16,2023-11-16,2023-11-16,2023-11-16,2023-11-16,2023-11-16,17171.18,0.25,221.55,333121453158,1002,584,201,19627012949,5469,-28,-0.26316,0.323538,0.119043,0.069698,0.9873017393189798,-0.08000000000000007,-0.07000000000000028,-0.3799999999999999,-0.2132410680105945,-0.019155707618856432,-0.2842777969997323,0.060724173817416904,-1.3616886304552267,-0.9672158175376033,0.04884804135545373,0.3721796537056621,1.2109291606168027,1.5508490093683713,-1.6249734156198237,17208.95,0.21996159,1,1.0796825511,0.263556116,1.7157534247,91033081471.0,1.0921607209,-121.0,384.0,1.9709263277,2.5411375492,4.3667525086,1.3196852449,3.9979182465,0.8341776666
2023-11-17,2023-11-20,2023-11-17,2023-11-17,2023-11-17,2023-11-20,2023-11-17,2023-11-17,2023-11-17,2023-11-17,2023-11-17,2023-11-17,2023-11-17,2023-11-17,2023-11-17,2023-11-17,2023-11-17,2023-11-17,2023-11-17,2023-11-17,2023-11-17,2023-11-17,2023-11-17,17208.95,0.22,222.75,343936006066,1051,530,205,23688438631,3897,-8,1.05541,0.659214,0.128205,0.083682,-3.631281530524766,-0.009999999999999787,0.04999999999999982,-0.4399999999999995,-0.5361010585086534,-0.5269742620331863,0.4810528046668816,-0.7366763854689928,-2.123224777348298,-0.12008977072571758,0.7031094867970378,0.4696927118794214,-0.36782378380503244,0.6592680492829794,1.8946389023658528,17210.47,0.00883261,1,1.1116591813,0.3295382669,1.9830188679,121793141458.0,1.202835891,-1572.0,-4824.0,1.7335364581,3.1546509042,4.6727272285,0.9157919218,3.9847627951,0.8315175161
2023-11-20,2023-11-21,2023-11-20,2023-11-20,2023-11-20,2023-11-21,2023-11-20,2023-11-20,2023-11-20,2023-11-20,2023-11-20,2023-11-20,2023-11-20,2023-11-20,2023-11-20,2023-11-20,2023-11-20,2023-11-20,2023-11-20,2023-11-20,2023-11-20,2023-11-20,2023-11-20,17210.47,0.01,223.45,338725512544,1038,567,183,9121670733,1877,72,0.3816,1.52482,0.739028,1.125978,-2.8260894053073637,-0.020000000000000462,0.009999999999999787,-0.46999999999999975,-0.32132626900811534,-0.3371204730783117,-0.5870680339449152,0.8644189999986063,1.8556052702694448,0.23121743244782778,1.4739864584125018,1.433220438760796,2.253641229806136,0.754432110755876,1.8389498867096732,17416.7,1.19828221,1,1.0789324199,0.2934579439,1.8306878307,110558564386.0,0.2984148312,-2020.0,-1255.0,0.476916628,2.2042497041,5.9017214559,0.4872535312,3.6934745538,0.7712301422
2023-11-21,2023-11-22,2023-11-21,2023-11-21,2023-11-21,2023-11-22,2023-11-21,2023-11-21,2023-11-21,2023-11-21,2023-11-21,2023-11-21,2023-11-21,2023-11-21,2023-11-21,2023-11-21,2023-11-21,2023-11-21,2023-11-21,2023-11-21,2023-11-21,2023-11-21,2023-11-21,17416.7,1.2,224.24,408005771713,1006,574,208,42147431887,2450,-80,-1.550616,-1.918646,-0.202093,-0.591898,-0.44742331562338533,-0.009999999999999787,-0.02999999999999936,-0.4500000000000002,-0.8404013385645337,0.11597092468527137,-0.10150531112852468,0.7715145744958685,-0.24850665299110952,0.13281808980198928,-1.8692359036289408,-1.4736159889166989,-0.922454619072488,-1.9501317707502852,-1.457248005320677,17310.26,-0.61113759,0,1.2742333865,0.2734177215,1.7526132404,141125753431.0,1.9320666888,573.0,-2788.0,1.4298376699,2.9616847298,6.7869790849,1.0999107459,4.5872511067,0.796264711
2023-11-22,2023-11-23,2023-11-22,2023-11-22,2023-11-22,2023-11-23,2023-11-22,2023-11-22,2023-11-22,2023-11-22,2023-11-22,2023-11-22,2023-11-22,2023-11-22,2023-11-22,2023-11-22,2023-11-22,2023-11-22,2023-11-22,2023-11-22,2023-11-22,2023-11-22,2023-11-22,17310.26,-0.61,226.02,358934953317,963,637,192,-7403672408,-6348,17,0.243875,0.326027,0.406113,0.463943,-3.7453182450392863,0.009999999999999787,0.02999999999999936,-0.46999999999999975,-0.2987157157754772,0.31856534677179305,0.2928796790128585,0.050988652763672704,0.003997906550745611,-1.0234412001093762,0.3194262079275756,-0.21542814112506248,-2.4587550754171072,2.811344722362019,-0.9376332782174646,17294.55,-0.09075542,0,1.1089684253,0.20375,1.5117739403,87180881792.0,-0.7816128085,-8798.0,-11938.0,0.5887052958,1.0595033622,5.8156146291,0.2707907869,3.6519984625,0.8224278398
2023-11-23,2023-11-24,2023-11-23,2023-11-23,2023-11-23,2023-11-24,2023-11-22,2023-11-22,2023-11-22,2023-11-22,2023-11-22,2023-11-22,2023-11-23,2023-11-22,2023-11-22,2023-11-23,2023-11-23,2023-11-23,2023-11-22,2023-11-22,2023-11-22,2023-11-22,2023-11-22,17294.55,-0.09,226.33,388724580500,782,753,244,1368375114,-2439,15,0.243875,0.326027,0.406113,0.463943,-3.7453182450392863,0.009999999999999787,0.02999999999999936,-0.46999999999999975,0.4589758947224354,0.31856534677179305,0.2928796790128585,0.1297929620974081,0.9937649468095833,0.4824512341417009,0.3194262079275756,-0.21542814112506248,-2.4587550754171072,2.811344722362019,-0.9376332782174646,17287.42,-0.04122686,0,1.1813192486,0.0188925081,1.0385126162,68922243957.0,-0.4265874309,3909.0,-7908.0,0.4885398249,0.718471299,7.5950587729,0.0368112652,3.1807986724,0.6860981469
2023-11-24,2023-11-27,2023-11-24,2023-11-24,2023-11-24,2023-11-27,2023-11-24,2023-11-24,2023-11-24,2023-11-24,2023-11-24,2023-11-24,2023-11-24,2023-11-24,2023-11-24,2023-11-24,2023-11-24,2023-11-24,2023-11-24,2023-11-24,2023-11-24,2023-11-24,2023-11-24,17287.42,-0.04,226.64,321651890628,694,864,223,3440210189,-4240,1,-0.831221,0.079306,0.059687,-0.105221,-3.03502203692656,0.04999999999999982,0.03000000000000025,-0.4500000000000002,0.3045899881200631,-0.5003816899813995,0.5192634744831226,-0.7288417473718778,-1.9620516119886355,-0.6601116836827181,0.07183690968510792,-0.22205811818051258,-1.9295480629855755,-0.16325571312481024,0.7067943528036302,17137.42,-0.86768297,0,0.9696519669,-0.109114249,0.8032407407,48674015515.0,-0.3475329205,-1801.0,-8137.0,-0.7422760913,0.4559836597,7.144951133,-0.0951231747,2.7847956162,0.6918820406
2023-11-27,2023-11-28,2023-11-27,2023-11-27,2023-11-27,2023-11-28,2023-11-27,2023-11-27,2023-11-27,2023-11-27,2023-11-27,2023-11-27,2023-11-27,2023-11-27,2023-11-27,2023-11-27,2023-11-27,2023-11-27,2023-11-27,2023-11-27,2023-11-27,2023-11-27,2023-11-27,17137.42,-0.87,224.73,334527726380,496,1128,154,-1818453998,-1356,49,-0.633755,-0.22999,-0.195416,-0.068979,1.8459032225695893,-0.08000000000000007,-0.08000000000000007,-0.4500000000000002,0.06958739453368779,-0.19342802193930142,-0.528941457244636,-0.038851201365586174,-0.19567488648754017,-0.7368568287657862,-0.13968967382563813,-0.06181432252851948,0.9753842802793233,0.2779854256168113,-2.9247999551060833,17341.25,1.18938557,1,0.9972580728,-0.3891625616,0.4397163121,37733890784.0,-0.7014980262,2884.0,-3233.0,-0.9984829806,-0.4244509302,6.1161583387,-0.8782904079,1.5946296369,0.7396270581
2023-11-28,2023-11-29,2023-11-28,2023-11-28,2023-11-28,2023-11-29,2023-11-28,2023-11-28,2023-11-28,2023-11-28,2023-11-28,2023-11-28,2023-11-28,2023-11-28,2023-11-28,2023-11-28,2023-11-28,2023-11-28,2023-11-28,2023-11-28,2023-11-28,2023-11-28,2023-11-28,17341.25,1.19,228.92,361449995493,1356,299,128,20003229299,-149,0,0.792104,-0.56053,0.098012,0.286077,0.0,-0.04999999999999982,-0.10999999999999943,-0.39000000000000057,-0.3508662983925048,-0.43604356739261885,-0.11744090933085705,1.0458194856441727,-0.9752886240697034,0.1873630595848219,-0.584779927127066,-0.5752863500573357,-0.8726865164504716,-0.521809524407868,-0.4093701911828673,17370.56,0.16901896,1,1.0728986199,0.6386706949,4.5351170569,15589688196.0,0.6059491239,1207.0,-2599.0,0.2700272629,-0.4332049125,8.3742102971,0.3882673447,2.3962780986,0.7079518258
2023-11-29,2023-11-30,2023-11-29,2023-11-29,2023-11-29,2023-11-30,2023-11-29,2023-11-29,2023-11-29,2023-11-29,2023-11-29,2023-11-29,2023-11-29,2023-11-29,2023-11-29,2023-11-29,2023-11-29,2023-11-29,2023-11-29,2023-11-29,2023-11-29,2023-11-29,2023-11-29,17370.56,0.17,230.88,397509025224,863,717,206,9920226607,-4478,39,0.918549,0.941547,-0.094625,-0.162932,2.285263762351275,-0.07000000000000028,-0.09000000000000075,-0.3700000000000001,-0.8025385010653641,0.01946145310598446,-0.2609280883311027,-0.07732500968862244,-2.078473257012692,-0.8585985235213922,1.0845932844512962,0.9208057149687088,0.6670714745419248,1.5080700808743241,-0.5832957580857556,17433.85,0.3643521,1,1.1556071189,0.0924050633,1.2036262204,32913587211.0,-0.1401537322,-4329.0,1870.0,0.4809277498,0.3483483206,8.3049849862,0.4877868177,2.1675646967,0.7088681129
2023-11-30,2023-12-01,2023-11-30,2023-11-30,2023-11-30,2023-12-01,2023-11-30,2023-11-30,2023-11-30,2023-11-30,2023-11-30,2023-11-30,2023-11-30,2023-11-30,2023-11-30,2023-11-30,2023-11-30,2023-11-30,2023-11-30,2023-11-30,2023-11-30,2023-11-30,2023-11-30,17433.85,0.36,231.74,493422048919,928,662,200,7962278203,-3608,-48,-1.587783,-0.76678,0.378407,-0.226325,-0.4622455166284678,0.10000000000000053,0.09000000000000075,-0.3600000000000003,-0.6491401865898361,0.710327314176129,0.4971963247892841,0.6143312435775039,0.2909440810165531,0.2261809427945627,-0.697911283972863,-1.0665254390746726,-2.8458640408278835,-2.1719780744073214,-1.604968095502568,17438.35,0.02581185,1,1.3979628773,0.1672955975,1.4018126888,39507490300.0,-0.2503938342,870.0,-1169.0,1.7297236107,0.8054560541,6.3237370365,0.691632831,2.2280859922,0.5709161799
2023-12-01,2023-12-04,2023-12-01,2023-12-01,2023-12-01,2023-12-04,2023-12-01,2023-12-01,2023-12-01,2023-12-01,2023-12-01,2023-12-01,2023-12-01,2023-12-01,2023-12-01,2023-12-01,2023-12-01,2023-12-01,2023-12-01,2023-12-01,2023-12-01,2023-12-01,2023-12-01,17438.35,0.03,232.11,373581919029,972,631,190,1212298008,-832,69,1.274284,0.367557,0.587374,0.553981,-2.2445817348339614,-0.15000000000000036,-0.17000000000000082,-0.33999999999999986,0.981686899414469,-0.2222254656363276,-0.1653748831748958,-1.1943418240254688,-1.2473247913838637,-0.3809870300727547,0.46919775721190327,0.40504061102857314,-0.010692897298025805,0.18982809556564728,0.46125972166179974,17421.48,-0.0967408,0,1.0498500965,0.2127261385,1.5404120444,37279578119.0,-0.6913806046,2776.0,3408.0,0.5599365674,0.8730626085,5.6379920825,0.5423342304,1.9762099271,0.5676075639
2023-12-04,2023-12-05,2023-12-04,2023-12-04,2023-12-04,2023-12-05,2023-12-04,2023-12-04,2023-12-04,2023-12-04,2023-12-04,2023-12-04,2023-12-04,2023-12-04,2023-12-04,2023-12-04,2023-12-04,2023-12-04,2023-12-04,2023-12-04,2023-12-04,2023-12-04,2023-12-04,17421.48,-0.1,233.01,398009487905,905,709,176,-5294637036,-4353,-99,-1.562659,-1.19922,-0.540851,-0.83565,3.562943825713938,0.0600000000000005,0.08000000000000007,-0.35999999999999943,-0.5896645950528856,0.3582867808748613,-0.5989624076367828,0.3968024625650157,-1.0947516767214616,-0.6529076798368338,-1.120024538956521,-1.4584534427493856,-2.68363323959121,-2.323090624436308,-0.6483836840557755,17328.01,-0.53652158,0,1.106044093,0.1214374226,1.2764456982,33803395081.0,-1.039381596,-3521.0,-2997.0,0.293139657,1.6575423839,4.637535617,0.1171305397,1.6480759456,0.556689237
2023-12-05,2023-12-06,2023-12-05,2023-12-05,2023-12-05,2023-12-06,2023-12-05,2023-12-05,2023-12-05,2023-12-05,2023-12-05,2023-12-05,2023-12-05,2023-12-05,2023-12-05,2023-12-05,2023-12-05,2023-12-05,2023-12-05,2023-12-05,2023-12-05,2023-12-05,2023-12-05,17328.01,-0.54,231.35,377885768994,523,1088,173,-10458179822,-5906,26,-0.329863,-0.56966,-0.056887,0.313136,-1.7584062964670188,-0.10000000000000053,-0.0699999999999994,-0.39000000000000057,0.7521885066418044,0.395603690200641,-1.3705441446397515,-0.821882036474264,-1.9115070227102016,-1.9039658758829403,-0.5683202034728385,0.0,2.3203770808688295,-0.160244953947275,-1.1742877762235926,17360.72,0.18876951,1,1.0360553675,-0.3507138423,0.4806985294,3341985960.0,-1.3023602578,-1553.0,-5757.0,-0.6070948184,-0.0763497441,3.8541320172,-0.4048636516,0.9133973348,0.581158149
2023-12-06,2023-12-07,2023-12-06,2023-12-06,2023-12-06,2023-12-07,2023-12-06,2023-12-06,2023-12-06,2023-12-06,2023-12-06,2023-12-06,2023-12-06,2023-12-06,2023-12-06,2023-12-06,2023-12-06,2023-12-06,2023-12-06,2023-12-06,2023-12-06,2023-12-06,2023-12-06,17360.72,0.19,232.11,361194370872,853,749,190,253008079,-6349,-65,1.199706,-0.723773,-0.39062,-0.584685,0.9338512217643702,-0.05999999999999961,0.02999999999999936,-0.47999999999999954,0.2940513077498652,0.09610617125244136,2.0444282358493604,0.04409502953583999,0.8292538712798558,0.157327013112174,-0.6168956101583523,-0.80614610727896,-2.2827889379518185,-1.3177881354856202,-1.0381966046385638,17278.74,-0.47221544,0,0.9887026863,0.0649188514,1.1388518024,-6325232568.0,-0.5827854058,-443.0,-1871.0,-0.4451682642,-0.0566475692,3.7028630002,-0.2055702986,0.9217241773,0.5802200843
2023-12-07,2023-12-08,2023-12-07,2023-12-07,2023-12-07,2023-12-08,2023-12-07,2023-12-07,2023-12-07,2023-12-07,2023-12-07,2023-12-07,2023-12-07,2023-12-07,2023-12-07,2023-12-07,2023-12-07,2023-12-07,2023-12-07,2023-12-07,2023-12-07,2023-12-07,2023-12-07,17278.74,-0.47,230.83,358776437728,501,1089,198,-5159475655,-7320,130,1.471643,2.790044,0.796819,1.366256,0.693910182998847,0.019999999999999574,-0.019999999999999574,-0.4400000000000004,-0.08535741997394153,-0.5856942884441496,-1.7568367758098113,-0.13263769880978993,-0.7129214922099836,-0.24473667844376878,2.681210645826715,2.2857181609623023,2.402044610070564,9.887001757007386,2.0605545841463124,17383.99,0.60913006,1,0.9759027749,-0.3698113208,0.4600550964,-19446986426.0,-0.9188796249,-971.0,-3712.0,-0.8193333747,-0.8897059456,3.1834536133,-0.4993821068,0.2897587054,0.5969390986
2023-12-08,2023-12-11,2023-12-08,2023-12-08,2023-12-08,2023-12-11,2023-12-08,2023-12-08,2023-12-08,2023-12-08,2023-12-08,2023-12-08,2023-12-08,2023-12-08,2023-12-08,2023-12-08,2023-12-08,2023-12-08,2023-12-08,2023-12-08,2023-12-08,2023-12-08,2023-12-08,17383.99,0.61,232.1,369249120590,878,720,189,15208995224,-5568,47,1.067577,0.710596,0.40955,0.446161,-5.436447284339452,0.09000000000000075,0.1299999999999999,-0.47999999999999954,-0.19720937647662584,0.45393202293533275,-1.6752207959197962,1.0344825221486165,-0.07047356551254103,0.2412048421233104,0.7899312324493923,0.8566043275856305,1.9529569797841262,0.4284514081781543,2.389784258195937,17418.34,0.1975956,1,0.9950143095,0.098873592,1.2194444444,-5450289210.0,0.3394236596,1752.0,-4736.0,0.3230607554,-0.3117267402,4.2038834311,0.1694191761,0.6957067135,0.5914087675
2023-12-11,2023-12-12,2023-12-11,2023-12-11,2023-12-11,2023-12-12,2023-12-11,2023-12-11,2023-12-11,2023-12-11,2023-12-11,2023-12-11,2023-12-11,2023-12-11,2023-12-11,2023-12-11,2023-12-11,2023-12-11,2023-12-11,2023-12-11,2023-12-11,2023-12-11,2023-12-11,17418.34,0.2,232.68,354689364310,703,908,175,1187224744,-7881,92,0.597906,3.397303,0.392449,0.198004,2.2672042455262664,0.0,0.0,-0.47999999999999954,-0.05568435956523343,0.08652661863495226,1.4979061306193309,0.298270725990224,-0.813498664834833,0.5880342896835256,3.410876961346143,2.4003011187994527,-1.8502959791022788,4.258459177116647,8.995026229426873,17450.63,0.18537932,1,0.9539267739,-0.1272501552,0.7742290749,1031572570.0,-0.5335682542,-2313.0,-3528.0,0.331898677,-0.018023727,3.4386841726,0.3709816088,0.725754274,0.5671687978
2023-12-12,2023-12-13,2023-12-12,2023-12-12,2023-12-12,2023-12-13,2023-12-12,2023-12-12,2023-12-12,2023-12-12,2023-12-12,2023-12-12,2023-12-12,2023-12-12,2023-12-12,2023-12-12,2023-12-12,2023-12-12,2023-12-12,2023-12-12,2023-12-12,2023-12-12,2023-12-12,17450.63,0.19,233.37,381887827773,657,960,179,10294040956,-9496,26,0.643885,0.712129,0.459936,0.699187,-4.4338908514846676,-0.03000000000000025,0.020000000000000462,-0.5300000000000002,-0.2594788416349525,-0.2209373015468752,0.15826650645449636,0.39241580162172607,1.0678632836991886,0.21494970715190131,0.7208212568049266,1.0578161168318,2.2090261399258404,2.380772904587225,4.1817195935941465,17468.93,0.10486727,1,1.0195145344,-0.1873840445,0.684375,21783793348.0,0.0805197636,-1615.0,-3590.0,0.9948063343,0.7076404042,3.1622675016,0.4151455328,0.7566435276,0.5634764128
2023-12-13,2023-12-14,2023-12-13,2023-12-13,2023-12-13,2023-12-14,2023-12-13,2023-12-13,2023-12-13,2023-12-13,2023-12-13,2023-12-13,2023-12-13,2023-12-13,2023-12-13,2023-12-13,2023-12-13,2023-12-13,2023-12-13,2023-12-13,2023-12-13,2023-12-13,2023-12-13,17468.93,0.1,233.83,370149738911,757,839,198,3466644223,-10159,110,0.511815,1.54624,1.365068,1.379991,0.9941995740939458,-0.16000000000000014,-0.27000000000000046,-0.41999999999999993,0.46316889472772793,-0.9627418634422846,0.2516535765338279,-0.9707095193917548,-0.8901035146111291,-1.6689022000512588,1.5398730220596457,1.1775875667458635,0.9043786691055766,0.42148232576277866,1.623647736952516,17653.11,1.05432903,1,0.9969781935,-0.0513784461,0.9022646007,24997429492.0,-0.283784107,-663.0,-3810.0,0.4886104974,0.6233036418,1.9858390382,0.395422424,0.763356577,0.5035518532
2023-12-14,2023-12-15,2023-12-14,2023-12-14,2023-12-14,2023-12-15,2023-12-14,2023-12-14,2023-12-14,2023-12-14,2023-12-14,2023-12-14,2023-12-14,2023-12-14,2023-12-14,2023-12-14,2023-12-14,2023-12-14,2023-12-14,2023-12-14,2023-12-14,2023-12-14,2023-12-14,17653.11,1.05,234.83,439771084261,984,646,164,33822264516,-9355,79,1.302384,2.669045,0.264706,0.18732,2.3789989486111995,-0.1200000000000001,-0.08999999999999986,-0.4500000000000002,-1.0043531382914583,-0.8846151820868009,-0.7292079173856991,1.3351079279824818,1.0687172648848442,-0.5238038206704987,2.7721442934305784,1.8457556311857637,0.5448286809253577,-0.13749362330810477,1.5417231303278767,17673.87,0.11759968,1,1.167727721,0.2073619632,1.5232198142,63979169663.0,1.9660201516,804.0,-2035.0,1.3478322274,2.1666510405,2.8066213271,1.0192274678,1.6844005564,0.5444407273
2023-12-15,2023-12-18,2023-12-15,2023-12-15,2023-12-15,2023-12-18,2023-12-15,2023-12-15,2023-12-15,2023-12-15,2023-12-15,2023-12-15,2023-12-15,2023-12-15,2023-12-15,2023-12-15,2023-12-15,2023-12-15,2023-12-15,2023-12-15,2023-12-15,2023-12-15,2023-12-15,17673.87,0.12,234.81,500823642130,794,825,179,21170047011,-8253,-34,-0.879648,0.47663,-0.007625,0.354707,-1.6025626330215204,-0.009999999999999787,0.07000000000000028,-0.5300000000000002,0.08762037854230798,0.5786621935886194,0.8697870855482126,0.7617435666441796,2.377731345650913,-0.31056194676214455,0.37199250107535775,0.4732813980242945,1.1168581852518011,0.833328910495923,2.101236255761396,17652.03,-0.12357226,0,1.3027066687,-0.019147622,0.9624242424,69940221450.0,1.036117285,1102.0,-2685.0,1.2792661354,1.6675113136,2.7016174723,0.8035943242,1.6678475943,0.5441457686
2023-12-18,2023-12-19,2023-12-18,2023-12-18,2023-12-18,2023-12-19,2023-12-18,2023-12-18,2023-12-18,2023-12-18,2023-12-18,2023-12-18,2023-12-18,2023-12-18,2023-12-18,2023-12-18,2023-12-18,2023-12-18,2023-12-18,2023-12-18,2023-12-18,2023-12-18,2023-12-18,17652.03,-0.12,233.41,360423376354,590,1031,174,735517925,-12100,-35,0.380339,-0.320864,0.452834,0.613542,2.280135934316996,0.040000000000000036,-0.010000000000000675,-0.47999999999999954,0.524301763827939,-0.039006254838580556,-0.6416948079020823,0.12872914044133044,-0.9704451276582815,-0.36449945272842843,-0.27752218263847883,-0.4250950628333805,2.4278999580219507,-0.1796622428786976,1.5277833304339516,17576.55,-0.42759955,0,0.934869379,-0.2720542875,0.5722599418,69488514631.0,-0.4806346019,-3847.0,-4219.0,1.0481466237,1.3416318662,2.565647539,0.4113605034,1.4134169343,0.5464393125
2023-12-19,2023-12-20,2023-12-19,2023-12-19,2023-12-19,2023-12-20,2023-12-19,2023-12-19,2023-12-19,2023-12-19,2023-12-19,2023-12-19,2023-12-19,2023-12-19,2023-12-19,2023-12-19,2023-12-19,2023-12-19,2023-12-19,2023-12-19,2023-12-19,2023-12-19,2023-12-19,17576.55,-0.43,231.08,361716453990,396,1252,143,164592948,-17223,12,0.913244,0.530486,0.586641,0.660258,-0.23885896212750835,-0.020000000000000018,-0.019999999999999574,-0.48,0.08677068074613992,-0.33167882177322916,1.405447146589922,0.0658369110713819,-0.7470608395466982,0.14026442572101505,0.5336826984602139,0.3346035786940371,-0.9445445532373697,0.8999280453039882,-0.6469021664155195,17635.2,0.33368323,1,0.9438898123,-0.5194174757,0.3162939297,59359066623.0,-0.4570538122,-5123.0,-7727.0,-0.4336912873,0.7215785333,0.9177972865,-0.1610233697,0.9334269668,0.500184452
2023-12-20,2023-12-21,2023-12-20,2023-12-20,2023-12-20,2023-12-21,2023-12-20,2023-12-20,2023-12-20,2023-12-20,2023-12-20,2023-12-20,2023-12-20,2023-12-20,2023-12-20,2023-12-20,2023-12-20,2023-12-20,2023-12-20,2023-12-20,2023-12-20,2023-12-20,2023-12-20,17635.2,0.33,232.31,382005615676,1117,464,209,24624431077,-11465,-267,-3.687303,-2.857797,-1.468427,-1.50154,9.09816733932547,-0.07000000000000028,-0.07000000000000028,-0.48,-0.33465989557395215,0.23490799399565887,1.3743502594728785,1.7811605431193644,0.6592580846713103,-1.0959688136431223,-3.155327756408577,-2.782886608122581,-3.0098379722643065,-3.339274262999914,-2.5623459206492893,17543.74,-0.51862185,0,0.9938422799,0.413029728,2.4073275862,80516853477.0,1.6375387978,5758.0,-1306.0,-0.2187975808,0.951804146,1.8771526251,-0.0167364472,1.1758293771,0.4800110546
2023-12-21,2023-12-22,2023-12-21,2023-12-21,2023-12-21,2023-12-22,2023-12-21,2023-12-21,2023-12-21,2023-12-21,2023-12-21,2023-12-21,2023-12-21,2023-12-21,2023-12-21,2023-12-21,2023-12-21,2023-12-21,2023-12-21,2023-12-21,2023-12-21,2023-12-21,2023-12-21,17543.74,-0.52,231.63,360672567221,500,1109,177,-2768160741,-17563,77,2.508999,2.767948,1.030147,1.258157,-0.14630912693524012,0.03000000000000025,-0.009999999999999787,-0.43999999999999995,0.12791495872452874,-0.5565934028275432,-1.5900747949116556,-0.546227633789631,0.04406161054590907,1.0119823256254712,2.767881432112862,2.4721981491092615,1.8270283642337848,3.277480181145598,1.5228968749632754,17596.63,0.30147506,1,0.9417779114,-0.3784959602,0.4508566276,43926428220.0,-0.8229585935,-6098.0,-8208.0,-0.6134705187,-0.6195508893,1.4408585364,-0.4117668897,0.5792133384,0.4970102651
2023-12-22,2023-12-25,2023-12-22,2023-12-22,2023-12-22,2023-12-25,2023-12-22,2023-12-22,2023-12-22,2023-12-22,2023-12-22,2023-12-22,2023-12-22,2023-12-22,2023-12-22,2023-12-22,2023-12-22,2023-12-22,2023-12-22,2023-12-22,2023-12-22,2023-12-22,2023-12-22,17596.63,0.3,232.85,337671842982,651,931,212,6182826785,-15750,48,0.585079,0.346241,0.166006,0.194466,-4.542123830666,0.009999999999999787,-0.020000000000000462,-0.4099999999999997,-0.3736782960108931,-0.1374699476460517,0.08624510252288609,-0.01961560917969063,-1.688938649843208,0.1909369941635486,0.32037895581344955,0.011545811552093888,-0.3265969420908066,-0.2215692591520546,-0.47103961493312196,17604.84,0.04665666,1,0.8798787733,-0.1769911504,0.6992481203,28939207994.0,-0.0317150718,1813.0,-7497.0,0.1142431251,-0.4370293546,1.7886416828,-0.023862511,0.7930957254,0.4986888247
2023-12-25,2023-12-26,2023-12-25,2023-12-25,2023-12-25,2023-12-26,2023-12-22,2023-12-22,2023-12-22,2023-12-22,2023-12-22,2023-12-22,2023-12-25,2023-12-22,2023-12-25,2023-12-22,2023-12-22,2023-12-25,2023-12-22,2023-12-22,2023-12-22,2023-12-22,2023-12-22,17604.84,0.05,232.05,278733941825,610,987,199,-864679569,-14288,10,0.585079,0.346241,0.166006,0.194466,-4.542123830666,0.009999999999999787,-0.020000000000000462,-0.4099999999999997,-0.36226354270691985,-0.1374699476460517,0.25620410216271594,-0.01961560917969063,-1.688938649843208,0.30624112701065354,0.32037895581344955,0.011545811552093888,-0.3265969420908066,-0.2215692591520546,-0.47103961493312196,17751.73,0.83437282,1,0.7316212857,-0.2360676268,0.6180344478,27339010500.0,-0.6719364983,1462.0,-2188.0,-0.1721556886,-0.2673346918,2.727481733,0.0764464802,0.7053096749,0.4481559091
2023-12-26,2023-12-27,2023-12-26,2023-12-26,2023-12-26,2023-12-27,2023-12-26,2023-12-26,2023-12-26,2023-12-26,2023-12-26,2023-12-26,2023-12-26,2023-12-26,2023-12-26,2023-12-26,2023-12-22,2023-12-26,2023-12-26,2023-12-26,2023-12-26,2023-12-26,2023-12-26,17751.73,0.83,233.89,261189730693,1292,325,174,18051785356,-11895,15,1.260296,1.805052,0.423169,0.544259,-0.3069835968746104,-0.009999999999999787,-0.04999999999999982,-0.36999999999999966,0.127733444468503,-0.22615116464174134,0.15583167078427884,0.118486873042567,-1.688938649843208,-0.676930572223855,1.7670116327348717,1.379270202265248,0.9195115312755187,2.729224492847493,0.8832643728933887,17891.5,0.78735988,1,0.6947123526,0.5980210266,3.9753846154,45226202908.0,1.0540089705,2393.0,5328.0,1.1855510855,0.9966688571,2.3670727312,0.7108757373,1.4264888172,0.4116078161
2023-12-27,2023-12-28,2023-12-27,2023-12-27,2023-12-27,2023-12-28,2023-12-27,2023-12-27,2023-12-27,2023-12-27,2023-12-27,2023-12-27,2023-12-27,2023-12-27,2023-12-27,2023-12-27,2023-12-27,2023-12-27,2023-12-27,2023-12-27,2023-12-27,2023-12-27,2023-12-27,17891.5,0.79,234.73,339995468122,875,692,227,36787679984,-12235,-17,0.191484,0.169691,0.143046,0.163251,-4.311004432713538,-0.10000000000000009,-0.05999999999999961,-0.41000000000000014,-0.5678033131921834,-0.47304952316848947,1.1270893886186073,0.4191944079145138,1.7406520691967353,0.34799395521039056,0.25690994536451406,0.10815873136373888,0.28003914479066694,1.8548243457106706,-0.5053549465691698,17910.37,0.10546908,1,0.9112900336,0.1167836631,1.2644508671,57389451815.0,2.2617435629,-340.0,-770.0,1.6757185893,1.4533433134,2.998982186,1.2095020571,2.0731725128,0.4367425005
2023-12-28,2023-12-29,2023-12-28,2023-12-28,2023-12-28,2023-12-29,2023-12-28,2023-12-28,2023-12-28,2023-12-28,2023-12-28,2023-12-28,2023-12-28,2023-12-28,2023-12-28,2023-12-28,2023-12-28,2023-12-28,2023-12-28,2023-12-28,2023-12-28,2023-12-28,2023-12-28,17910.37,0.11,233.91,327947506245,741,824,226,19325708661,-13618,-25,0.047774,-0.140219,0.037017,-0.026757,0.32180177691847334,0.04999999999999982,0.05999999999999961,-0.41999999999999993,-0.31445393355279405,0.23765273615294902,-0.42046312643688744,1.5986236578104052,2.5184570622038382,2.3432701843757897,-0.18745912543165488,-0.022741547818727614,0.2124765619632596,1.8415739356036687,-0.3338745140467059,17930.81,0.11412383,1,0.8989326736,-0.0530351438,0.8992718447,79483321217.0,0.8376429581,-1383.0,3945.0,1.7354886497,2.0898052525,2.7333033151,0.8977289973,2.0421220722,0.4339900309
2023-12-29,2024-01-02,2023-12-29,2023-12-29,2023-12-29,2024-01-02,2023-12-29,2023-12-29,2023-12-29,2023-12-29,2023-12-29,2023-12-29,2024-01-01,2023-12-29,2023-12-29,2023-12-28,2023-12-29,2023-12-29,2023-12-29,2023-12-29,2023-12-29,2023-12-29,2023-12-29,17930.81,0.11,234.01,307214851163,791,780,230,12160269252,-16712,-44,-0.668574,-0.789083,-0.282648,-0.55508,-0.1603885913022296,0.040000000000000036,-0.02999999999999936,-0.35000000000000053,-0.05179379186538435,0.09878343455991256,-0.22495548932739418,1.5986236578104052,0.02265568391230932,0.48527966196947325,-0.7340261889779209,-0.5403322531316923,0.0,-0.9074958957897339,-0.5488166794592519,17853.76,-0.4297073,0,0.8498326496,0.0070019096,1.0141025641,85460763684.0,0.2480669428,-3094.0,-962.0,1.0088030857,1.8991136371,2.8240057115,0.6339709898,2.0154625242,0.433296585
2024-01-02,2024-01-03,2024-01-02,2024-01-02,2024-01-02,2024-01-03,2024-01-02,2024-01-02,2024-01-02,2024-01-02,2024-01-02,2024-01-02,2024-01-02,2024-01-02,2023-12-29,2024-01-02,2024-01-02,2024-01-02,2024-01-02,2024-01-02,2024-01-02,2024-01-02,2024-01-02,17853.76,-0.43,233.23,332656029937,793,793,209,1047078183,-17429,-126,-2.375001,-3.650611,-0.566058,-1.634824,6.024096477831753,0.07000000000000028,0.09999999999999964,-0.3799999999999999,-0.044000291677548375,0.8585760401327303,-0.22495548932739418,0.5472126908107056,-1.518354623554008,-1.3045343449865965,-3.601807757222686,-3.373931526978402,-2.734138583003487,-5.990096744922868,-2.7655077140782525,17559.31,-1.64923243,0,0.9286030996,0.0,1.0,87372521436.0,-0.6475378361,-717.0,-3141.0,-0.210938155,1.4139293512,2.4813046882,-0.077648781,1.4523380976,0.4482231547
2024-01-03,2024-01-04,2024-01-03,2024-01-03,2024-01-03,2024-01-04,2024-01-03,2024-01-03,2024-01-03,2024-01-03,2024-01-03,2024-01-03,2024-01-03,2024-01-03,2023-12-29,2024-01-03,2024-01-03,2024-01-03,2024-01-03,2024-01-03,2024-01-03,2024-01-03,2024-01-03,17559.31,-1.65,231.05,338661339610,385,1242,161,-22805986506,-24035,-9,-1.339506,-2.034036,-0.801631,-1.176562,6.363637611557316,-0.040000000000000036,0.0,-0.41999999999999993,0.6860424901047546,0.25440522895723294,-0.22495548932739418,-2.340990506003271,-0.8466521431900298,-0.2377205131181337,-2.148196237229638,-1.7754630871319566,-1.2435621834944843,-2.352427813365343,-2.4691815359067837,17549.65,-0.05501355,0,0.9505709125,-0.5267363245,0.3099838969,46514749574.0,-2.2666532938,-6606.0,-12140.0,-1.9600935101,-1.083950691,1.3348330247,-1.5134765258,-0.286375608,0.5772093098
2024-01-04,2024-01-05,2024-01-04,2024-01-04,2024-01-04,2024-01-05,2024-01-04,2024-01-04,2024-01-04,2024-01-04,2024-01-04,2024-01-04,2024-01-04,2024-01-04,2024-01-04,2024-01-04,2024-01-04,2024-01-04,2024-01-04,2024-01-04,2024-01-04,2024-01-04,2024-01-04,17549.65,-0.06,229.44,318259036472,512,1050,223,-3464215938,-20470,5,-1.038236,-0.821064,-0.342838,-0.561328,0.6410267295756666,0.08000000000000007,0.04999999999999982,-0.3899999999999997,0.5275459898703483,-0.03904051911455264,-0.5255854325544984,-0.7781981661760362,-0.0025812622419296716,-0.9250214471281271,-0.8409686947164818,-0.5904655783161017,0.9018496337749538,0.5098929539399277,-0.9040419401197264,17519.14,-0.17384962,0,0.8987201193,-0.3444302177,0.4876190476,6262853652.0,-0.8509689266,3565.0,-8235.0,-2.1257266125,-1.9106838443,1.0882613164,-1.1887428367,-0.3946635107,0.5771041473
2024-01-05,2024-01-08,2024-01-05,2024-01-05,2024-01-05,2024-01-08,2024-01-05,2024-01-05,2024-01-05,2024-01-05,2024-01-05,2024-01-05,2024-01-05,2024-01-05,2024-01-05,2024-01-05,2024-01-05,2024-01-05,2024-01-05,2024-01-05,2024-01-05,2024-01-05,2024-01-05,17519.14,-0.17,230.61,300761431919,885,646,263,-4229275092,-19682,29,0.484216,0.630362,0.182569,0.094902,-5.520167916870921,0.05999999999999961,0.020000000000000462,-0.35000000000000053,0.03898027981255048,-0.009758354827782423,0.26776026948291953,-0.3455690848449544,-0.664727384684416,-0.5359926246854663,0.5548807537753886,0.6606438581734597,2.2896766496153242,1.8895724049820428,0.02573896053872371,17572.66,0.30549445,1,0.8563236943,0.1561071195,1.3699690402,-17292130101.0,-0.9117453201,788.0,-6064.0,-1.8742270536,-2.1843769838,1.391305153,-0.9240417691,-0.6356144714,0.5670303834
2024-01-08,2024-01-09,2024-01-08,2024-01-08,2024-01-08,2024-01-09,2024-01-08,2024-01-08,2024-01-08,2024-01-08,2024-01-08,2024-01-08,2024-01-08,2024-01-08,2024-01-05,2024-01-08,2024-01-08,2024-01-08,2024-01-08,2024-01-08,2024-01-08,2024-01-08,2024-01-08,17572.66,0.31,230.56,290462919210,634,953,205,2396317684,-18791,172,2.640294,3.279276,1.411463,2.201168,-2.0224752812624813,-0.040000000000000036,-0.040000000000000036,-0.35000000000000053,-0.3284639253521182,-0.1952978913042691,0.26776026948291953,-0.39797094949381995,-1.8800948111932225,-1.2931398313365983,3.257426599953117,3.540465328747988,6.428087708278873,5.484190174850667,2.4369083298389826,17535.49,-0.21152176,0,0.8363827398,-0.2010081916,0.6652675761,-27056081669.0,-0.3922905233,891.0,-2079.0,0.0760280444,-1.9974000059,1.0853089538,-0.2171609135,-0.3853601683,0.556376419
2024-01-09,2024-01-10,2024-01-09,2024-01-09,2024-01-09,2024-01-10,2024-01-09,2024-01-09,2024-01-09,2024-01-09,2024-01-09,2024-01-09,2024-01-09,2024-01-09,2024-01-09,2024-01-09,2024-01-09,2024-01-09,2024-01-09,2024-01-09,2024-01-09,2024-01-09,2024-01-09,17535.49,-0.21,229.48,337471689026,347,1308,139,-584013507,-24260,-40,-0.34233,0.053414,-0.14779,0.093914,-2.446480861549971,0.009999999999999787,0.0,-0.34000000000000075,-0.7463136321570363,0.3522166261385351,1.1557447844374513,-0.25625152658005357,-0.21221467382881443,0.19597759296603456,0.03395447939764651,0.26749909113665815,1.6975122300572076,2.1069927386615506,0.7107967945541027,17465.63,-0.39839206,0,0.9741584859,-0.5806646526,0.2652905199,-28687173359.0,-0.5977138655,-5469.0,-6831.0,-0.0806853698,-1.7826497052,0.672566961,-0.0670190486,-0.6290625094,0.5582950884
2024-01-10,2024-01-11,2024-01-10,2024-01-10,2024-01-10,2024-01-11,2024-01-10,2024-01-10,2024-01-10,2024-01-10,2024-01-10,2024-01-10,2024-01-10,2024-01-10,2024-01-10,2024-01-10,2024-01-10,2024-01-10,2024-01-10,2024-01-10,2024-01-10,2024-01-10,2024-01-10,17465.63,-0.4,229.41,297503862501,501,1132,153,-3114862469,-24555,9,-1.069778,-0.388959,0.566597,0.753416,-0.548594414129322,0.020000000000000462,0.009999999999999787,-0.33000000000000007,1.1070581272880409,-0.20473733557323515,2.0097013041435074,-0.7519798940771039,-0.572817454812169,-0.4668220861807182,-0.33590438261610345,0.09279878425274557,2.2770024433014235,-0.4823805756405508,-0.17737008360272366,17545.32,0.45626754,1,0.8693742192,-0.3864053889,0.4425795053,-8996049322.0,-0.7212745762,-295.0,-520.0,-0.3054373674,-0.5335061571,0.0859567821,-0.3587526016,-1.02915483,0.5648956619
2024-01-11,2024-01-12,2024-01-11,2024-01-11,2024-01-11,2024-01-12,2024-01-11,2024-01-11,2024-01-11,2024-01-11,2024-01-11,2024-01-11,2024-01-11,2024-01-11,2024-01-11,2024-01-11,2024-01-11,2024-01-11,2024-01-11,2024-01-11,2024-01-11,2024-01-11,2024-01-11,17545.32,0.46,231.71,358359261627,1068,549,177,3605927557,-25309,-85,0.416665,0.470748,-0.067106,0.003608,-1.9700552266877946,-0.06000000000000005,-0.11000000000000032,-0.2799999999999998,0.18254264271539977,-0.06838578976828824,1.765709282438177,-0.06726885933950877,1.2720146642590135,0.5657401362007874,0.3693048204615357,0.5678501084374954,0.8684455111715561,-0.35006667374100076,1.7962759528235228,17512.83,-0.18517759,0,1.0490147535,0.3209647495,1.9453551913,-1925905827.0,-0.2474810746,-754.0,-4839.0,-0.1555825925,-0.0246728567,0.4372906641,0.1008235674,-0.5990969271,0.5731058915
2024-01-12,2024-01-15,2024-01-12,2024-01-12,2024-01-12,2024-01-15,2024-01-12,2024-01-12,2024-01-12,2024-01-12,2024-01-12,2024-01-12,2024-01-12,2024-01-12,2024-01-12,2024-01-12,2024-01-12,2024-01-12,2024-01-12,2024-01-12,2024-01-12,2024-01-12,2024-01-12,17512.83,-0.19,230.47,326373483163,534,1058,202,2736131089,-26404,5,0.019756,-0.380294,0.075098,0.017163,2.0900340647264315,-0.020000000000000018,-0.1200000000000001,-0.17999999999999972,-0.7192046382251016,0.10753798940954518,1.5042856359534174,-0.5991477514635801,-0.3524709839984208,-0.3489427118798738,-0.44118195358292533,-0.3514638274557669,-0.20429665934603713,-0.9863577028276227,0.7000096686993196,17546.82,0.19408628,1,0.9715080934,-0.3291457286,0.5047258979,5039500354.0,-0.2206132303,-1095.0,-6722.0,-0.1292236487,-0.0360177497,-0.7946475154,-0.0773462367,-0.7437236785,0.5231176777
2024-01-15,2024-01-16,2024-01-15,2024-01-15,2024-01-15,2024-01-16,2024-01-12,2024-01-12,2024-01-12,2024-01-12,2024-01-12,2024-01-12,2024-01-15,2024-01-12,2024-01-15,2024-01-15,2024-01-15,2024-01-15,2024-01-12,2024-01-12,2024-01-12,2024-01-12,2024-01-12,17546.82,0.19,233.01,325760829083,1070,516,210,-9087846468,-21768,18,0.019756,-0.380294,0.075098,0.017163,2.0900340647264315,-0.020000000000000018,-0.1200000000000001,-0.17999999999999972,0.587818268824547,0.10753798940954518,0.9126083968141296,0.037224664385804296,-0.17390415673497195,-0.09895955682294177,-0.44118195358292533,-0.3514638274557669,-0.20429665934603713,-0.9863577028276227,0.7000096686993196,17346.87,-1.13952272,0,0.9956257106,0.3493064313,2.0736434109,-6444663798.0,-1.0387509207,4636.0,-2977.0,0.464855834,-0.1470466054,-0.7188578393,0.1461199786,-0.5152627464,0.5245226531
2024-01-16,2024-01-17,2024-01-16,2024-01-16,2024-01-16,2024-01-17,2024-01-16,2024-01-16,2024-01-16,2024-01-16,2024-01-16,2024-01-16,2024-01-16,2024-01-16,2024-01-16,2024-01-16,2024-01-16,2024-01-16,2024-01-16,2024-01-16,2024-01-16,2024-01-16,2024-01-16,17346.87,-1.14,232.18,353390194929,354,1325,112,-45131197245,-17248,-5,0.424734,1.320443,-0.373134,-0.189746,8.9763807908964,0.11000000000000032,0.08000000000000007,-0.14999999999999947,0.38422436149399,0.9374990919605031,-0.7871735152474302,-1.1243077943121627,-2.1608474578516668,0.6083647700274586,1.4173189546638376,1.5900549572273048,3.056115724710917,8.310595071960769,0.6572335606029878,17161.79,-1.06693599,0,1.0812316713,-0.5783204288,0.2671698113,-50991847536.0,-2.8273963811,4520.0,7012.0,-1.1310708497,-1.075647159,-1.7287530103,-0.7814456309,-1.5637588263,0.5772191104
2024-01-17,2024-01-18,2024-01-17,2024-01-17,2024-01-17,2024-01-18,2024-01-17,2024-01-17,2024-01-17,2024-01-17,2024-01-17,2024-01-17,2024-01-17,2024-01-17,2024-01-17,2024-01-17,2024-01-17,2024-01-17,2024-01-17,2024-01-17,2024-01-17,2024-01-17,2024-01-17,17161.79,-1.07,228.57,433109340647,268,1446,87,-78222735236,-14532,-10,1.258974,-0.876535,-0.56169,-0.593733,6.864160395890595,0.02999999999999936,0.1200000000000001,-0.2400000000000002,0.8430854010390787,0.08707075982894441,-0.39706048466251476,-2.46998840386079,-3.7124826934106347,-2.175171688656641,-0.9163371649147711,-0.6032997023363684,-0.5835170193535189,0.9008395025177363,-1.0125972320795817,17227.79,0.38457527,1,1.3108237611,-0.6872812135,0.1853388658,-126099720303.0,-3.1600342856,2716.0,10023.0,-2.0044732919,-1.7396452347,-2.3597349878,-1.4976760812,-2.4992721586,0.6119398414
2024-01-18,2024-01-19,2024-01-18,2024-01-18,2024-01-18,2024-01-19,2024-01-18,2024-01-18,2024-01-18,2024-01-18,2024-01-18,2024-01-18,2024-01-18,2024-01-18,2024-01-18,2024-01-18,2024-01-18,2024-01-18,2024-01-18,2024-01-18,2024-01-18,2024-01-18,2024-01-18,17227.79,0.38,228.16,324019332888,725,839,228,-8733292163,-13650,233,9.791163,3.355571,0.880526,1.346496,-4.462473624843866,0.040000000000000036,0.0,-0.20000000000000018,0.2686100789593082,0.08700238756911283,-0.03263489088231042,0.16996333530645558,0.7520481609476493,1.4137123031726428,3.3011354395588777,3.2466778451451406,1.8803578994849524,1.560841623637299,3.6460193655160067,17681.52,2.63370984,1,0.9893395858,-0.0728900256,0.8641239571,-138438940023.0,-0.2102292171,882.0,11659.0,-1.818164203,-1.8097703547,-2.3102091272,-0.7571192715,-2.0109054296,0.6139131044
2024-01-19,2024-01-22,2024-01-19,2024-01-19,2024-01-19,2024-01-22,2024-01-19,2024-01-19,2024-01-19,2024-01-19,2024-01-19,2024-01-19,2024-01-19,2024-01-19,2024-01-19,2024-01-19,2024-01-19,2024-01-19,2024-01-19,2024-01-19,2024-01-19,2024-01-19,2024-01-19,17681.52,2.63,230.19,481060144057,1086,491,215,80797089392,-2613,105,1.035122,4.02066,1.23135,1.695837,-5.874026305617585,0.010000000000000675,0.04999999999999982,-0.23999999999999932,0.12079320549103212,-0.24145257657856023,1.401610689763788,1.3401399423117244,-0.5398956792166731,-0.15115600985112776,3.9111656833898945,3.8101021630567278,4.174624390215875,7.106410333015312,5.882459262063455,17815.1,0.75547804,1,1.4423289743,0.3772986684,2.2118126273,-60377981720.0,2.7069558271,11037.0,23791.0,1.9291664721,0.9632366671,0.7853513561,1.659073747,0.5304515414,0.8494945729
2024-01-22,2024-01-23,2024-01-22,2024-01-22,2024-01-22,2024-01-23,2024-01-22,2024-01-22,2024-01-22,2024-01-22,2024-01-22,2024-01-22,2024-01-22,2024-01-22,2024-01-22,2024-01-22,2024-01-22,2024-01-22,2024-01-22,2024-01-22,2024-01-22,2024-01-22,2024-01-22,17815.1,0.76,232.95,469076620290,1156,466,170,36944476828,-6854,-28,-1.024517,0.250253,0.219433,0.322124,-0.827072246421412,-0.040000000000000036,-0.019999999999999574,-0.2599999999999998,-0.6231681074182815,0.03872680334280343,1.6229883853936533,-0.3392953812879407,-2.27002266316384,-1.5560718610195368,0.32765928611617756,0.46479880864378487,0.2739879920814037,-3.4724233485138867,0.767833788050365,17874.59,0.33393021,1,1.3792300401,0.4254007398,2.4806866953,-14345658424.0,1.1398561414,-4241.0,14914.0,3.8067707389,1.528938007,1.2415445457,2.1120774495,1.2270680286,0.8620786467
2024-01-23,2024-01-24,2024-01-23,2024-01-23,2024-01-23,2024-01-24,2024-01-23,2024-01-23,2024-01-23,2024-01-23,2024-01-23,2024-01-23,2024-01-23,2024-01-23,2024-01-23,2024-01-23,2024-01-23,2024-01-23,2024-01-23,2024-01-23,2024-01-23,2024-01-23,2024-01-23,17874.59,0.33,234.6,372314721115,1005,570,210,9062676493,-1447,58,0.973192,0.653346,0.292137,0.427403,-4.852156254805884,0.02999999999999936,-0.0600000000000005,-0.16999999999999993,-0.05034596135321534,0.280655095701543,-0.08038675423810426,0.5786519447535943,2.625466637354701,0.40479759210243493,0.6631274471896598,0.5104979736766602,0.3671200128814833,0.14270751790717018,0.4760291993580523,17875.83,0.00693722,1,1.0798636238,0.2761904762,1.7631578947,39848215314.0,0.2171115936,5407.0,15801.0,3.7543991423,3.0421626495,1.532249086,1.8369934911,1.4873187054,0.8640374935
2024-01-24,2024-01-25,2024-01-24,2024-01-24,2024-01-24,2024-01-25,2024-01-24,2024-01-24,2024-01-24,2024-01-24,2024-01-24,2024-01-24,2024-01-24,2024-01-24,2024-01-24,2024-01-24,2024-01-24,2024-01-24,2024-01-24,2024-01-24,2024-01-24,2024-01-24,2024-01-24,17875.83,0.01,235.07,330929502991,993,595,203,1945217511,-483,116,2.094103,1.541706,0.081193,0.362892,4.701196363514493,0.040000000000000036,0.03000000000000025,-0.16000000000000014,0.0860763428329081,-0.3667292730553773,-0.7971227035615813,-0.3598858081355627,3.5553623996627426,1.3979317849355466,1.4558649313663574,1.7776840950228356,2.4869279738174654,5.860346291707419,2.2473961784279517,18002.62,0.70928175,1,0.9502194977,0.2506297229,1.668907563,120016168061.0,0.0122114559,964.0,14049.0,1.0989439822,4.1606382551,0.6990867932,1.0221212067,1.4586148384,0.8465480484
2024-01-25,2024-01-26,2024-01-25,2024-01-25,2024-01-25,2024-01-26,2024-01-25,2024-01-25,2024-01-25,2024-01-25,2024-01-25,2024-01-25,2024-01-25,2024-01-25,2024-01-25,2024-01-25,2024-01-25,2024-01-25,2024-01-25,2024-01-25,2024-01-25,2024-01-25,2024-01-25,18002.62,0.71,234.3,356367865437,524,1069,200,28043433522,3388,31,0.03433,-0.246922,0.526037,0.184603,2.359204397585213,-0.040000000000000036,-0.05999999999999961,-0.14000000000000057,-0.328079755907984,0.31964532921644473,0.02757176827767882,0.026325024590123647,1.9628452399283125,2.008166106597442,-0.2775755169997285,0.0,0.4155683813180433,1.1442081001416193,-1.9037069375970717,17995.03,-0.04216053,0,1.0208627336,-0.3421217828,0.4901777362,156792893746.0,0.8929320755,3871.0,17038.0,1.0525902184,4.497558886,0.6210770478,0.8553982166,2.146031112,0.8432588331
2024-01-26,2024-01-29,2024-01-26,2024-01-26,2024-01-26,2024-01-29,2024-01-26,2024-01-26,2024-01-26,2024-01-26,2024-01-26,2024-01-26,2024-01-26,2024-01-26,2024-01-26,2024-01-26,2024-01-26,2024-01-26,2024-01-26,2024-01-26,2024-01-26,2024-01-26,2024-01-26,17995.03,-0.04,234.23,314142120676,691,902,198,5270487979,4431,19,0.600553,-2.910378,-0.065179,-0.355499,-1.412636305410342,0.010000000000000675,0.05999999999999961,-0.1899999999999995,0.07350350663963834,-0.09655158290600152,-1.3395301866990006,0.3327465211538483,-1.6020856997754462,-0.27221272804288654,-2.695621629532219,-2.131304750633767,-0.9510400446939404,-1.707980812832377,-2.042277266339554,18119.63,0.69241341,1,0.9016844822,-0.1324544884,0.766075388,81266292333.0,0.1620154777,1043.0,7044.0,0.6738056649,1.7730941684,0.4726870522,0.4599881849,2.0784487596,0.8432514364
2024-01-29,2024-01-30,2024-01-29,2024-01-29,2024-01-29,2024-01-30,2024-01-29,2024-01-29,2024-01-29,2024-01-29,2024-01-29,2024-01-29,2024-01-29,2024-01-29,2024-01-29,2024-01-29,2024-01-29,2024-01-29,2024-01-29,2024-01-29,2024-01-29,2024-01-29,2024-01-29,18119.63,0.69,236.1,280111508900,1093,496,200,12775826425,3375,-8,-0.238785,1.063309,0.755677,1.11728,2.564103670581619,-0.07000000000000028,-0.04999999999999982,-0.20999999999999996,-0.13380371723147322,0.1353043278213617,0.7716442929921019,0.8912369774300766,0.7836506993168735,-0.8956724361122936,1.0405341814153868,1.1738415068392127,2.3496288184632563,0.32722247168106566,1.0698173062414051,18034.63,-0.4691045,0,0.8071457545,0.3757079924,2.2036290323,57097641930.0,0.4121170651,-1056.0,10229.0,1.3638527554,1.7093925939,1.0530477987,0.8128059358,2.7302365129,0.855563735
2024-01-30,2024-01-31,2024-01-30,2024-01-30,2024-01-30,2024-01-31,2024-01-30,2024-01-30,2024-01-30,2024-01-30,2024-01-30,2024-01-30,2024-01-30,2024-01-30,2024-01-30,2024-01-30,2024-01-30,2024-01-30,2024-01-30,2024-01-30,2024-01-30,2024-01-30,2024-01-30,18034.63,-0.47,236.61,364455381390,510,1115,167,1520832347,874,-40,-0.786464,-1.555961,-0.060065,-0.755947,-2.132352600873144,-0.020000000000000462,0.07000000000000028,-0.3000000000000007,-0.2817131452696353,-0.20268225387084504,0.10802462610175478,-0.07357462347190591,-2.3249639466311756,-1.7833122244702238,-1.5447278508253892,-0.9922298572244137,0.4946739888823215,-3.244674246780166,-0.7891461702822844,17889.56,-0.80439687,0,1.0453944682,-0.3723076923,0.4573991031,49555797784.0,0.0346260767,-2501.0,2321.0,0.1778074525,0.895349208,1.0130639148,0.1615168836,2.1959258207,0.8567244085
2024-01-31,2024-02-01,2024-01-31,2024-01-31,2024-01-31,2024-02-01,2024-01-31,2024-01-31,2024-01-31,2024-01-31,2024-01-31,2024-01-31,2024-01-31,2024-01-31,2024-01-31,2024-01-31,2024-01-31,2024-01-31,2024-01-31,2024-01-31,2024-01-31,2024-01-31,2024-01-31,17889.56,-0.8,237.08,353607972292,626,958,210,-12446347016,-1526,-23,-2.671031,-1.367371,-1.610574,-2.230128,7.813673396435372,-0.0699999999999994,-0.09000000000000075,-0.27999999999999936,-0.0830523890604784,-0.1257300588916932,0.6123563012977451,-0.0688315903487613,-1.3906490618073697,-0.9149329761375613,-1.4478837148184542,-1.4422828747659433,-1.9864878258625374,-2.539808891778772,-2.330818639905863,17968.11,0.43908291,1,1.012110451,-0.2095959596,0.6534446764,35164233257.0,-0.4550492557,-2400.0,-1043.0,-0.5861062749,0.0768076224,1.8807686635,-0.6593295289,1.2790975805,0.789923561
2024-02-01,2024-02-02,2024-02-01,2024-02-01,2024-02-01,2024-02-02,2024-02-01,2024-02-01,2024-02-01,2024-02-01,2024-02-01,2024-02-01,2024-02-01,2024-02-01,2024-02-01,2024-02-01,2024-02-01,2024-02-01,2024-02-01,2024-02-01,2024-02-01,2024-02-01,2024-02-01,17968.11,0.44,237.35,380348598841,980,626,193,21987889929,-3521,69,0.380666,0.459057,1.249369,1.303282,-3.275263097802583,-0.1200000000000001,-0.0699999999999994,-0.33000000000000007,0.2756859522162314,-0.2130275960683492,-0.7585421574142881,1.816909740937711,0.5239863093937869,0.07339366506216027,0.4948346637809742,0.914624335121661,2.437954052016078,1.6637803360445957,1.6957622463420252,18059.93,0.51101646,1,1.0790602415,0.2204234122,1.5654952077,29108689664.0,0.6595670505,-1995.0,-6909.0,-0.8362201656,-0.19169432,2.3844350172,-0.1848857022,1.6034449962,0.7925268932
2024-02-02,2024-02-05,2024-02-02,2024-02-02,2024-02-02,2024-02-05,2024-02-02,2024-02-02,2024-02-02,2024-02-02,2024-02-02,2024-02-02,2024-02-02,2024-02-02,2024-02-02,2024-02-02,2024-02-02,2024-02-02,2024-02-02,2024-02-02,2024-02-02,2024-02-02,2024-02-02,18059.93,0.51,239.12,401302839297,653,931,220,15166721092,-6136,-26,2.081313,1.314105,1.068445,1.740117,-0.21613640290952807,0.16000000000000014,0.16000000000000014,-0.33000000000000007,-0.035210710893140984,0.8442456006047205,0.40697763971409007,2.8653390328863715,-0.20975170389538889,-1.1834527843493148,1.2768493609690568,1.9459368523536247,4.970890592326049,4.2116424885682235,2.0274819946199285,18096.07,0.20011152,1,1.1224990202,-0.1755050505,0.701396348,39004922777.0,0.3977000133,-2615.0,-10567.0,0.1402856615,0.3606551364,3.0868524368,0.2528980749,1.9667491692,0.7938415654
2024-02-05,2024-02-15,2024-02-05,2024-02-05,2024-02-05,2024-02-15,2024-02-14,2024-02-14,2024-02-14,2024-02-14,2024-02-14,2024-02-14,2024-02-14,2024-02-14,2024-02-14,2024-02-14,2024-02-14,2024-02-08,2024-02-14,2024-02-14,2024-02-14,2024-02-14,2024-02-14,18096.07,0.2,238.67,383390487540,552,1110,141,-6172009551,-5494,19,1.348492,2.176053,0.957976,1.300179,-9.274449411038432,-0.040000000000000036,-0.08000000000000007,-0.29000000000000004,0.5762511191539366,-0.228656503299296,-0.6865679381848122,-1.102790261611497,0.8433564877492694,0.6370336901705187,2.258765987008582,2.007024555318848,2.4567480233946393,4.1739558950351086,0.8444846393252714,18644.57,3.03104486,1,1.0586370812,-0.3357400722,0.4972972973,20057086801.0,-0.2992474187,642.0,-8869.0,1.1543604203,-0.1300247301,2.9785473571,0.4797980639,2.0200523651,0.7931763092
2024-02-15,2024-02-16,2024-02-15,2024-02-15,2024-02-15,2024-02-16,2024-02-15,2024-02-15,2024-02-15,2024-02-15,2024-02-15,2024-02-15,2024-02-15,2024-02-15,2024-02-15,2024-02-15,2024-02-15,2024-02-08,2024-02-15,2024-02-15,2024-02-15,2024-02-15,2024-02-15,18644.57,3.03,242.51,584981039445,1071,595,138,56257107897,-2653,39,-0.185662,-0.160118,0.582125,0.296482,-2.573017264356725,-0.02999999999999936,0.0,-0.3199999999999994,-0.3927712441166409,-0.40106776551706025,1.205785299495954,-0.252626420353963,0.4109102526769659,0.6370336901705187,-0.09534561092662264,-0.3344849603357791,-1.6806554382767014,-1.0856197395281098,0.22579555214918834,18607.25,-0.20016552,0,1.5619059638,0.2857142857,1.8,74793362351.0,1.5714366989,2841.0,-3527.0,3.7647810482,3.3820488693,6.3247733596,2.8288768897,4.7847347629,1.0056512076
2024-02-16,2024-02-19,2024-02-16,2024-02-16,2024-02-16,2024-02-19,2024-02-16,2024-02-16,2024-02-16,2024-02-16,2024-02-16,2024-02-16,2024-02-16,2024-02-16,2024-02-16,2024-02-16,2024-02-16,2024-02-08,2024-02-16,2024-02-16,2024-02-16,2024-02-16,2024-02-16,18607.25,-0.2,244.11,497158288041,1291,377,138,3734148587,-6703,2,-1.813529,-0.667382,-0.480347,-0.820559,1.6416812168366768,0.05999999999999961,0.08000000000000007,-0.33999999999999986,-0.26288406984117385,-0.019179551175096954,0.862983858311761,1.3375147403939414,2.479393256729945,0.6370336901705187,-0.5662630179549266,-0.42937278558531355,-0.061931474472065595,-1.634984996300548,-1.5485366063412997,18635.8,0.15343482,1,1.2929558123,0.5479616307,3.424403183,90973857954.0,-0.0705863893,-4050.0,-5177.0,3.0305765305,4.0117811729,6.5363803081,1.8170211783,4.2405858548,0.9995582643
2024-02-19,2024-02-20,2024-02-19,2024-02-19,2024-02-19,2024-02-20,2024-02-16,2024-02-16,2024-02-16,2024-02-16,2024-02-16,2024-02-16,2024-02-19,2024-02-16,2024-02-19,2024-02-19,2024-02-19,2024-02-19,2024-02-16,2024-02-16,2024-02-16,2024-02-16,2024-02-16,18635.8,0.15,245.11,453046139464,1237,465,108,-10954053970,-3471,-13,-1.813529,-0.667382,-0.480347,-0.820559,1.6416812168366768,0.05999999999999961,0.08000000000000007,-0.33999999999999986,0.2255126060222823,-0.019179551175096954,-0.04380510463442011,1.1892357134607678,-1.1282133482316214,1.1554513093284147,-0.5662630179549266,-0.42937278558531355,-0.061931474472065595,-1.634984996300548,-1.5485366063412997,18753.16,0.62975563,1,1.1639030395,0.4535840188,2.6602150538,58031914055.0,-0.5016734268,3232.0,50.0,2.9825813008,3.7159723532,6.2152186452,1.2335238445,4.0826052565,0.9997037016
2024-02-20,2024-02-21,2024-02-20,2024-02-20,2024-02-20,2024-02-21,2024-02-20,2024-02-20,2024-02-20,2024-02-20,2024-02-20,2024-02-20,2024-02-20,2024-02-20,2024-02-20,2024-02-20,2024-02-20,2024-02-20,2024-02-20,2024-02-20,2024-02-20,2024-02-20,2024-02-20,18753.16,0.63,245.47,432943963652,628,1005,168,6378443283,2742,5,-1.073487,-1.563937,-0.600532,-0.918315,8.2865191302115,-0.03000000000000025,-0.04999999999999982,-0.3200000000000003,0.21989185165642855,-0.1917884067734521,-0.2775369889394419,-0.8383504070968772,0.5688390104903185,0.20682819961488352,-1.6828775431670606,-1.9677825133596616,-4.3532088311558965,-4.704660324093279,-1.5198941729906545,18676.31,-0.4097976,0,1.097238895,-0.2308634415,0.6248756219,49243636246.0,0.0284930317,6213.0,8878.0,0.5824215844,3.8384977129,7.0824075835,1.109537363,4.3765447039,0.9954162158
2024-02-21,2024-02-22,2024-02-21,2024-02-21,2024-02-21,2024-02-22,2024-02-21,2024-02-21,2024-02-21,2024-02-21,2024-02-21,2024-02-21,2024-02-21,2024-02-21,2024-02-21,2024-02-21,2024-02-21,2024-02-21,2024-02-21,2024-02-21,2024-02-21,2024-02-21,2024-02-21,18676.31,-0.41,245.44,427971699105,926,680,197,-13517589926,2421,22,0.007975,-0.235821,0.12642,-0.319307,-0.5188062471480959,0.05000000000000071,0.04999999999999982,-0.3199999999999994,-0.07738215560203487,-0.06725566256027271,-0.2644412775616223,-0.16856036040868716,1.5731016471875137,1.3492243345104127,-0.22941810089599501,-0.6421297807156612,-2.8508945138381314,-0.8449569283871083,0.07337977920256478,18852.78,0.94488686,1,1.0707687625,0.1531755915,1.3617647059,41898055871.0,-0.5777505957,-321.0,7915.0,0.3711456556,3.2064420617,6.4370068195,0.0690763075,3.6230973803,1.0086861325
2024-02-22,2024-02-23,2024-02-22,2024-02-22,2024-02-22,2024-02-23,2024-02-22,2024-02-22,2024-02-22,2024-02-22,2024-02-22,2024-02-22,2024-02-22,2024-02-22,2024-02-22,2024-02-22,2024-02-22,2024-02-22,2024-02-22,2024-02-22,2024-02-22,2024-02-22,2024-02-22,18852.78,0.94,247.04,493397835406,780,839,184,16481260420,3085,117,2.975914,4.970589,2.112288,2.957152,-5.215125050698921,0.009999999999999787,0.05000000000000071,-0.3600000000000003,0.15456807377836057,-0.04807523385329526,2.186284119437931,0.4130674778095367,1.4533609749210141,0.8620458298197464,4.928325820770496,6.829168258146012,16.40088017558281,10.694508516789725,6.309831417391609,18889.19,0.19312802,1,1.213213391,-0.0364422483,0.9296781883,2122208394.0,0.2686832876,664.0,5738.0,1.1643181404,1.1167326466,8.6811626536,0.7897328317,4.1670425014,0.9592363793
2024-02-23,2024-02-26,2024-02-23,2024-02-23,2024-02-23,2024-02-26,2024-02-23,2024-02-23,2024-02-23,2024-02-23,2024-02-23,2024-02-23,2024-02-23,2024-02-23,2024-02-22,2024-02-23,2024-02-23,2024-02-23,2024-02-23,2024-02-23,2024-02-23,2024-02-23,2024-02-23,18889.19,0.19,246.58,540273997238,505,1151,151,30829103402,4146,14,0.356389,-1.12141,0.034795,-0.279272,-5.433287234701945,-0.07000000000000028,-0.020000000000000462,-0.41000000000000014,0.08814408362198822,-0.01923493963303935,2.186284119437931,0.12873813898293118,-0.1020718842703161,0.08805159158065123,-1.0786306803895918,-0.624016388461901,0.35524118446885744,-2.9363226217797966,-0.6536991716240115,18948.05,0.3116068,1,1.3112014305,-0.3900966184,0.438748914,29217163209.0,0.7309840332,1061.0,10849.0,0.7253710841,1.5152158433,10.0653836226,0.6808749517,3.8725187034,0.8988776968
2024-02-26,2024-02-27,2024-02-26,2024-02-26,2024-02-26,2024-02-27,2024-02-26,2024-02-26,2024-02-26,2024-02-26,2024-02-26,2024-02-26,2024-02-26,2024-02-26,2024-02-26,2024-02-26,2024-02-26,2024-02-26,2024-02-26,2024-02-26,2024-02-26,2024-02-26,2024-02-26,18948.05,0.31,247.97,444609182988,1017,622,165,5055193371,6151,4,0.856945,1.049623,-0.378675,-0.12859,-0.07272893732244157,0.020000000000000462,0.020000000000000462,-0.41000000000000014,0.4705245996972307,-0.10583087143333225,0.34536012744994515,-0.7729457369378134,-0.5447800234479772,-1.042481185254629,0.9866944516786269,0.8292642252993643,0.3489114292523299,-0.288924627963294,0.9842876967568914,18854.41,-0.49419333,0,1.0634688025,0.2410006101,1.6350482315,45226410550.0,-0.4112662469,2005.0,9622.0,1.4549983375,1.6755384797,9.9853782754,0.6595445853,3.7056756623,0.8994244336
2024-02-27,2024-02-29,2024-02-27,2024-02-27,2024-02-27,2024-02-29,2024-02-28,2024-02-28,2024-02-28,2024-02-28,2024-02-28,2024-02-28,2024-02-28,2024-02-28,2024-02-28,2024-02-28,2024-02-28,2024-02-28,2024-02-28,2024-02-28,2024-02-28,2024-02-28,2024-02-28,18854.41,-0.49,246.65,531056519529,465,1200,136,-12183674095,3799,11,-0.940975,-1.123336,-0.165816,-0.546043,3.0528655107632474,-0.040000000000000036,-0.0600000000000005,-0.3700000000000001,0.08653250591499351,0.14446838412174312,-0.08024634762645588,1.0376941287856711,-1.5124422901770296,-1.2741832498990524,-1.124415747309837,-1.1109000524607282,-1.3189088223281908,-0.8202284909366253,-0.5253695332521957,18966.77,0.59593485,1,1.2626936587,-0.4414414414,0.3875,26664293172.0,-1.2361053542,-2352.0,1057.0,0.0086459398,0.5399090073,6.6334229184,0.0544572246,2.8630090808,0.7748225662
2024-02-29,2024-03-01,2024-02-29,2024-02-29,2024-02-29,2024-03-01,2024-02-29,2024-02-29,2024-02-29,2024-02-29,2024-02-29,2024-02-29,2024-02-29,2024-02-29,2024-02-29,2024-02-29,2024-02-29,2024-02-29,2024-02-29,2024-02-29,2024-02-29,2024-02-29,2024-02-29,18966.77,0.6,249.45,515270180866,1111,538,155,3129325273,3622,-7,1.012719,2.701078,0.522909,0.904076,-3.179194575191846,-0.019999999999999574,0.0,-0.3899999999999997,0.2277027285789046,0.17311050140851325,-0.10671243216273663,-0.37439086579440506,-0.15365778156194443,1.9076842954756312,2.7091253656254644,2.188897934512779,1.8657500482590184,9.05744086397904,0.858521364162379,18935.93,-0.16260017,0,1.21846698,0.3474833232,2.0650557621,43311208371.0,-0.2986192732,-177.0,1201.0,0.4107110998,1.5552322702,6.4645721888,0.3413881106,3.151948328,0.7711581819
2024-03-01,2024-03-04,2024-03-01,2024-03-01,2024-03-01,2024-03-04,2024-03-01,2024-03-01,2024-03-01,2024-03-01,2024-03-01,2024-03-01,2024-03-01,2024-03-01,2024-03-01,2024-02-29,2024-03-01,2024-03-01,2024-03-01,2024-03-01,2024-03-01,2024-03-01,2024-03-01,18935.93,-0.16,251.37,500295084583,710,936,160,10270966283,-1493,163,4.064658,4.287362,0.800783,1.137344,-2.1641788814083185,-0.05999999999999961,-0.09999999999999964,-0.34999999999999964,-0.10426928511686473,-0.28802135292833597,1.9012032559570624,-0.37439086579440506,0.47239975788566646,0.6177325379548071,4.25554767059575,4.052840982105921,4.0031851507247085,5.251130044383867,7.587918231032176,19305.31,1.95068317,1,1.1654201831,-0.1373025516,0.7585470085,37100914234.0,0.1252008713,-5115.0,-4578.0,-0.0639643657,0.4410490124,5.937702627,0.0901745189,2.6878575579,0.77816262
2024-03-04,2024-03-05,2024-03-04,2024-03-04,2024-03-04,2024-03-05,2024-03-04,2024-03-04,2024-03-04,2024-03-04,2024-03-04,2024-03-04,2024-03-04,2024-03-04,2024-03-04,2024-03-04,2024-03-04,2024-03-04,2024-03-04,2024-03-04,2024-03-04,2024-03-04,2024-03-04,19305.31,1.95,252.74,581197787320,800,835,170,36878656228,3987,66,3.256162,1.062771,-0.119326,-0.414322,2.898551673472971,0.02999999999999936,0.07000000000000028,-0.39000000000000057,-0.17586998206308158,-0.02888386204562554,0.4971337464288128,1.2076291955720242,0.0393699257799085,0.08677902416762695,0.982585331914021,1.6096867506257606,3.5950852674952127,1.3422824856374582,0.2208383985301099,19386.92,0.42273343,1,1.315533026,-0.0214067278,0.9580838323,43150467060.0,1.517493044,5480.0,-159.0,2.3914829475,2.2029531176,7.9967195929,1.5956978215,4.2867598376,0.8541820159
2024-03-05,2024-03-06,2024-03-05,2024-03-05,2024-03-05,2024-03-06,2024-03-05,2024-03-05,2024-03-05,2024-03-05,2024-03-05,2024-03-05,2024-03-05,2024-03-05,2024-03-05,2024-03-05,2024-03-05,2024-03-05,2024-03-05,2024-03-05,2024-03-05,2024-03-05,2024-03-05,19386.92,0.42,253.1,520905157419,800,829,177,5857463944,3331,-123,-2.37957,-2.050196,-1.01931,-1.65306,7.190513591449865,-0.08999999999999986,-0.07000000000000028,-0.41000000000000014,-0.1584294895698446,-0.02889220723090169,-0.028924919187967024,-0.9299777885502847,-2.6110618199989055,0.69587112101408,-1.9606117331581574,-1.5306317693045912,0.8529129129989377,-0.11199636095416965,-4.243866413068065,19499.45,0.5804429,1,1.1575071111,-0.0178023327,0.9650180941,43952737633.0,-0.171192025,-656.0,-2820.0,2.2151900403,2.3161750154,7.6894363154,1.5560715244,4.3374994864,0.8510872253
2024-03-06,2024-03-07,2024-03-06,2024-03-06,2024-03-06,2024-03-07,2024-03-06,2024-03-06,2024-03-06,2024-03-06,2024-03-06,2024-03-06,2024-03-06,2024-03-06,2024-03-06,2024-03-06,2024-03-06,2024-03-06,2024-03-06,2024-03-06,2024-03-06,2024-03-06,2024-03-06,19499.45,0.58,253.89,512471585354,869,757,178,-1135976946,3333,188,4.88998,2.420168,0.51411,0.576867,0.27662490835065334,-0.019999999999999574,0.009999999999999787,-0.4399999999999995,0.09901968214427459,-0.4142584706489538,-0.01707745928322124,-0.29855485773883084,1.704240156954362,-0.4055509842321392,2.45743449394078,2.5786288167198634,3.1827278396850733,2.6812264754451975,0.5399412671539983,19693.52,0.99525884,1,1.1142145716,0.0688806888,1.1479524439,55000434782.0,-0.5534283215,2.0,-466.0,2.9759298857,3.421162476,8.3601972322,1.4598876646,4.5199927327,0.8466463683
2024-03-07,2024-03-08,2024-03-07,2024-03-07,2024-03-07,2024-03-08,2024-03-07,2024-03-07,2024-03-07,2024-03-07,2024-03-07,2024-03-07,2024-03-07,2024-03-07,2024-03-07,2024-03-07,2024-03-07,2024-03-07,2024-03-07,2024-03-07,2024-03-07,2024-03-07,2024-03-07,19693.52,1,252.9,644674806280,431,1269,105,11952627025,3055,247,5.389552,3.359389,1.030413,1.508525,-0.4137959973565475,-0.020000000000000462,-0.04999999999999982,-0.41000000000000014,-0.2425451004595569,-0.5320722038734793,-1.2273901808785515,0.23207080003286862,-1.267237083460171,-0.6006696000254608,3.4295234465143487,3.4548229973775157,4.474635745856337,0.35607462498863374,4.222965946903945,19785.32,0.46614318,1,1.3482184176,-0.4929411765,0.3396375099,63823736534.0,0.2011063396,-278.0,-567.0,2.0108975199,3.8317014442,8.6861045176,1.7005275605,5.1168392484,0.8543105301
2024-03-08,2024-03-11,2024-03-08,2024-03-08,2024-03-08,2024-03-11,2024-03-08,2024-03-08,2024-03-08,2024-03-08,2024-03-08,2024-03-08,2024-03-08,2024-03-08,2024-03-08,2024-03-08,2024-03-08,2024-03-08,2024-03-08,2024-03-08,2024-03-08,2024-03-08,2024-03-08,19785.32,0.47,247.43,699971981929,285,1447,76,43236252450,-1566,-75,-1.896784,-4.027432,-0.652852,-1.156917,2.0775637081209553,0.0,-0.019999999999999574,-0.39000000000000057,-0.09280926429229286,-0.07780765540958967,0.22786213645291653,1.236203798886315,0.7616207546710108,0.43034409336513146,-4.046265033517349,-3.9202257964567333,-5.5477008616031664,-1.887598354147113,-6.985742623263191,19726.08,-0.29941391,0,1.4142455008,-0.6709006928,0.196959226,96789022701.0,1.7321556589,-4621.0,-73.0,2.0549937793,4.4855995982,9.7073796357,1.286037998,5.1157049647,0.8295496803
2024-03-11,2024-03-12,2024-03-11,2024-03-11,2024-03-11,2024-03-12,2024-03-11,2024-03-11,2024-03-11,2024-03-11,2024-03-11,2024-03-11,2024-03-11,2024-03-11,2024-03-11,2024-03-11,2024-03-11,2024-03-11,2024-03-11,2024-03-11,2024-03-11,2024-03-11,2024-03-11,19726.08,-0.3,248.63,482852005352,1046,620,142,-4607296393,-6557,-38,-5.021515,-1.363102,-0.112224,-0.409328,3.2564484624427736,0.009999999999999787,0.02999999999999936,-0.41000000000000014,0.05789736572445747,0.1265377511345589,-2.1881488753016765,-0.7651989112750335,1.432000760067953,1.2510923762759196,-1.3281895035479163,-1.782305732574796,-2.003927663354099,-4.339649947676905,-1.192002590235297,19914.55,0.95543565,1,0.9629961445,0.2557022809,1.6870967742,55303070080.0,-0.841267298,-4991.0,-10544.0,1.1622379093,2.1795557802,10.2658757398,0.5496002754,4.2921799713,0.7975127193
2024-03-12,2024-03-13,2024-03-12,2024-03-12,2024-03-12,2024-03-13,2024-03-12,2024-03-12,2024-03-12,2024-03-12,2024-03-12,2024-03-12,2024-03-12,2024-03-12,2024-03-12,2024-03-12,2024-03-12,2024-03-12,2024-03-12,2024-03-12,2024-03-12,2024-03-12,2024-03-12,19914.55,0.96,252.09,546358470794,1261,420,128,5811657898,-8109,37,3.869939,2.092135,1.120179,1.537961,-9.067017675620026,0.0600000000000005,0.07000000000000028,-0.41999999999999993,-0.28868258741585606,0.08748550159207724,-0.05918669114498565,0.8259884044588661,3.0500530093834355,0.22929463026801766,2.074632626530337,3.163184735410396,7.157180253269502,2.2027295380976364,-0.09588663334902936,19928.51,0.0700995,1,1.0719080915,0.500297442,3.0023809524,55257264034.0,-0.2353152978,-1552.0,-11440.0,1.1223488741,2.7215772284,10.8327475733,0.967187635,4.7496423033,0.8036848329
2024-03-13,2024-03-14,2024-03-13,2024-03-13,2024-03-13,2024-03-14,2024-03-13,2024-03-13,2024-03-13,2024-03-13,2024-03-13,2024-03-13,2024-03-13,2024-03-13,2024-03-13,2024-03-13,2024-03-13,2024-03-13,2024-03-13,2024-03-13,2024-03-13,2024-03-13,2024-03-13,19928.51,0.07,249.21,648534947977,397,1305,106,6984700292,-9132,-45,-1.565093,-2.474899,-0.192453,-0.540219,-0.650290112685159,0.03000000000000025,0.03000000000000025,-0.41999999999999993,0.11670135758301559,-0.165110888167197,-0.2617254670508329,0.43851016696505596,-0.06663717202445296,-0.6985393393926564,-2.437222439564024,-1.9783280618881571,-1.115186647609434,-3.9307562816265573,-2.63259813865645,19937.92,0.04721878,1,1.2422421522,-0.5334900118,0.3042145594,63377941272.0,-0.1491798557,-1023.0,-12465.0,0.7237183932,2.200369754,10.3465517308,0.6002848317,4.3104559422,0.8096206819
2024-03-14,2024-03-15,2024-03-14,2024-03-14,2024-03-14,2024-03-15,2024-03-14,2024-03-14,2024-03-14,2024-03-14,2024-03-14,2024-03-14,2024-03-14,2024-03-14,2024-03-14,2024-03-14,2024-03-14,2024-03-14,2024-03-14,2024-03-14,2024-03-14,2024-03-14,2024-03-14,19937.92,0.05,247.96,553178011187,700,938,168,507901307,-8598,-81,-1.772903,-1.751924,-0.287109,-0.304364,4.727269952947433,0.09999999999999964,0.0699999999999994,-0.3899999999999997,0.02484507667166458,0.5545283488154196,0.28791153148219895,0.9351879018165921,-0.7051191167659843,-0.28384979156169665,-1.7085256110713876,-1.7900294817058127,-3.239151734359269,-3.968374143421338,0.34979354229358606,19682.5,-1.28107646,0,1.0426354915,-0.1452991453,0.7462686567,51933215554.0,-0.5281472058,534.0,-11653.0,1.0739082474,1.2410173499,10.1781768086,0.4000508398,3.8590744743,0.8130996524
2024-03-15,2024-03-18,2024-03-15,2024-03-15,2024-03-15,2024-03-18,2024-03-15,2024-03-15,2024-03-15,2024-03-15,2024-03-15,2024-03-15,2024-03-15,2024-03-15,2024-03-15,2024-03-15,2024-03-15,2024-03-15,2024-03-15,2024-03-15,2024-03-15,2024-03-15,2024-03-15,19682.5,-1.28,246.37,623686651971,517,1147,142,-11716251664,-11698,26,-1.890846,-0.542263,-0.648292,-0.963264,0.06944603574132735,0.019999999999999574,0.040000000000000036,-0.41000000000000014,0.38016886083072077,0.06772416254920977,-0.2570085485313123,-1.9096912448508419,-1.4194927208306396,0.21812295689636052,-0.7170744564376608,-0.73818022711023,-0.12167090194183938,2.138351359032309,-2.1207779471828836,19879.85,1.00266734,1,1.171258563,-0.3786057692,0.4507410636,-3019288560.0,-1.2066216783,-3100.0,-10132.0,-1.1652284385,-0.5196782261,5.5669291381,-0.7834090604,2.2521367554,0.6695067501
2024-03-18,2024-03-19,2024-03-18,2024-03-18,2024-03-18,2024-03-19,2024-03-18,2024-03-18,2024-03-18,2024-03-18,2024-03-18,2024-03-18,2024-03-18,2024-03-18,2024-03-18,2024-03-18,2024-03-18,2024-03-18,2024-03-18,2024-03-18,2024-03-18,2024-03-18,2024-03-18,19879.85,1,249.63,476822427140,1051,605,151,-8634473075,-10404,-45,-0.248209,-0.002309,0.631806,0.815619,-0.5551694972461885,0.03000000000000025,0.010000000000000675,-0.39000000000000057,0.24646821955720544,0.14502709604207187,2.6682090785532075,0.7124536670298998,0.09705533029882307,0.9394995267283157,-0.07770989815965024,0.20198423099666574,0.7035803356058246,-0.21459419415288394,0.1408304066223165,19857.2,-0.11393446,0,0.897166565,0.2693236715,1.7371900826,-7046465242.0,-0.9416779701,1294.0,-3847.0,-0.2441727957,0.7795263935,6.8392696395,0.0562896372,2.9371136739,0.678226721
2024-03-19,2024-03-20,2024-03-19,2024-03-19,2024-03-19,2024-03-20,2024-03-19,2024-03-19,2024-03-19,2024-03-19,2024-03-19,2024-03-19,2024-03-19,2024-03-19,2024-03-19,2024-03-19,2024-03-19,2024-03-19,2024-03-19,2024-03-19,2024-03-19,2024-03-19,2024-03-19,19857.2,-0.11,251.01,551554791089,818,829,164,-21569097673,-10976,-10,-1.295378,-0.941442,0.564915,0.393331,-3.5589688178444767,-0.040000000000000036,-0.05000000000000071,-0.3799999999999999,0.11802450064548609,0.22204646019816643,0.6621973660529523,-1.1046884790124278,-1.2405878821225014,-0.7187437394389873,-0.8371846203912847,-0.21989908842925399,1.0660796720779242,-4.841330198285032,0.06223811031951243,19784.45,-0.36636585,0,1.0282501836,-0.00667881,0.9867310012,-34427220813.0,-1.6599550772,-572.0,-2867.0,-0.4048566751,-0.2879803962,6.5540518786,2.01438e-05,2.4957227423,0.684254788
2024-03-20,2024-03-21,2024-03-20,2024-03-20,2024-03-20,2024-03-21,2024-03-20,2024-03-20,2024-03-20,2024-03-20,2024-03-20,2024-03-20,2024-03-20,2024-03-20,2024-03-19,2024-03-20,2024-03-20,2024-03-20,2024-03-20,2024-03-20,2024-03-20,2024-03-20,2024-03-20,19784.45,-0.37,250.56,586491541942,634,1021,156,-26975893925,-4788,149,1.393939,1.599261,0.890417,1.253311,-5.643992403728582,-0.03000000000000025,-0.08999999999999986,-0.3200000000000003,0.2825426998389391,-0.3853134629529298,0.6621973660529523,1.2789080406100384,0.08221579483815855,0.21662386143497248,1.7023447752900989,1.6023830052682042,1.0895087080731392,-0.9315414278818657,3.068631024700119,20199.09,2.09578735,1,1.0779534396,-0.233836858,0.6209598433,-68387815030.0,-1.7335402141,6188.0,4344.0,0.5179728185,-0.7228839487,5.4992865202,-0.2215712587,1.8491344076,0.6960648282
2024-03-21,2024-03-22,2024-03-21,2024-03-21,2024-03-21,2024-03-22,2024-03-21,2024-03-21,2024-03-21,2024-03-21,2024-03-21,2024-03-21,2024-03-21,2024-03-21,2024-03-21,2024-03-21,2024-03-21,2024-03-21,2024-03-21,2024-03-21,2024-03-21,2024-03-21,2024-03-21,20199.09,2.1,252.21,554644422936,1134,515,154,18364211663,4132,-54,1.974404,2.291052,0.323654,0.198112,-0.9202445238506662,0.0,0.03000000000000025,-0.35000000000000053,0.10021719335595591,0.5705408732199935,2.0299637083457833,2.4058308276944107,1.9345217715310392,-0.11964687319296896,2.145609341355348,2.2685184259416458,1.1762447342767768,-0.5842113596606135,5.6426368838060625,20228.43,0.14525407,1,1.0076888778,0.3753790176,2.2019417476,-50531504674.0,0.7362050265,8920.0,12730.0,1.6058471266,1.3099159792,8.1535378241,1.6019220328,3.5776936926,0.7824762754
2024-03-22,2024-03-25,2024-03-22,2024-03-22,2024-03-22,2024-03-25,2024-03-22,2024-03-22,2024-03-22,2024-03-22,2024-03-22,2024-03-22,2024-03-22,2024-03-22,2024-03-22,2024-03-22,2024-03-22,2024-03-22,2024-03-22,2024-03-22,2024-03-22,2024-03-22,2024-03-22,20228.43,0.15,251.17,558349869400,819,801,183,2436810139,-5442,-8,0.78164,0.211926,-0.140219,0.164497,1.0835939821674634,-0.04999999999999982,-0.03000000000000025,-0.3700000000000001,0.3803263646266597,0.41346183189978625,0.17828826232730854,-0.22868852074020563,-2.1563586450491057,-1.0077961460021045,0.11990597799231839,0.5876902679521789,3.1213473860718155,0.5428706405105066,0.4057841676030849,20192.25,-0.17885718,0,1.0084707194,0.0111111111,1.0224719101,-36378442871.0,-0.1315052474,-9574.0,6256.0,1.8694982173,2.773682205,7.296801851,1.1937385679,3.3635753594,0.7737752948
2024-03-25,2024-03-26,2024-03-25,2024-03-25,2024-03-25,2024-03-26,2024-03-25,2024-03-25,2024-03-25,2024-03-25,2024-03-25,2024-03-25,2024-03-25,2024-03-25,2024-03-25,2024-03-25,2024-03-25,2024-03-25,2024-03-25,2024-03-25,2024-03-25,2024-03-25,2024-03-25,20192.25,-0.18,252.27,438747858456,1026,626,164,-9264465264,-5186,9,-0.220576,-0.341659,-0.305496,-0.26995,0.9953993613303291,0.03000000000000025,-0.04999999999999982,-0.29000000000000004,0.16309646746559547,-0.19151292507683104,-1.1600068708312428,-0.3998453735807317,-0.15655094996537278,-0.5427359727609327,-0.39032585315379453,-0.24600138819856898,0.7561830387919466,-0.5677645690651101,-0.13963764335941375,20126.49,-0.3256695,0,0.7997829448,0.2421307506,1.6389776358,-37008435060.0,-0.7235416181,256.0,5218.0,2.0612147419,1.5714404284,6.8984429719,0.6980052746,2.8363395351,0.7818886538
2024-03-26,2024-03-27,2024-03-26,2024-03-26,2024-03-26,2024-03-27,2024-03-26,2024-03-26,2024-03-26,2024-03-26,2024-03-26,2024-03-26,2024-03-26,2024-03-26,2024-03-26,2024-03-26,2024-03-26,2024-03-26,2024-03-26,2024-03-26,2024-03-26,2024-03-26,2024-03-26,20126.49,-0.33,248.49,564492084881,391,1293,124,-5425339719,-6476,-45,-0.991228,-0.809781,-0.27998,-0.41973,0.3790765149775055,-0.009999999999999787,0.019999999999999574,-0.3199999999999994,-0.6294041552667218,0.05756265629992541,-0.039812430196550785,0.7130418233622926,0.8782496279567731,0.5102443213533148,-0.7525503790745902,-0.9291882126728934,-2.569421612511691,-0.4254659042995601,-1.4864104342937168,20200.12,0.36583627,1,1.0178771588,-0.5356294537,0.3023975251,-20864677106.0,-0.4578168738,-1290.0,4500.0,-0.3594221324,1.3561327881,6.2193207217,0.1012029061,2.1947652481,0.7951527318
2024-03-27,2024-03-28,2024-03-27,2024-03-27,2024-03-27,2024-03-28,2024-03-27,2024-03-27,2024-03-27,2024-03-27,2024-03-27,2024-03-27,2024-03-27,2024-03-27,2024-03-27,2024-03-27,2024-03-27,2024-03-27,2024-03-27,2024-03-27,2024-03-27,2024-03-27,2024-03-27,20200.12,0.37,250.94,453458617737,1163,474,164,-6891366447,-3340,-16,-1.548541,0.990756,0.863063,0.513734,-3.4743205898720597,-0.040000000000000036,-0.019999999999999574,-0.33999999999999986,0.4767770651749492,0.057529540768097576,0.9027648315163894,-0.07181413757374466,-1.3568186465896748,-1.1558366402116382,1.256275902560633,-0.035561110646131766,-2.4967287345075917,0.9669990824309194,-0.9583256026521991,20146.55,-0.26519644,0,0.8234253409,0.4208918754,2.4535864979,-780149628.0,-0.5682539008,3136.0,1448.0,-0.1399515434,2.100993457,7.1373752878,0.0537116834,2.219397655,0.7737211609
2024-03-28,2024-03-29,2024-03-28,2024-03-28,2024-03-28,2024-03-29,2024-03-28,2024-03-28,2024-03-28,2024-03-28,2024-03-28,2024-03-28,2024-03-28,2024-03-28,2024-03-28,2024-03-28,2024-03-28,2024-03-28,2024-03-28,2024-03-28,2024-03-28,2024-03-28,2024-03-28,20146.55,-0.27,250.58,518389689168,748,849,190,-23763196359,-5729,9,-0.468212,0.107343,0.111649,-0.122318,1.7996909289228258,0.0,0.04999999999999982,-0.3899999999999997,0.29512331100887135,0.19166706330744354,-1.4588329815292567,-0.3371930231562792,0.9063718034288515,0.5187271195924437,0.10634770513699987,0.04446889758862316,0.11745463447887516,0.5011465970410134,0.5065474069847697,20294.45,0.73412073,1,0.9410656781,-0.0632435817,0.8810365135,-42907557650.0,-1.4283373414,-2389.0,-9861.0,-0.2263244562,-0.2601107278,6.2202473062,-0.1596628694,1.6449011787,0.7826503003
2024-03-29,2024-04-01,2024-03-29,2024-03-29,2024-03-29,2024-04-01,2024-03-28,2024-03-28,2024-03-28,2024-03-28,2024-03-28,2024-03-28,2024-03-31,2024-03-28,2024-03-29,2024-03-29,2024-03-28,2024-03-29,2024-03-28,2024-03-28,2024-03-28,2024-03-28,2024-03-28,20294.45,0.73,252.11,562341157535,671,934,200,402004409,-754,65,-0.468212,0.107343,0.111649,-0.122318,1.7996909289228258,0.0,0.04999999999999982,-0.3899999999999997,-0.26266618358599114,0.19166706330744354,0.501321303670732,0.029492626354388207,0.9063718034288515,0.4691907807679696,0.10634770513699987,0.04446889758862316,0.11745463447887516,0.5011465970410134,0.5065474069847697,20222.33,-0.35536809,0,1.0151365114,-0.1638629283,0.7184154176,-44942363380.0,-0.0127487976,4975.0,4688.0,0.8345220652,0.3263723383,7.1742977504,0.5075185326,2.0413960908,0.7802474092
2024-04-01,2024-04-02,2024-04-01,2024-04-01,2024-04-01,2024-04-02,2024-04-01,2024-04-01,2024-04-01,2024-04-01,2024-04-01,2024-04-01,2024-04-01,2024-04-01,2024-04-01,2024-04-01,2024-03-28,2024-04-01,2024-04-01,2024-04-01,2024-04-01,2024-04-01,2024-04-01,20222.33,-0.36,254.03,422930136928,1212,463,139,-2622082264,-4323,74,3.998532,1.15979,-0.201358,0.106048,4.919288073705452,0.1299999999999999,0.1299999999999999,-0.3899999999999997,0.25364619011380984,0.44953952901936045,-1.4029214741928975,0.04479033076401073,0.9063718034288515,1.6443887229375065,1.0534724247973415,1.3111679968965673,0.0077428776924293174,1.5790297290641409,1.8748919983140988,20466.57,1.20777378,1,0.7745365905,0.4471641791,2.6177105832,-38299980380.0,-0.0837286546,-3569.0,863.0,0.1099498419,0.1489680447,4.7500920731,0.1205169545,1.4449015739,0.7016214615
2024-04-02,2024-04-03,2024-04-02,2024-04-02,2024-04-02,2024-04-03,2024-04-02,2024-04-02,2024-04-02,2024-04-02,2024-04-02,2024-04-02,2024-04-02,2024-04-02,2024-04-02,2024-04-02,2024-04-02,2024-04-02,2024-04-02,2024-04-02,2024-04-02,2024-04-02,2024-04-02,20466.57,1.21,254.79,491149482570,711,901,192,7105343555,3312,-70,-0.897593,-1.514684,-0.723906,-0.95372,7.03296750897886,0.03000000000000025,-0.019999999999999574,-0.33999999999999986,0.07497134359799595,-0.19043701641119348,0.08999379857346224,0.19287025104317568,2.3583199702168045,-0.4163356030120524,-1.5418327750363225,-1.2854294565182722,-1.0081510063399746,-2.5308167788424374,-0.8516832966740884,20337.6,-0.63014956,0,0.9019281031,-0.117866005,0.7891231964,-25769297106.0,0.5525544446,7635.0,9788.0,1.5884605553,1.6897134076,5.5689609283,0.9896672279,2.3928445274,0.7323273681
2024-04-03,2024-04-08,2024-04-03,2024-04-03,2024-04-03,2024-04-08,2024-04-05,2024-04-05,2024-04-05,2024-04-05,2024-04-05,2024-04-05,2024-04-07,2024-04-05,2024-04-05,2024-04-05,2024-04-05,2024-04-03,2024-04-05,2024-04-05,2024-04-05,2024-04-05,2024-04-05,20337.6,-0.63,254.92,454324969123,603,1041,163,-18189110047,-7466,102,1.21724,1.325886,1.109919,1.242685,-1.9571846321599473,0.08000000000000007,0.08000000000000007,-0.34000000000000075,0.19719823058421682,0.17287773763690062,-1.9637938762850693,-1.0134952247447093,-0.007053395959077946,-0.35970494594300684,1.1870547952362864,1.250625316127696,2.4480583033000824,2.7678925931429843,1.6645109404648917,20417.7,0.39385178,1,0.8387831653,-0.2664233577,0.5792507205,-37067040706.0,-1.0263951501,-10778.0,-4126.0,0.2126197064,0.6805900163,4.2983263631,0.2173109616,1.5347383891,0.7542011964
2024-04-08,2024-04-09,2024-04-08,2024-04-08,2024-04-08,2024-04-09,2024-04-08,2024-04-08,2024-04-08,2024-04-08,2024-04-08,2024-04-08,2024-04-08,2024-04-08,2024-04-08,2024-04-08,2024-04-08,2024-04-08,2024-04-08,2024-04-08,2024-04-08,2024-04-08,2024-04-08,20417.7,0.39,255.93,484669641097,963,684,168,-12366934651,-5854,58,1.011596,0.129904,-0.037463,0.033483,-5.240181349224815,0.03000000000000025,0.04999999999999982,-0.3600000000000003,-0.1195805343893186,-0.15340714997867932,0.9103411630487335,0.12673822054141137,0.05339470376390931,-0.879817710890507,0.25718181332490264,0.18864452483682292,-0.9942277609286565,-0.3051310163408316,-0.24860766946059876,20796.2,1.85378373,1,0.908220684,0.1693989071,1.4078947368,-25670778998.0,-0.5836346626,1612.0,-125.0,0.9661102356,1.3458880056,3.6772501818,0.343871282,1.7506978582,0.7341545488
2024-04-09,2024-04-10,2024-04-09,2024-04-09,2024-04-09,2024-04-10,2024-04-09,2024-04-09,2024-04-09,2024-04-09,2024-04-09,2024-04-09,2024-04-09,2024-04-09,2024-04-09,2024-04-09,2024-04-09,2024-04-09,2024-04-09,2024-04-09,2024-04-09,2024-04-09,2024-04-09,20796.2,1.85,254.93,534992493416,971,700,146,20598666882,5164,-47,1.82786,0.941269,0.144549,0.324104,-1.3824887685854326,-0.05999999999999961,-0.040000000000000036,-0.3799999999999999,-0.33236826467953895,0.009604509591976118,1.0829019257921457,-0.45958790437294894,0.5690644770490971,-0.08256740444601007,1.0756073008431066,0.4662461025306319,-2.041714266651151,0.5179546288557546,-0.15118318141353893,20763.53,-0.15709601,0,1.0182604833,0.1621783363,1.3871428571,-5474116525.0,2.001806418,11018.0,5918.0,1.6105776395,2.4723508151,5.1092426102,1.7024581281,3.3765469921,0.8183396918
2024-04-10,2024-04-11,2024-04-10,2024-04-10,2024-04-10,2024-04-11,2024-04-10,2024-04-10,2024-04-10,2024-04-10,2024-04-10,2024-04-10,2024-04-10,2024-04-10,2024-04-10,2024-04-09,2024-04-10,2024-04-10,2024-04-10,2024-04-10,2024-04-10,2024-04-10,2024-04-10,20763.53,-0.16,255.93,514515816607,954,691,165,-257684542,-1710,-135,0.563967,-1.65188,-0.945698,-0.835729,5.473969783420429,0.1899999999999995,0.22999999999999954,-0.41999999999999993,0.6782125595073074,1.0561675064860943,-0.48102907103678705,-0.45958790437294894,1.8486944943646444,-0.8144930189816657,-1.8255447311011253,-0.8701526791259906,1.974137429397893,-2.1313967769448827,-0.8777623585058181,20753.22,-0.04965437,0,0.9763448359,0.1598784195,1.3806078148,-3109718803.0,0.3195271204,-6874.0,2613.0,2.0942982456,2.6762494727,5.2592811141,1.0080111615,2.9486884318,0.8141149096
2024-04-11,2024-04-12,2024-04-11,2024-04-11,2024-04-11,2024-04-12,2024-04-11,2024-04-11,2024-04-11,2024-04-11,2024-04-11,2024-04-11,2024-04-11,2024-04-11,2024-04-11,2024-04-11,2024-04-11,2024-04-11,2024-04-11,2024-04-11,2024-04-11,2024-04-11,2024-04-11,20753.22,-0.05,254.66,518583178895,509,1176,113,-5198349976,-12964,16,0.67022,2.421953,0.74448,1.681093,-5.632913497334324,0.009999999999999787,-0.040000000000000036,-0.3700000000000001,0.1289503566611172,0.028502403132413257,-0.35162538662262266,0.06654130944596659,-0.2575423734125115,-0.013409688914722828,2.2586038384825757,2.322756607643117,4.109647157492002,2.010291146716159,4.544116024815259,20736.57,-0.08022851,0,0.9866632317,-0.3958456973,0.4328231293,-15413412334.0,-0.0303270835,-11254.0,-16276.0,1.6432800952,1.4005766477,4.2113429628,0.6770756271,2.684076809,0.8005378535
2024-04-12,2024-04-15,2024-04-12,2024-04-12,2024-04-12,2024-04-15,2024-04-12,2024-04-12,2024-04-12,2024-04-12,2024-04-12,2024-04-12,2024-04-14,2024-04-12,2024-04-12,2024-04-12,2024-04-12,2024-04-12,2024-04-12,2024-04-12,2024-04-12,2024-04-12,2024-04-12,20736.57,-0.08,256.43,563022595112,839,811,162,-7467475056,-12009,-261,-3.179343,-3.287977,-1.455069,-1.624536,16.09657708311001,-0.05999999999999961,-0.04999999999999982,-0.3799999999999999,0.09155415847534876,0.7218865359446713,0.20516349250538912,-0.9287131298912232,-2.1839087682537506,-0.8104439885080583,-3.282030361653665,-2.91672383706022,-2.6816460417505072,-4.234604821526755,-2.7769370944438765,20449.77,-1.38306383,0,1.0799998878,0.016969697,1.0345252774,-4691777343.0,-0.1592984315,955.0,-4543.0,-0.2867350766,1.961735898,4.0547938607,0.208404169,2.3969946202,0.8025161296
2024-04-15,2024-04-16,2024-04-15,2024-04-15,2024-04-15,2024-04-16,2024-04-15,2024-04-15,2024-04-15,2024-04-15,2024-04-15,2024-04-15,2024-04-15,2024-04-15,2024-04-15,2024-04-15,2024-04-15,2024-04-15,2024-04-15,2024-04-15,2024-04-15,2024-04-15,2024-04-15,20449.77,-1.38,252.5,548379306232,404,1305,102,-27875360290,-17803,-216,-1.669944,-1.389863,-1.202135,-1.793315,11.091855202373434,0.1299999999999999,0.04999999999999982,-0.2999999999999998,0.4179325060941874,0.16031513341907555,-0.7356373459692644,-0.42471666362456917,-0.7249776762380034,2.107116218882843,-1.2656530806281485,-1.504437273707615,-2.4777148670937943,-1.8128316249433007,-2.4834997389452496,19901.96,-2.67880763,0,1.0523952352,-0.5272088941,0.3095785441,-20200202982.0,-1.6203562055,-5794.0,-11949.0,-1.5111110683,0.1570696014,2.5672186467,-1.2081628773,0.8533248941,0.8737051357
2024-04-16,2024-04-17,2024-04-16,2024-04-16,2024-04-16,2024-04-17,2024-04-16,2024-04-16,2024-04-16,2024-04-16,2024-04-16,2024-04-16,2024-04-16,2024-04-16,2024-04-16,2024-04-16,2024-04-16,2024-04-16,2024-04-16,2024-04-16,2024-04-16,2024-04-16,2024-04-16,19901.96,-2.68,245.52,591258981568,113,1653,44,-39494347804,-18386,-23,-0.242612,0.88542,-0.205651,-0.124454,-4.316172352906522,0.040000000000000036,0.040000000000000036,-0.2999999999999998,0.33683409634026606,0.04707942019475109,-1.9412367899667826,-2.2767887712661805,-2.117358139998937,-1.0698538738856733,0.7570502537249446,0.8281206508572669,1.644168642080257,1.9585823641451894,1.4015561359380202,20213.33,1.56451927,1,1.1382273666,-0.8720271801,0.0683605566,-80293217668.0,-2.1169706004,-583.0,-23550.0,-4.1018213077,-4.3000163491,1.1150006351,-3.0166643845,-1.9014288769,1.0263900199
2024-04-17,2024-04-18,2024-04-17,2024-04-17,2024-04-17,2024-04-18,2024-04-17,2024-04-17,2024-04-17,2024-04-17,2024-04-17,2024-04-17,2024-04-17,2024-04-17,2024-04-17,2024-04-17,2024-04-17,2024-04-17,2024-04-17,2024-04-17,2024-04-17,2024-04-17,2024-04-17,20213.33,1.56,250.33,475163922741,1502,220,92,-22215929501,-17952,-170,-0.55079,-3.245816,-0.57806,-1.146404,-1.0326116195473745,-0.08000000000000007,-0.040000000000000036,-0.33999999999999986,-0.4920221304314132,-0.291742124746841,-1.3241033496344201,-0.9752322097280164,0.01766337949911101,1.5462287783887918,-3.033097518670813,-3.084508876011549,-3.866610098973966,-5.77511443391211,-3.4934503832779518,20301.2,0.43471313,1,0.9148798594,0.7444831591,6.8272727273,-102251462627.0,-0.8778231146,434.0,-16242.0,-2.5232716886,-2.6498384427,1.6774774458,-0.9683028293,-0.4484768947,1.0589588543
2024-04-18,2024-04-19,2024-04-18,2024-04-18,2024-04-18,2024-04-19,2024-04-18,2024-04-18,2024-04-18,2024-04-18,2024-04-18,2024-04-18,2024-04-18,2024-04-18,2024-04-18,2024-04-18,2024-04-18,2024-04-18,2024-04-18,2024-04-18,2024-04-18,2024-04-18,2024-04-18,20301.2,0.43,250.68,522232690613,948,704,150,-6659484739,-14700,-355,-4.862256,-1.655243,-0.220816,-0.522019,-1.1532075509642303,0.04999999999999982,0.05000000000000071,-0.34000000000000075,0.2408928500440055,0.18877261292835623,0.31057124549853654,1.9549729843763686,0.8247022993310038,0.1234124251106472,-1.7731487529552337,-1.7749477975546601,0.7568202889319364,0.6882207045771915,-1.8430867858123423,19527.12,-3.81297657,0,1.0083524038,0.1476997579,1.3465909091,-103712597390.0,0.1104527214,3252.0,-1736.0,-0.7265118385,-2.1780716438,2.2359647886,-0.0953024635,-0.1249127344,1.0604563085
2024-04-19,2024-04-22,2024-04-19,2024-04-19,2024-04-19,2024-04-22,2024-04-19,2024-04-19,2024-04-19,2024-04-19,2024-04-19,2024-04-19,2024-04-21,2024-04-19,2024-04-19,2024-04-19,2024-04-19,2024-04-19,2024-04-19,2024-04-19,2024-04-19,2024-04-19,2024-04-19,19527.12,-3.81,242.42,774805617491,191,1568,49,-85752593505,-19777,26,-3.455059,-4.115133,-0.875855,-2.047817,3.9444393581814285,-0.019999999999999574,-0.010000000000000675,-0.34999999999999964,0.2717815335421703,0.0,-2.655870915472003,-1.6259856736606904,-0.9870058817113891,-0.7882832745208734,-3.9878068520771137,-4.515169414023901,-10.004607137666376,-5.442353844308601,-4.311393509351746,19411.22,-0.59353351,0,1.4693198781,-0.7828311541,0.1218112245,-181997715839.0,-3.3621880224,-5077.0,-7768.0,-1.8834325865,-5.8324496288,-1.3006679488,-2.7469739539,-3.8722786624,1.3620455552
2024-04-22,2024-04-23,2024-04-22,2024-04-22,2024-04-22,2024-04-23,2024-04-22,2024-04-22,2024-04-22,2024-04-22,2024-04-22,2024-04-22,2024-04-22,2024-04-22,2024-04-22,2024-04-22,2024-04-22,2024-04-22,2024-04-22,2024-04-22,2024-04-22,2024-04-22,2024-04-22,19411.22,-0.59,236.73,548208106700,662,1024,129,-12953892110,-16400,156,1.605327,1.74256,0.873125,1.107837,-9.460174436266822,0.0,0.0,-0.34999999999999964,0.2430425847365969,-0.06594412983325082,0.9988515725489311,1.4499175274454101,1.7723578008969731,-0.3038126198632196,1.648270720561107,1.9125533006312256,4.354331924331611,1.3638843482845608,1.6393974177307369,19599.28,0.96882113,1,1.0402414863,-0.2147093713,0.646484375,-167076247659.0,-0.007637309,3377.0,1403.0,-3.9682229499,-5.0785412256,-3.9005222512,-2.313657021,-4.2571590712,1.2727943492
2024-04-23,2024-04-24,2024-04-23,2024-04-23,2024-04-23,2024-04-24,2024-04-23,2024-04-23,2024-04-23,2024-04-23,2024-04-23,2024-04-23,2024-04-23,2024-04-23,2024-04-23,2024-04-23,2024-04-23,2024-04-23,2024-04-23,2024-04-23,2024-04-23,2024-04-23,2024-04-23,19599.28,0.97,239.26,394856878724,1285,394,133,1483562578,-12505,202,2.836218,2.2109,1.196458,1.587762,-7.378990048797274,-0.009999999999999787,-0.10999999999999943,-0.25,-0.24398701951591217,-0.3676464771084409,0.3032986084302136,-0.2441554862655071,1.9213069339488964,-0.6989700168006152,2.087668044543012,2.354447186830866,3.6532594655278805,2.442145383287242,2.0196654770362255,20131.74,2.71673245,1,0.7610581505,0.5306730197,3.2614213198,-126098337277.0,0.6799139497,3895.0,5881.0,-3.4575296042,-1.5208552323,-3.1102265475,-1.0658526847,-3.1793560133,1.2961009275
2024-04-24,2024-04-25,2024-04-24,2024-04-24,2024-04-24,2024-04-25,2024-04-24,2024-04-24,2024-04-24,2024-04-24,2024-04-24,2024-04-24,2024-04-24,2024-04-24,2024-04-24,2024-04-24,2024-04-24,2024-04-24,2024-04-24,2024-04-24,2024-04-24,2024-04-24,2024-04-24,20131.74,2.72,244.93,496792287784,1308,361,142,29866861839,-13333,-200,-0.344744,1.058328,0.021301,0.102636,1.7845805872141796,0.040000000000000036,0.02999999999999936,-0.23999999999999932,0.3808770229507319,0.16084602613153365,2.4177516419089162,2.010277469333732,2.212498659534856,0.43922362581509944,1.2969341002925017,0.11549096768550537,-3.33158788660588,-0.3480651240729826,0.610796192821006,19857.42,-1.36262439,0,0.9522048334,0.5674056321,3.6232686981,-74015545937.0,1.7691628605,-828.0,4619.0,3.0963091331,-0.4036445257,-0.2996694276,1.7056991493,-0.5341319889,1.4386094117
2024-04-25,2024-04-26,2024-04-25,2024-04-25,2024-04-25,2024-04-26,2024-04-25,2024-04-25,2024-04-25,2024-04-25,2024-04-25,2024-04-25,2024-04-25,2024-04-25,2024-04-25,2024-04-25,2024-04-25,2024-04-25,2024-04-25,2024-04-25,2024-04-25,2024-04-25,2024-04-25,19857.42,-1.36,242.65,427185009353,594,1023,183,-24632605202,-17160,250,2.714899,1.962791,-0.457643,-0.642728,-3.757046784203688,0.04999999999999982,0.07000000000000028,-0.2599999999999998,-0.2951578331521709,-0.24560942256884877,-2.1622360036482657,-1.7613709357189533,0.4840894510647731,0.24590704906273242,1.8557641222643584,1.9996172833883108,3.708726180225952,1.331217174473398,2.9916791266594744,20120.51,1.32489518,1,0.8297061263,-0.2653061224,0.5806451613,-91988666400.0,-0.5515527795,-3827.0,-2460.0,2.2986705627,-2.1859791539,-1.3368948088,0.7716886719,-1.8242203726,1.4676403506
2024-04-26,2024-04-29,2024-04-26,2024-04-26,2024-04-26,2024-04-29,2024-04-26,2024-04-26,2024-04-26,2024-04-26,2024-04-26,2024-04-26,2024-04-28,2024-04-26,2024-04-26,2024-04-26,2024-04-26,2024-04-26,2024-04-26,2024-04-26,2024-04-26,2024-04-26,2024-04-26,20120.51,1.32,245.36,501409361606,966,630,219,20505183224,-13888,76,1.259336,2.605611,1.020914,2.025016,-2.2121025056567434,-0.03000000000000025,0.0,-0.29000000000000004,0.08607137638918516,0.32197345852091885,0.81396125005464,1.0541637704252427,2.1210361861508265,1.529340159599979,2.1138318143986368,2.5636204145342845,6.175569503917644,2.3673253900165836,3.835691882376646,20495.52,1.86381956,1,0.9693554746,0.2105263158,1.5333333333,14269110329.0,1.2788586068,3272.0,5889.0,2.6594344282,3.0387993724,-0.3941065697,1.4955381937,-0.5039136402,1.4960467841
2024-04-29,2024-04-30,2024-04-29,2024-04-29,2024-04-29,2024-04-30,2024-04-29,2024-04-29,2024-04-29,2024-04-29,2024-04-29,2024-04-29,2024-04-29,2024-04-29,2024-04-26,2024-04-29,2024-04-29,2024-04-29,2024-04-29,2024-04-29,2024-04-29,2024-04-29,2024-04-29,20495.52,1.86,248.72,488997444656,1351,353,110,34255519763,-15041,-45,0.144611,0.6441,0.317845,0.346434,-2.3952073391426465,-0.040000000000000036,0.009999999999999787,-0.33999999999999986,-0.3839184473235724,-0.3398155579151241,0.81396125005464,1.1711595459254598,0.5425128872952101,1.105940466597688,0.760723467821256,0.34001355230626196,0.02507912882550034,1.7789092505297477,-0.40548347805533513,20396.6,-0.48264206,0,0.9480535495,0.5856807512,3.8271954674,61478522202.0,1.6164597327,-1153.0,1359.0,1.8069973087,5.5859446238,1.7321576151,2.2684916152,1.2631410234,1.5488070012
2024-04-30,2024-05-02,2024-04-30,2024-04-30,2024-04-30,2024-05-02,2024-05-01,2024-05-01,2024-05-01,2024-05-01,2024-05-01,2024-05-01,2024-05-01,2024-05-01,2024-05-01,2024-04-30,2024-04-30,2024-04-30,2024-05-01,2024-05-01,2024-05-01,2024-05-01,2024-05-01,20396.6,-0.48,248.53,434501403175,758,890,162,2339635762,-13735,-142,-1.747484,-3.543955,-0.343544,-0.334273,-1.6613372622684919,-0.0600000000000005,-0.08000000000000007,-0.33000000000000007,-0.4225153435658102,-0.4330625863173121,-0.342682236067704,0.17191517906378628,0.09082787078471544,-0.5386452755357762,-3.378667601632024,-2.9146575464117697,-3.889956302418307,-8.90895326136133,-4.415229147061728,20222.44,-0.8538678,0,0.8529687573,-0.0800970874,0.8516853933,62334595386.0,0.3788545968,1306.0,-1230.0,2.7152570676,4.0681086244,0.503339583,0.9714778322,0.7489786537,1.5465198863
2024-05-02,2024-05-03,2024-05-02,2024-05-02,2024-05-02,2024-05-03,2024-05-02,2024-05-02,2024-05-02,2024-05-02,2024-05-02,2024-05-02,2024-05-02,2024-05-02,2024-05-02,2024-05-02,2024-05-02,2024-04-30,2024-05-02,2024-05-02,2024-05-02,2024-05-02,2024-05-02,20222.44,-0.85,250.2,455885997315,996,637,179,-18100909786,-17541,221,0.955975,2.166745,0.912844,1.508954,-4.613385460092079,-0.04999999999999982,-0.08999999999999986,-0.29000000000000004,-0.4002988704028487,-0.4349461754739048,-0.09923294758391599,-0.31240596669277476,2.500145414825883,-0.5386452755357762,2.2489888173796047,2.0110620895048115,3.342928149131552,1.3100432062641998,-0.3451722991710149,20330.32,0.53346678,1,0.8920631803,0.2198407838,1.5635792779,14366823761.0,-0.379085404,-3806.0,-4208.0,0.5065974968,0.4505323435,0.0005439531,0.0194969973,-0.1113115724,1.5566290608
2024-05-03,2024-05-06,2024-05-03,2024-05-03,2024-05-03,2024-05-06,2024-05-03,2024-05-03,2024-05-03,2024-05-03,2024-05-03,2024-05-03,2024-05-05,2024-05-03,2024-05-02,2024-05-03,2024-05-03,2024-04-30,2024-05-03,2024-05-03,2024-05-03,2024-05-03,2024-05-03,20330.32,0.53,249.99,477248280983,658,962,191,16697951027,-19457,300,3.912502,2.406763,1.255674,1.990852,-8.106270499449886,-0.08000000000000007,-0.0600000000000005,-0.3099999999999996,-0.21362587285993495,-0.2564143063967683,-0.09923294758391599,-0.2615847739721566,1.4762845644161304,-0.5386452755357762,2.25154648520971,2.688297401810269,3.4631833734197315,3.037768425123044,3.1923869291867746,20523.31,0.94927183,1,0.9351360675,-0.187654321,0.683991684,55697379990.0,0.9286195542,-1916.0,-2297.0,-0.8060298055,2.3814775535,-0.6657197567,0.084881277,0.4553649572,1.537554657
2024-05-06,2024-05-07,2024-05-06,2024-05-06,2024-05-06,2024-05-07,2024-05-06,2024-05-06,2024-05-06,2024-05-06,2024-05-06,2024-05-06,2024-05-06,2024-05-06,2024-05-02,2024-05-03,2024-05-06,2024-05-06,2024-05-06,2024-05-06,2024-05-06,2024-05-06,2024-05-06,20523.31,0.95,250.79,477426448908,975,671,166,21662798874,-18758,142,0.897149,2.210688,1.032612,1.194083,0.0,-0.009999999999999787,0.010000000000000675,-0.33000000000000007,-0.043067197592394635,0.01904624649475828,-0.09923294758391599,-0.2615847739721566,0.5541313223261124,1.4840234222306847,2.077071532218344,2.2688662739827725,3.77411376355159,3.439570030442596,2.5193519536225173,20653.53,0.63449804,1,0.9333726824,0.184690158,1.4530551416,56854995640.0,1.0168768464,699.0,-4870.0,0.6212309895,2.0019373266,0.9131362599,0.6358453553,1.3624531842,1.5448091799
2024-05-07,2024-05-08,2024-05-07,2024-05-07,2024-05-07,2024-05-08,2024-05-07,2024-05-07,2024-05-07,2024-05-07,2024-05-07,2024-05-07,2024-05-07,2024-05-07,2024-05-07,2024-05-07,2024-05-07,2024-05-07,2024-05-07,2024-05-07,2024-05-07,2024-05-07,2024-05-07,20653.53,0.63,250.67,484133363924,693,984,133,6994113129,-19225,-21,-1.20423,-0.737904,0.134343,-0.102087,-1.927355324634561,-0.020000000000000462,0.0,-0.35000000000000053,0.31243083104899316,0.34269452631447983,1.566665311325588,2.1568250799290256,-0.5325117823738013,0.030895682453513373,-0.8837111011872234,-0.8712455460363921,-1.7212921051250052,-0.8666106779396388,-0.5494891960730608,20700.51,0.22746717,1,0.9465343756,-0.1735241503,0.7042682927,29593589006.0,0.4359215389,-467.0,-4184.0,2.1317407791,0.7709489684,1.1550272558,1.1176857653,1.9462255728,1.5483155629
2024-05-08,2024-05-09,2024-05-08,2024-05-08,2024-05-08,2024-05-09,2024-05-08,2024-05-08,2024-05-08,2024-05-08,2024-05-08,2024-05-08,2024-05-08,2024-05-08,2024-05-08,2024-05-08,2024-05-08,2024-05-08,2024-05-08,2024-05-08,2024-05-08,2024-05-08,2024-05-08,20700.51,0.23,250.59,482138978183,810,832,171,2385939546,-15603,-2,1.764585,0.114945,-0.000584,-0.182456,-1.7384697671535276,0.010000000000000675,0.019999999999999574,-0.35999999999999943,-0.09516764309563941,0.1328141398203586,-1.629274659502833,0.39094855784482796,-0.8956461898969481,-0.7868259170010883,0.09601364758442532,0.30353743574222936,-0.15681062092860465,-0.5245079304603162,1.7082194485239066,20560.77,-0.67505583,0,0.9475307604,-0.0133982948,0.9735576923,29639892790.0,0.3058072159,3622.0,-1868.0,1.8208764053,1.4900032358,-0.4601321395,1.0469968254,2.2022562444,1.4942333464
2024-05-09,2024-05-10,2024-05-09,2024-05-09,2024-05-09,2024-05-10,2024-05-09,2024-05-09,2024-05-09,2024-05-09,2024-05-09,2024-05-09,2024-05-09,2024-05-09,2024-05-09,2024-05-09,2024-05-09,2024-05-09,2024-05-09,2024-05-09,2024-05-09,2024-05-09,2024-05-09,20560.77,-0.68,247.44,487016894985,486,1181,145,-20782452326,-17216,88,-0.564076,-0.638986,0.509095,0.266826,-2.3846186124361513,-0.03000000000000025,-0.040000000000000036,-0.34999999999999964,0.01793319460277054,-0.3031735533605806,-0.3360802518904471,-1.1988909369448297,1.222850778141904,0.9459506081658686,-0.374562430243075,-0.6413722710440717,-1.8415706635392604,-0.8006742394443989,-1.4863782812348014,20708.84,0.72015785,1,0.9597104239,-0.4169166167,0.4115156647,26958350250.0,-0.5261636416,-1613.0,325.0,0.182524164,1.6730424222,-0.9765198885,0.0344561034,1.5631695552,1.5010002347
2024-05-10,2024-05-13,2024-05-10,2024-05-10,2024-05-10,2024-05-13,2024-05-10,2024-05-10,2024-05-10,2024-05-10,2024-05-10,2024-05-10,2024-05-12,2024-05-10,2024-05-10,2024-05-10,2024-05-10,2024-05-10,2024-05-10,2024-05-10,2024-05-10,2024-05-10,2024-05-10,20708.84,0.72,247.65,490672571517,940,718,162,16603533576,-14869,136,4.531131,1.01391,0.16494,-0.032972,-1.1032261172400193,0.04999999999999982,0.07000000000000028,-0.3700000000000001,0.26346452966479195,0.07601843495985694,0.40744073600953445,0.5711353708842237,2.2973001021244777,0.04693525759229544,0.9812009765065133,1.5092314704518994,1.2744055383280717,-0.3084199898848783,2.077858424121337,20857.71,0.71887175,1,0.9695806258,0.1338962606,1.3091922006,26863932799.0,0.8196967275,2347.0,4588.0,0.2677992576,1.8618496905,-0.2138463332,0.3851204146,2.3057985393,1.5100435162
2024-05-13,2024-05-14,2024-05-13,2024-05-13,2024-05-13,2024-05-14,2024-05-13,2024-05-13,2024-05-13,2024-05-13,2024-05-13,2024-05-13,2024-05-13,2024-05-13,2024-05-13,2024-05-13,2024-05-13,2024-05-13,2024-05-13,2024-05-13,2024-05-13,2024-05-13,2024-05-13,20857.71,0.72,247.12,482243581993,742,941,133,15887457287,-14517,2,-1.909414,0.313227,-0.02413,0.289887,8.366535257186957,-0.019999999999999574,-0.020000000000000462,-0.3699999999999992,-0.16192227613095467,-0.08545849394835381,-0.12987076683630416,-0.015395119317540562,0.7982673292820097,-0.0433706066617634,0.20885917344948268,-0.017916947772100844,0.5796788231795746,-0.8952084167610064,0.35339758785652986,20985.85,0.61435316,1,0.9605912816,-0.1182412359,0.788522848,21088591212.0,0.7395374806,352.0,4241.0,0.75940158,1.6293668029,0.5841853306,0.7800342013,3.0104224311,1.5179228694
2024-05-14,2024-05-15,2024-05-14,2024-05-14,2024-05-14,2024-05-15,2024-05-14,2024-05-14,2024-05-14,2024-05-14,2024-05-14,2024-05-14,2024-05-14,2024-05-14,2024-05-14,2024-05-14,2024-05-14,2024-05-14,2024-05-14,2024-05-14,2024-05-14,2024-05-14,2024-05-14,20985.85,0.61,247.95,535587887278,853,786,176,21921363410,-10044,164,3.78389,1.676111,0.483781,0.750169,-1.3235316185802093,-0.03000000000000025,-0.040000000000000036,-0.35999999999999943,-0.17854125279843647,-0.1995809561265549,0.4625462275098524,0.11477396305963339,-0.21631953125965664,-0.2084730959583836,1.6628899953297083,1.7110129079134229,1.0586408151119109,1.7268903730579321,3.1790406623416922,21147.21,0.76889904,1,1.0682098142,0.0408785845,1.0852417303,36015841493.0,0.86740322,4473.0,9181.0,2.0674322995,1.6090227675,2.6214475762,1.0745886284,3.5062512334,1.4863403913
2024-05-15,2024-05-16,2024-05-15,2024-05-15,2024-05-15,2024-05-16,2024-05-15,2024-05-15,2024-05-15,2024-05-15,2024-05-15,2024-05-15,2024-05-15,2024-05-15,2024-05-15,2024-05-14,2024-05-14,2024-05-15,2024-05-15,2024-05-15,2024-05-15,2024-05-15,2024-05-15,21147.21,0.77,248.35,558608476907,853,792,174,26693469933,-3481,210,2.388947,2.878302,1.171593,1.40033,-7.228019832446108,-0.08999999999999986,-0.07999999999999918,-0.3700000000000001,-0.8739389928487662,-0.6285150449317656,0.07735903032757285,0.11477396305963339,-0.21631953125965664,-0.8474040502755908,2.8078634348890352,3.0033433197273363,3.5837759371930344,4.250453350208727,4.068026180415774,21304.26,0.74265116,1,1.1177629581,0.0370820669,1.077020202,60323371880.0,0.9457014224,6563.0,12122.0,2.1168254716,2.1579178484,6.2569214288,1.4153698653,3.982788406,1.3423020149
2024-05-16,2024-05-17,2024-05-16,2024-05-16,2024-05-16,2024-05-17,2024-05-16,2024-05-16,2024-05-16,2024-05-16,2024-05-16,2024-05-16,2024-05-16,2024-05-16,2024-05-16,2024-05-16,2024-05-16,2024-05-16,2024-05-16,2024-05-16,2024-05-16,2024-05-16,2024-05-16,21304.26,0.74,250.36,601216739084,1122,537,162,48378526782,-8488,-87,-2.153237,-0.545879,-0.208167,-0.263226,-0.24096171430353364,0.019999999999999574,0.04999999999999982,-0.40000000000000036,0.28877622974334827,0.10541505698138387,1.3925259294861325,0.8299300226324968,1.5876216241677454,0.39436878035801204,-0.4898794345959412,-0.7268050417284511,-0.28637440728680463,1.8475587036212104,-1.6739013378971102,21258.47,-0.21493354,0,1.1880382537,0.3526220615,2.0893854749,129484350988.0,1.547989197,-5007.0,8728.0,2.1409349349,3.6160610716,5.3970820246,1.4451181656,4.4748057157,1.3156747827
2024-05-17,2024-05-20,2024-05-17,2024-05-17,2024-05-17,2024-05-20,2024-05-17,2024-05-17,2024-05-17,2024-05-17,2024-05-17,2024-05-17,2024-05-19,2024-05-17,2024-05-17,2024-05-17,2024-05-17,2024-05-17,2024-05-17,2024-05-17,2024-05-17,2024-05-17,2024-05-17,21258.47,-0.21,251.32,479860402305,933,721,165,1342685543,-9648,53,-0.361297,-0.687987,0.116477,-0.073957,-3.4621602458483336,0.040000000000000036,0.04999999999999982,-0.41000000000000014,0.12515050063168776,-0.009575087419233519,-0.3414232243869608,-1.0308711519251723,0.91388955891889,1.0331357934774577,-0.5663447900114971,-0.8397919784111085,-1.9923959131691982,1.1376252361725125,-1.1925180465577112,21271.63,0.06190474,1,0.9522177352,0.1281741233,1.294036061,114223502955.0,-0.1391018017,-1160.0,5221.0,1.2990657991,2.6540839564,4.7153370244,0.699976789,4.0061314217,1.3192686249
2024-05-20,2024-05-21,2024-05-20,2024-05-20,2024-05-20,2024-05-21,2024-05-20,2024-05-20,2024-05-20,2024-05-20,2024-05-20,2024-05-20,2024-05-20,2024-05-20,2024-05-20,2024-05-20,2024-05-20,2024-05-20,2024-05-20,2024-05-20,2024-05-20,2024-05-20,2024-05-20,21271.63,0.06,251.14,511123163567,848,817,152,-6551090254,-9254,64,1.232866,2.153916,0.091639,0.652635,1.334444123990064,0.020000000000000462,-0.009999999999999787,-0.3799999999999999,0.12995161060771476,0.11489013890684241,0.7278160814432111,0.6430171780684724,0.42248633764065957,0.3531836947513689,2.199434320387894,2.062975027144409,2.488135247005574,1.1309056949878826,1.343084825713592,21236.75,-0.16397427,0,1.0415023221,0.0186186186,1.0379436965,91784955414.0,-0.8276208024,394.0,5263.0,0.588351844,1.9844939833,8.9337803014,0.3687265388,3.6282856163,0.9399016532
2024-05-21,2024-05-22,2024-05-21,2024-05-21,2024-05-21,2024-05-22,2024-05-21,2024-05-21,2024-05-21,2024-05-21,2024-05-21,2024-05-21,2024-05-21,2024-05-21,2024-05-21,2024-05-21,2024-05-21,2024-05-21,2024-05-21,2024-05-21,2024-05-21,2024-05-21,2024-05-21,21236.75,-0.16,251.27,447918869574,752,898,167,-3182449784,-8235,29,0.078147,-0.313342,0.250187,0.224771,-2.3868310366918943,-0.03000000000000025,0.0,-0.41000000000000014,0.09004381018689056,0.08607054370071143,-0.31418225330184235,-0.6549615133097486,-2.116504844712097,-0.4009810180754636,-0.3215296311678606,-0.14042631108710513,0.6393783661343022,-1.0040270249269678,-1.048776695165321,21551.83,1.48365451,1,0.9221348069,-0.0884848485,0.8374164811,66681142220.0,-0.6928549778,1019.0,1809.0,-0.3168849798,1.1955674895,9.4045093508,-0.0325461747,3.000351608,0.9209111822
2024-05-22,2024-05-23,2024-05-22,2024-05-22,2024-05-22,2024-05-23,2024-05-22,2024-05-22,2024-05-22,2024-05-22,2024-05-22,2024-05-22,2024-05-22,2024-05-22,2024-05-22,2024-05-22,2024-05-22,2024-05-22,2024-05-22,2024-05-22,2024-05-22,2024-05-22,2024-05-22,21551.83,1.48,253.88,539400871639,1019,627,178,32110695758,-5663,-32,1.613845,1.032835,-0.270612,-0.184642,3.625635055846632,0.019999999999999574,0.040000000000000036,-0.4300000000000006,-0.033810014699131585,0.26753178817080503,-0.8468655363759181,-0.026428896812680236,-0.130170266977081,0.22550811881694166,1.174147800449865,0.8181694225620761,-0.4570949944626812,0.5222887108130569,-0.49742649700968977,21607.43,0.25798273,1,1.0941895459,0.2381530984,1.625199362,72098368045.0,1.0942021197,2572.0,-2182.0,1.3799676082,1.913349326,9.96235576,1.0656337182,4.0359077323,0.9418807943
2024-05-23,2024-05-24,2024-05-23,2024-05-23,2024-05-23,2024-05-24,2024-05-23,2024-05-23,2024-05-23,2024-05-23,2024-05-23,2024-05-23,2024-05-23,2024-05-23,2024-05-23,2024-05-23,2024-05-23,2024-05-23,2024-05-23,2024-05-23,2024-05-23,2024-05-23,2024-05-23,21607.43,0.26,251.96,618387919201,295,1445,83,16683514203,-8725,-184,0.601987,-0.016191,-0.738079,-0.389903,3.905618367782915,0.040000000000000036,0.04999999999999982,-0.4400000000000004,-0.0096243747411906,0.1619955831811959,1.258813240328882,-0.0605811125338529,-1.7029354567041022,-1.1578366560741737,-0.561132160089628,1.3652356550676537,9.319649223007008,-3.0751640075486364,0.07541496313532292,21565.34,-0.19479411,0,1.2391346966,-0.6609195402,0.2041522491,40403355466.0,0.3281306763,-3062.0,-237.0,1.5786284361,1.4230487236,7.3301661953,1.039072683,3.9341143846,0.7902117096
2024-05-24,2024-05-27,2024-05-24,2024-05-24,2024-05-24,2024-05-27,2024-05-24,2024-05-24,2024-05-24,2024-05-24,2024-05-24,2024-05-24,2024-05-26,2024-05-24,2024-05-24,2024-05-24,2024-05-24,2024-05-24,2024-05-24,2024-05-24,2024-05-24,2024-05-24,2024-05-24,21565.34,-0.19,254.61,504411825940,940,695,184,6062207208,-8402,87,1.852444,1.852133,0.700104,1.103964,-6.577917952048329,-0.009999999999999787,0.019999999999999574,-0.46999999999999975,-0.09869189434805747,-0.3710392801672513,-1.1689814537326315,-1.256882743506904,-1.3767314854494117,-1.106874865419949,1.9835838859306287,1.8513831402793057,2.572277263090883,3.696321264911151,1.0442922046880687,21803.77,1.1056167,1,1.0029872208,0.1498470948,1.3525179856,45122877131.0,-0.3574258596,323.0,1246.0,1.5472706511,1.4435187481,8.6009159297,0.5536729465,3.307307472,0.6988147481
2024-05-27,2024-05-28,2024-05-27,2024-05-27,2024-05-27,2024-05-28,2024-05-24,2024-05-24,2024-05-24,2024-05-24,2024-05-24,2024-05-24,2024-05-27,2024-05-24,2024-05-27,2024-05-27,2024-05-27,2024-05-27,2024-05-24,2024-05-24,2024-05-24,2024-05-24,2024-05-24,21803.77,1.11,256.84,588991237254,1133,537,148,3390915790,-9297,30,1.852444,1.852133,0.700104,1.103964,-6.577917952048329,-0.009999999999999787,0.019999999999999574,-0.46999999999999975,-0.36968990725814166,-0.3710392801672513,0.6570135011165101,1.3167841677408365,1.1736840608255195,0.9504420586643025,1.9835838859306287,1.8513831402793057,2.572277263090883,3.696321264911151,1.0442922046880687,21858.41,0.25059886,1,1.161057466,0.3568862275,2.1098696462,55064883175.0,-0.4653791018,-895.0,-43.0,1.1689958579,2.5016418582,8.3658913218,1.1633912717,4.0300648341,0.6860701003
2024-05-28,2024-05-29,2024-05-28,2024-05-28,2024-05-28,2024-05-29,2024-05-28,2024-05-28,2024-05-28,2024-05-28,2024-05-28,2024-05-28,2024-05-28,2024-05-28,2024-05-28,2024-05-28,2024-05-28,2024-05-28,2024-05-28,2024-05-28,2024-05-28,2024-05-28,2024-05-28,21858.41,0.25,259.36,583821172605,1233,449,139,-2400437208,-10160,-32,-0.368748,1.856956,0.02488,0.585622,8.298405245544348,0.08000000000000007,0.010000000000000675,-0.40000000000000036,0.3236723675793307,-0.10504259842371022,-0.11477741666461316,-0.00513746207759791,-0.03287479785215597,-0.7299822963781288,1.6893019871477177,2.280360046459795,6.98043475846295,3.1558066727209066,0.32745095063957397,21662.5,-0.8962683,0,1.1402093544,0.4661117717,2.7461024499,55846895751.0,-0.7268340623,-863.0,-1925.0,1.1615448945,2.9272840712,6.6496971045,0.8352217863,3.9527805088,0.5991233969
2024-05-29,2024-05-30,2024-05-29,2024-05-29,2024-05-29,2024-05-30,2024-05-29,2024-05-29,2024-05-29,2024-05-29,2024-05-29,2024-05-29,2024-05-29,2024-05-29,2024-05-29,2024-05-29,2024-05-29,2024-05-29,2024-05-29,2024-05-29,2024-05-29,2024-05-29,2024-05-29,21662.5,-0.9,259.75,602195384267,774,901,146,-27485567892,-15465,-174,-3.180483,-1.853191,-0.736705,-0.58344,10.526313070017856,0.07000000000000028,0.019999999999999574,-0.34999999999999964,0.6315619238836723,0.46840441727427073,-0.7682335584436428,-1.6728812528950199,-1.828529101117693,0.12052903438777296,-2.065210677466589,-1.6731408973838957,0.8112272620587557,-3.7701772610522655,-1.5419971324343473,21364.48,-1.37574149,0,1.1571456606,-0.0758208955,0.859045505,-3749367899.0,-1.9570117534,-5305.0,-9802.0,0.4505377611,0.5135062777,6.2064265613,-0.1704648358,2.7119072889,0.6328102625
2024-05-30,2024-05-31,2024-05-30,2024-05-30,2024-05-30,2024-05-31,2024-05-30,2024-05-30,2024-05-30,2024-05-30,2024-05-30,2024-05-30,2024-05-30,2024-05-30,2024-05-30,2024-05-30,2024-05-30,2024-05-30,2024-05-30,2024-05-30,2024-05-30,2024-05-30,2024-05-30,21364.48,-1.38,257.92,528030919679,438,1257,118,-43506845922,-14412,168,-0.894123,-0.882492,-0.597504,-1.084478,1.330535977664793,-0.0600000000000005,-0.040000000000000036,-0.3700000000000001,-0.0636234547158887,-0.3615578105945816,-1.3038977832967702,-1.5635194658214502,-1.3358239002459693,-0.5316135190525872,-0.6945067524861681,-1.3759371903130369,-3.7665987922400723,0.9749307353167369,-1.9120255390258523,21174.22,-0.89054356,0,1.0076507706,-0.4831858407,0.3484486874,-63939728024.0,-2.435651805,1053.0,-5687.0,-2.0147433219,-1.124381752,5.6473897314,-1.3229011265,1.0253339781,0.6883217572
2024-05-31,2024-06-03,2024-05-31,2024-05-31,2024-05-31,2024-06-03,2024-05-31,2024-05-31,2024-05-31,2024-05-31,2024-05-31,2024-05-31,2024-06-02,2024-05-31,2024-05-31,2024-05-31,2024-05-31,2024-05-31,2024-05-31,2024-05-31,2024-05-31,2024-05-31,2024-05-31,21174.22,-0.89,257.84,778198198499,1033,649,135,-33018811098,-14059,65,-1.255239,-0.964574,0.802788,-0.012311,-10.711818674023643,-0.040000000000000036,-0.03000000000000025,-0.3799999999999999,0.3356387546574968,-0.04774928492641273,1.1398750772054989,0.040982839640180124,-0.8259929416103096,-0.4003588027789662,-0.8137999527613293,-0.7388486041832953,-0.7846124571373014,0.08995136220952826,-2.604692473462289,21536.76,1.71217641,1,1.4435959855,0.2282996433,1.5916795069,-103020746330.0,-1.6771267414,353.0,-5657.0,-3.1300995818,-1.8136509788,4.150943025,-1.8470402096,-0.0737192884,0.7305120726
2024-06-03,2024-06-04,2024-06-03,2024-06-03,2024-06-03,2024-06-04,2024-06-03,2024-06-03,2024-06-03,2024-06-03,2024-06-03,2024-06-03,2024-06-03,2024-06-03,2024-06-03,2024-06-03,2024-06-03,2024-06-03,2024-06-03,2024-06-03,2024-06-03,2024-06-03,2024-06-03,21536.76,1.71,260.45,511980536589,984,670,169,2901323619,-16699,-96,2.588721,0.568961,0.111608,0.559607,1.4705849788028802,-0.09999999999999964,-0.0699999999999994,-0.41000000000000014,-0.46419102039185756,-0.5063521434684803,1.1305704654324122,1.7447240930936747,1.7889196651960315,0.2466557441981987,0.16238831320574132,1.247505012183625,4.895420728044075,-2.007184522010419,-0.5005406702933368,21356.62,-0.83643036,0,0.9467149118,0.1898428053,1.4686567164,-103510338501.0,-0.0146817734,-2640.0,-7402.0,-0.5804500866,-1.2246047358,4.9380436197,0.0812573881,1.394723814,0.7861176368
2024-06-04,2024-06-05,2024-06-04,2024-06-04,2024-06-04,2024-06-05,2024-06-04,2024-06-04,2024-06-04,2024-06-04,2024-06-04,2024-06-04,2024-06-04,2024-06-04,2024-06-04,2024-06-04,2024-06-04,2024-06-04,2024-06-04,2024-06-04,2024-06-04,2024-06-04,2024-06-04,21356.62,-0.84,259.19,547203725343,629,1046,140,-20282805872,-19089,-25,-1.600514,-0.703342,0.150281,0.168646,0.3813897181103032,-0.08000000000000007,-0.05000000000000071,-0.4399999999999995,0.04487073545036413,-0.028806202681674886,-0.21984493435361907,-0.7612216023114016,0.22317135968965562,0.7501197318007691,-0.780750815231035,-0.3614217346250337,1.2495621390964606,-2.176702838377287,0.6747849871710176,21484.88,0.6005632,1,1.0059807974,-0.2489552239,0.6013384321,-121392707165.0,-0.9898058175,-2390.0,-8929.0,-0.0367900365,-2.2956381548,3.4042122581,-0.2908457179,0.3804909909,0.8144748185
2024-06-05,2024-06-06,2024-06-05,2024-06-05,2024-06-05,2024-06-06,2024-06-05,2024-06-05,2024-06-05,2024-06-05,2024-06-05,2024-06-05,2024-06-05,2024-06-05,2024-06-05,2024-06-05,2024-06-05,2024-06-05,2024-06-05,2024-06-05,2024-06-05,2024-06-05,2024-06-05,21484.88,0.6,259.43,486936232632,626,1014,173,-18732803654,-16446,327,6.853805,4.518329,1.184765,1.962678,-4.027353640702469,-0.040000000000000036,-0.04999999999999982,-0.4299999999999997,-0.23756310030170757,0.1536797923127997,-0.8942115527554195,1.0292589060746815,-0.103818715833226,-0.5774831017116844,4.3730642740409165,4.8680945018420685,5.155582988186724,3.862736710791159,6.18190661367064,21902.7,1.94471647,1,0.8947903064,-0.2365853659,0.617357002,-112639942927.0,-0.8563002832,2643.0,-981.0,1.4671614822,-0.8199422966,3.7891336977,0.4746113245,0.7975341553,0.819813628
2024-06-06,2024-06-07,2024-06-06,2024-06-06,2024-06-06,2024-06-07,2024-06-06,2024-06-06,2024-06-06,2024-06-06,2024-06-06,2024-06-06,2024-06-06,2024-06-06,2024-06-06,2024-06-05,2024-06-06,2024-06-06,2024-06-06,2024-06-06,2024-06-06,2024-06-06,2024-06-06,21902.7,1.94,259.38,559068844981,550,1113,149,21500210599,-10528,-59,-0.521723,-0.855732,-0.019982,-0.085998,-0.39588432527165596,-0.009999999999999787,0.0,-0.4399999999999995,-0.13363032114330764,-0.16303651521850648,0.5542709563439718,1.0292589060746815,0.281356600569449,-0.0706588989871193,-0.819836966754095,-0.7861326092570953,-1.1777207726400563,0.36709431129160475,-0.8364695723178883,21858.38,-0.20234948,0,1.0205842689,-0.3385447986,0.4941599281,-47632886406.0,0.8196673638,5918.0,3884.0,1.699141375,2.5192281769,6.5266524551,1.9155149151,2.4353073333,0.8784115489
2024-06-07,2024-06-11,2024-06-07,2024-06-07,2024-06-07,2024-06-11,2024-06-10,2024-06-10,2024-06-10,2024-06-10,2024-06-10,2024-06-10,2024-06-10,2024-06-10,2024-06-10,2024-06-10,2024-06-07,2024-06-07,2024-06-10,2024-06-10,2024-06-10,2024-06-10,2024-06-10,21858.38,-0.2,261.37,527160023778,1251,423,135,-9854815458,-10606,-101,2.293329,1.421529,0.258085,0.346688,4.2553149977613725,0.040000000000000036,0.0,-0.40000000000000036,-0.2190993617724568,0.2478807681794315,0.9157044581860729,-0.7896660490227081,-0.5945377871448221,-0.5049729995998287,1.441542952040975,1.4472042342972058,0.7461455426533758,-4.485613271174693,2.4050187469707884,21792.12,-0.30313317,0,0.9591401565,0.4946236559,2.9574468085,-24468890766.0,-0.5063603075,-78.0,3453.0,2.3494354444,3.2310989496,5.5509627772,1.0658100928,1.9539671242,0.8804311855
2024-06-11,2024-06-12,2024-06-11,2024-06-11,2024-06-11,2024-06-12,2024-06-11,2024-06-11,2024-06-11,2024-06-11,2024-06-11,2024-06-11,2024-06-11,2024-06-11,2024-06-11,2024-06-11,2024-06-11,2024-06-11,2024-06-11,2024-06-11,2024-06-11,2024-06-11,2024-06-11,21792.12,-0.3,261.35,583091604016,478,1231,104,-33292279280,-15850,36,-1.456944,0.055572,0.271038,0.878413,0.8634270983343129,-0.08000000000000007,-0.0600000000000005,-0.41999999999999993,-0.0562872544702997,0.07608352819186148,0.2475242323491722,0.15364255505607716,-1.0377846245984923,-0.8737902210825377,-0.045178500197884386,-0.14852062921363318,-0.7225529573879674,-0.8606646223911163,1.427311778568896,22048.96,1.17859116,1,1.0512600828,-0.440608543,0.3883021933,-60662493665.0,-1.3755525415,-5244.0,849.0,1.430028932,1.1856936698,4.479926128,0.5220734962,1.4238896485,0.8828034672
2024-06-12,2024-06-13,2024-06-12,2024-06-12,2024-06-12,2024-06-13,2024-06-12,2024-06-12,2024-06-12,2024-06-12,2024-06-12,2024-06-12,2024-06-12,2024-06-12,2024-06-12,2024-06-12,2024-06-12,2024-06-12,2024-06-12,2024-06-12,2024-06-12,2024-06-12,2024-06-12,22048.96,1.18,264.13,530316212788,753,936,128,16817421899,-11139,240,4.387176,2.898028,0.850367,1.527304,-6.303505023896772,-0.08000000000000007,-0.05999999999999961,-0.4400000000000004,-0.3552426383712781,-0.5511753421572729,-0.6594596040567335,0.8446266222939869,-1.3121453606734224,0.03500639073361622,2.8187536458832207,2.9787070367996105,3.548087963111368,0.8052332191963885,2.3599776334343847,22312.04,1.19316285,1,0.9565655233,-0.108348135,0.8044871795,-23562265894.0,0.7682003392,4711.0,7950.0,0.6677715533,3.2418051171,5.065841984,1.0613176414,2.3660153683,0.9036215733
2024-06-13,2024-06-14,2024-06-13,2024-06-13,2024-06-13,2024-06-14,2024-06-13,2024-06-13,2024-06-13,2024-06-13,2024-06-13,2024-06-13,2024-06-13,2024-06-13,2024-06-13,2024-06-13,2024-06-13,2024-06-13,2024-06-13,2024-06-13,2024-06-13,2024-06-13,2024-06-13,22312.04,1.19,266.17,599154764916,905,720,185,32305370571,-13318,-55,-0.040463,1.477119,0.234466,0.335754,-0.8305679550378975,-0.0699999999999994,-0.07000000000000028,-0.4399999999999995,0.3043370457556316,0.5255570132287835,-0.4018914762392911,0.979410061260455,0.9744262249386848,-0.5076079190362348,1.0870004664288002,1.5660021948900482,3.5223672281178064,-0.2121889572040736,12.26872961809713,22504.72,0.86356962,1,1.0767964287,0.1138461538,1.2569444444,27475908331.0,1.3976796372,-2179.0,3128.0,2.0754511542,3.849963323,5.5081970624,1.4975317111,3.3080677682,0.920345061
2024-06-14,2024-06-17,2024-06-14,2024-06-14,2024-06-14,2024-06-17,2024-06-14,2024-06-14,2024-06-14,2024-06-14,2024-06-14,2024-06-14,2024-06-16,2024-06-14,2024-06-14,2024-06-14,2024-06-14,2024-06-14,2024-06-14,2024-06-14,2024-06-14,2024-06-14,2024-06-14,22504.72,0.86,266.93,576126739576,1020,639,162,19927601608,-12855,-53,-0.23134,-0.073359,-0.039386,0.120675,6.0301532021133974,-0.040000000000000036,-0.009999999999999787,-0.46999999999999975,0.15480119319866148,0.33270543124428453,0.24299768775397634,0.12813685608217273,-0.9432730332025074,0.436743596979805,-0.35975634437172,0.25449018191885386,1.7514113585149094,-0.1688486704049863,3.338313901966372,22496.53,-0.03639237,0,1.0377503241,0.2296564195,1.5962441315,25903299340.0,1.0337327967,463.0,-2327.0,3.2699893356,2.7486109019,5.6348354742,1.8163668645,3.9114189958,0.9238032536
2024-06-17,2024-06-18,2024-06-17,2024-06-17,2024-06-17,2024-06-18,2024-06-17,2024-06-17,2024-06-17,2024-06-17,2024-06-17,2024-06-17,2024-06-17,2024-06-17,2024-06-17,2024-06-17,2024-06-17,2024-06-17,2024-06-17,2024-06-17,2024-06-17,2024-06-17,2024-06-17,22496.53,-0.04,267.65,518231667042,942,713,159,-13544699347,-13192,257,2.741876,1.603878,0.766439,0.950533,0.7109016877775653,0.08000000000000007,0.08000000000000007,-0.46999999999999975,-0.14838275415750557,-0.21790937970964652,-1.834665170235028,-0.5191314094416866,-0.03154735188937163,-0.15050212989604628,1.57911277319418,1.7133883634723235,-0.682445497384665,-0.7705387137155739,5.407942021103596,22757.43,1.15973441,1,0.9302518384,0.1383685801,1.3211781206,22213415451.0,-0.4881283904,-337.0,-2586.0,2.0298916593,2.9194752768,5.8238433904,1.1949867558,3.5775518533,0.9198439466
2024-06-18,2024-06-19,2024-06-18,2024-06-18,2024-06-18,2024-06-19,2024-06-18,2024-06-18,2024-06-18,2024-06-18,2024-06-18,2024-06-18,2024-06-18,2024-06-18,2024-06-18,2024-06-18,2024-06-18,2024-06-18,2024-06-18,2024-06-18,2024-06-18,2024-06-18,2024-06-18,22757.43,1.16,269.04,541590034445,794,818,188,18119583730,-12938,161,1.382305,1.354055,0.252133,0.029181,-3.5294102687461693,-0.0600000000000005,-0.05999999999999961,-0.47000000000000064,0.14396198742181454,-0.05696691869312431,0.9964400042033139,0.7222704534604274,-0.11467563977323181,0.26554314938096457,1.2733418895080506,1.570756975458143,3.511991337275977,-2.380043660945841,-1.4407774209260649,23209.54,1.98664788,1,0.9695301208,-0.0148883375,0.9706601467,73625278461.0,0.9022581863,254.0,2912.0,1.9961868121,4.4296286915,6.9848902035,1.4872232957,4.4216097578,0.9373253539
2024-06-19,2024-06-20,2024-06-19,2024-06-19,2024-06-19,2024-06-20,2024-06-18,2024-06-18,2024-06-18,2024-06-18,2024-06-18,2024-06-18,2024-06-19,2024-06-18,2024-06-19,2024-06-19,2024-06-19,2024-06-19,2024-06-18,2024-06-18,2024-06-18,2024-06-18,2024-06-18,23209.54,1.99,268.66,684297941578,574,1093,152,48547371425,-11596,9,1.382305,1.354055,0.252133,0.029181,-3.5294102687461693,-0.0600000000000005,-0.05999999999999961,-0.47000000000000064,0.10293992607994795,-0.05696691869312431,0.2303728802548255,1.208796100985987,2.8737036892486634,-0.4749586803093675,1.2733418895080506,1.570756975458143,3.511991337275977,-2.380043660945841,-1.4407774209260649,23406.1,0.84689313,1,1.1996181654,-0.3113377325,0.5251601098,105355227987.0,1.9391447699,1342.0,-457.0,3.1318763353,5.2636496234,9.2895099297,2.4430028674,6.0162659856,0.9946573417
2024-06-20,2024-06-21,2024-06-20,2024-06-20,2024-06-20,2024-06-21,2024-06-20,2024-06-20,2024-06-20,2024-06-20,2024-06-20,2024-06-20,2024-06-20,2024-06-20,2024-06-20,2024-06-20,2024-06-20,2024-06-20,2024-06-20,2024-06-20,2024-06-20,2024-06-20,2024-06-20,23406.1,0.85,271.77,594050058163,1239,394,162,22709515004,-16528,-319,-2.398574,-2.690496,-0.252593,-0.787363,7.967475829590032,0.03000000000000025,0.009999999999999787,-0.4500000000000002,-0.12290844763791497,0.3135038903315568,0.16141193413283794,0.3682012633419385,-0.515834495504619,-0.7217845045164761,-2.71520877787621,-2.8327778802038406,-3.540347386732645,4.623936927314376,-3.7702801025480848,23253.39,-0.65243676,0,1.0364430943,0.5174525413,3.1446700508,95759372420.0,0.9281501843,-4932.0,-3210.0,4.043156878,4.9034512308,8.6037705383,2.3223569766,6.4632432629,0.9709727216
2024-06-21,2024-06-24,2024-06-21,2024-06-21,2024-06-21,2024-06-24,2024-06-21,2024-06-21,2024-06-21,2024-06-21,2024-06-21,2024-06-21,2024-06-23,2024-06-21,2024-06-21,2024-06-21,2024-06-21,2024-06-21,2024-06-21,2024-06-21,2024-06-21,2024-06-21,2024-06-21,23253.39,-0.65,270.76,713986348630,804,814,199,-13792193144,-20148,-177,-0.809669,-1.273968,-0.156213,-0.181871,-0.6024090761646117,0.0,0.0,-0.4500000000000002,0.06802312668354737,0.1988888352596918,-0.09461021088562616,-0.8323701492828017,-1.6732774558666397,-0.2186497238393037,-0.9752642960253355,-1.4985864115984904,-3.2191459885065554,-0.3399697465124474,-4.377471715255588,22813.7,-1.89086408,0,1.2353940951,-0.0061804697,0.9877149877,62039577668.0,-0.5258739814,-3620.0,-7293.0,2.1793322005,3.3267243494,7.6175648839,0.9936851015,5.3741859416,0.998372814
2024-06-24,2024-06-25,2024-06-24,2024-06-24,2024-06-24,2024-06-25,2024-06-24,2024-06-24,2024-06-24,2024-06-24,2024-06-24,2024-06-24,2024-06-24,2024-06-24,2024-06-24,2024-06-24,2024-06-24,2024-06-24,2024-06-24,2024-06-24,2024-06-24,2024-06-24,2024-06-24,22813.7,-1.89,267.56,568517074619,509,1173,123,-45087762658,-21147,-164,-3.535301,-3.015596,-0.306517,-1.088446,0.9848493660558288,0.0,0.009999999999999787,-0.45999999999999996,-0.12823314551579923,-0.3119109844384904,0.5393749590109742,-0.7014441621247536,-0.0044850812547236885,-0.5381036257705252,-2.8545139393296615,-3.4391692269833074,-6.684047645469504,-0.6078246936104592,-4.004517756121018,22875.97,0.27295003,1,0.9782665109,-0.3947681332,0.4339300938,30496514357.0,-1.606717942,-999.0,-7955.0,-1.7055055809,1.4098618765,5.7887332173,-1.1882000164,3.0901118342,1.1088921582
2024-06-25,2024-06-26,2024-06-25,2024-06-25,2024-06-25,2024-06-26,2024-06-25,2024-06-25,2024-06-25,2024-06-25,2024-06-25,2024-06-25,2024-06-25,2024-06-25,2024-06-25,2024-06-25,2024-06-25,2024-06-25,2024-06-25,2024-06-25,2024-06-25,2024-06-25,2024-06-25,22875.97,0.27,268.29,536769266783,855,768,179,-9705292362,-23113,69,2.854424,1.789812,0.393359,1.262115,-3.675917283740937,-0.019999999999999574,-0.05999999999999961,-0.41999999999999993,0.4702765421042532,0.13273858730264987,0.9496284977134062,0.3493980308245881,0.25066661697465964,-0.5438938547493888,1.5371980548737785,2.3418524759410753,6.756409860554746,0.0,-0.7172410303422971,22986.69,0.48400133,1,0.9278056225,0.0536044362,1.11328125,2671638265.0,-0.2065782691,-1966.0,-10175.0,-2.264922392,0.5208848275,4.9174982125,-1.0201308945,3.1216821442,1.0929259315
2024-06-26,2024-06-27,2024-06-26,2024-06-26,2024-06-26,2024-06-27,2024-06-26,2024-06-26,2024-06-26,2024-06-26,2024-06-26,2024-06-26,2024-06-26,2024-06-26,2024-06-26,2024-06-26,2024-06-26,2024-06-26,2024-06-26,2024-06-26,2024-06-26,2024-06-26,2024-06-26,22986.69,0.48,271.14,536727908439,841,819,153,-7926811897,-25652,-191,-0.307068,-0.280565,0.157243,0.493913,-2.2585666542580096,0.08999999999999986,0.05999999999999961,-0.3899999999999997,0.3350392876177333,0.41662952264307496,1.2608684639888956,0.6365419762104585,0.09422558918010804,0.6466383658682462,-0.3896447336803166,-0.32852709923045786,0.24586025615984664,-1.6911118339264841,0.7091405148619279,22905.98,-0.35111623,0,0.931525476,0.013253012,1.0268620269,-53802545057.0,-0.1266282198,-2539.0,-14056.0,-1.1469295445,-0.9601655181,5.161766112,-0.348894121,3.3579465435,1.0941552543
2024-06-27,2024-06-28,2024-06-27,2024-06-27,2024-06-27,2024-06-28,2024-06-27,2024-06-27,2024-06-27,2024-06-27,2024-06-27,2024-06-27,2024-06-27,2024-06-27,2024-06-27,2024-06-27,2024-06-27,2024-06-27,2024-06-27,2024-06-27,2024-06-27,2024-06-27,2024-06-27,22905.98,-0.35,269.46,513820518317,485,1140,148,-16131811503,-24402,61,-0.255711,-0.572783,0.090732,0.300584,-2.4701228279307874,-0.03000000000000025,-0.009999999999999787,-0.41000000000000014,-0.1850665019445641,-0.1320126219893747,-0.8206586658289661,-0.28616930551543796,-2.0644579101546046,-0.7510902204081349,-0.5134033559761386,-0.7857185549702939,-1.9066484438419518,1.2250907812754175,-0.3354249951429744,23032.25,0.55125343,1,0.8986600747,-0.4030769231,0.4254385965,-92643871564.0,-0.4748861905,1250.0,-7874.0,0.404493791,-2.1367079522,5.7402423543,-0.2663195505,2.7079089845,1.0716203854
2024-06-28,2024-07-01,2024-06-28,2024-06-28,2024-06-28,2024-07-01,2024-06-28,2024-06-28,2024-06-28,2024-06-28,2024-06-28,2024-06-28,2024-06-30,2024-06-28,2024-06-28,2024-06-28,2024-06-28,2024-06-28,2024-06-28,2024-06-28,2024-06-28,2024-06-28,2024-06-28,23032.25,0.55,273.35,533529961646,1159,485,164,9077026149,-26509,-35,1.27017,0.943905,-0.408365,-0.705988,1.633985400367921,0.07000000000000028,0.009999999999999787,-0.34999999999999964,-0.055340206795018165,-0.037768779288271936,0.6139542790033703,0.4942425621584867,0.012071658688905806,0.21828409742781218,1.0116322016940016,0.7108193462074697,-0.3629300395154522,1.7181949408603625,1.1892865540492847,23058.57,0.11427455,1,0.9326829173,0.4099756691,2.3896907216,-69774652271.0,0.4435384723,-2107.0,-6361.0,0.6831622878,-0.9510011228,7.8062747139,0.4769549845,2.8893814013,1.0023421953
2024-07-01,2024-07-02,2024-07-01,2024-07-01,2024-07-01,2024-07-02,2024-07-01,2024-07-01,2024-07-01,2024-07-01,2024-07-01,2024-07-01,2024-07-01,2024-07-01,2024-07-01,2024-07-01,2024-06-28,2024-07-01,2024-07-01,2024-07-01,2024-07-01,2024-07-01,2024-07-01,23058.57,0.11,275.57,509048900346,820,843,137,-6443882948,-25944,-76,-0.851502,0.089362,0.267556,0.827296,-1.7684832859754307,0.1200000000000001,0.05999999999999961,-0.28999999999999915,0.05445543450566248,0.02833548551868237,0.1212145973046308,0.23196596192052166,0.012071658688905806,0.47722826478304725,-0.004058616318702857,0.1189096831907932,0.6151870896861533,-2.786513831069659,2.1967874741696036,22879.37,-0.7771514,0,0.9113260754,-0.0138304269,0.9727164887,-31130772561.0,-0.2774459924,565.0,-4797.0,0.3127026988,1.0733462788,8.8992652386,0.3773219898,2.57523171,0.9616789828
2024-07-02,2024-07-03,2024-07-02,2024-07-02,2024-07-02,2024-07-03,2024-07-02,2024-07-02,2024-07-02,2024-07-02,2024-07-02,2024-07-02,2024-07-02,2024-07-02,2024-07-02,2024-07-02,2024-07-02,2024-07-02,2024-07-02,2024-07-02,2024-07-02,2024-07-02,2024-07-02,22879.37,-0.78,276.14,563555704909,633,1008,157,-24242594483,-24975,216,1.955548,1.238606,0.619532,0.835933,-1.5548324869538943,-0.05000000000000071,-0.02999999999999936,-0.3100000000000005,0.15711929888313492,-0.16997195711256907,1.1194069203338541,-0.8362110708840187,0.28518744857763956,-0.1837136865748934,1.4070234731187403,1.0037910498299052,-1.3113474197854802,4.198107054787648,1.016576821650439,23172.43,1.28089191,1,1.0042706746,-0.2285191956,0.6279761905,-45668074682.0,-0.9765853936,969.0,-1862.0,-0.1161705371,0.0148627577,6.2340389176,-0.4057099048,1.4750343475,0.9489163455
2024-07-03,2024-07-04,2024-07-03,2024-07-03,2024-07-03,2024-07-04,2024-07-03,2024-07-03,2024-07-03,2024-07-03,2024-07-03,2024-07-03,2024-07-03,2024-07-03,2024-07-03,2024-07-03,2024-07-03,2024-07-03,2024-07-03,2024-07-03,2024-07-03,2024-07-03,2024-07-03,23172.43,1.28,276.63,595379415401,1103,547,159,9423777650,-25460,287,3.864547,1.9248,0.508444,0.884925,0.49875661636344937,-0.0699999999999994,-0.03000000000000025,-0.34999999999999964,0.14950641568265421,-0.30268604911967145,1.262817740428246,0.47287176757486726,1.1786146101255168,-0.2413777002306272,1.6673990283527118,2.2721200635100747,4.57324585806651,-0.24953056308284483,4.328254895460604,23522.53,1.51084716,1,1.0564465272,0.336969697,2.0164533821,-28317485135.0,0.4106850099,-485.0,192.0,0.608624863,0.8080328225,8.502328552,0.7071359408,2.3626302935,0.9333903652
2024-07-04,2024-07-05,2024-07-04,2024-07-04,2024-07-04,2024-07-05,2024-07-03,2024-07-03,2024-07-03,2024-07-03,2024-07-03,2024-07-03,2024-07-04,2024-07-03,2024-07-04,2024-07-04,2024-07-04,2024-07-04,2024-07-03,2024-07-03,2024-07-03,2024-07-03,2024-07-03,23522.53,1.51,277.31,645406543533,1001,597,177,36334201075,-25626,-13,3.864547,1.9248,0.508444,0.884925,0.49875661636344937,-0.0699999999999994,-0.03000000000000025,-0.34999999999999964,-0.3522176733286364,-0.30268604911967145,0.8203067282401166,1.1070086196011797,0.276490196444823,-0.5081654774414468,1.6673990283527118,2.2721200635100747,4.57324585806651,-0.24953056308284483,4.328254895460604,23556.59,0.14479735,1,1.129337129,0.25281602,1.6767169179,24148527443.0,1.4080447776,-166.0,-1224.0,2.0120935513,2.6916551922,9.4841116171,1.6837396571,3.4436158802,0.9631371285
2024-07-05,2024-07-08,2024-07-05,2024-07-05,2024-07-05,2024-07-08,2024-07-05,2024-07-05,2024-07-05,2024-07-05,2024-07-05,2024-07-05,2024-07-07,2024-07-05,2024-07-05,2024-07-05,2024-07-05,2024-07-05,2024-07-05,2024-07-05,2024-07-05,2024-07-05,2024-07-05,23556.59,0.14,280.65,601749184792,1170,498,150,-5535089168,-28498,-8,0.821963,0.081211,0.544877,0.904202,3.225801362500036,-0.08000000000000007,-0.11000000000000032,-0.3199999999999994,-0.34946094601715494,-0.4933626802019142,-0.003122048017667467,1.3200294461459317,-1.2683957138085677,-0.4280560956403834,0.19664910359562526,0.03709150112258808,-1.9098822665701398,4.881025197019007,-1.4983654259528412,23878.15,1.36505326,1,1.0490279658,0.4028776978,2.3493975904,9536412126.0,-0.2941933254,-2872.0,-1989.0,2.9599591247,2.2765470156,7.5510781776,1.3714321321,3.2180361333,0.9022467325
2024-07-08,2024-07-09,2024-07-08,2024-07-08,2024-07-08,2024-07-09,2024-07-08,2024-07-08,2024-07-08,2024-07-08,2024-07-08,2024-07-08,2024-07-08,2024-07-08,2024-07-08,2024-07-08,2024-07-08,2024-07-08,2024-07-08,2024-07-08,2024-07-08,2024-07-08,2024-07-08,23878.15,1.37,278.77,668322405053,595,1106,113,-8220732155,-29432,-41,1.43486,1.925282,0.10167,0.277781,-0.8814075377564845,0.0,0.020000000000000462,-0.33999999999999986,0.24079002019752327,0.12395584116804415,-0.3218387775625997,-0.1561709133657052,-1.5480610968463981,-0.8539649066980792,1.8959027850524945,1.664685679242961,1.8834896945877588,3.9499760244382065,2.4980802328302243,23900.08,0.09184129,1,1.1509234812,-0.3004115226,0.5379746835,7759562919.0,-0.412475241,-934.0,-3488.0,3.0455157271,3.5543401,9.2402547673,2.0354661395,4.1660804689,0.9171897626
2024-07-09,2024-07-10,2024-07-09,2024-07-09,2024-07-09,2024-07-10,2024-07-09,2024-07-09,2024-07-09,2024-07-09,2024-07-09,2024-07-09,2024-07-09,2024-07-09,2024-07-09,2024-07-09,2024-07-09,2024-07-09,2024-07-09,2024-07-09,2024-07-09,2024-07-09,2024-07-09,23900.08,0.09,278.06,701235715894,398,1287,107,-15717998958,-34785,-115,-1.13058,-0.000169,0.074107,0.138824,1.131773198205055,0.019999999999999574,0.0,-0.3200000000000003,0.11240498501070562,0.10475250748862575,1.9604191972324436,0.3366228449555475,-0.004736791012449615,1.1185400709895044,-0.04622486185149599,0.2188126334608409,2.4805054682287997,-0.8898071051356093,-0.7188462381533922,24007.08,0.44769725,1,1.1954427072,-0.5275964392,0.3092463092,16284158444.0,-0.8036569121,-5353.0,-9810.0,1.605056939,4.4612679458,9.673037777,1.2459736856,3.7845585682,0.9049949376
2024-07-10,2024-07-11,2024-07-10,2024-07-10,2024-07-10,2024-07-11,2024-07-10,2024-07-10,2024-07-10,2024-07-10,2024-07-10,2024-07-10,2024-07-10,2024-07-10,2024-07-10,2024-07-10,2024-07-10,2024-07-10,2024-07-10,2024-07-10,2024-07-10,2024-07-10,2024-07-10,24007.08,0.45,279.95,612501226581,1032,605,156,-10846775163,-33628,249,3.538911,2.416912,1.020807,1.183769,2.717826909410692,-0.019999999999999574,0.0,-0.33999999999999986,0.2442485876554823,-0.06659027111421967,0.6056165592749796,0.021277523272456023,-0.29424110449811636,-0.315136234442448,2.320109833641748,2.3507119509728724,2.6868615071566904,3.8735179977023027,0.6565476054235075,24390.03,1.59515443,1,1.0369073218,0.2608430055,1.705785124,-3986394369.0,-0.5273209246,1157.0,-8168.0,1.9123735651,3.6019096832,8.8807816786,0.9851307073,3.8078595437,0.8901506838
2024-07-11,2024-07-12,2024-07-11,2024-07-11,2024-07-11,2024-07-12,2024-07-11,2024-07-11,2024-07-11,2024-07-11,2024-07-11,2024-07-11,2024-07-11,2024-07-11,2024-07-11,2024-07-11,2024-07-11,2024-07-11,2024-07-11,2024-07-11,2024-07-11,2024-07-11,2024-07-11,24390.03,1.6,281.34,674097417135,790,836,149,3214698848,-35249,-322,-3.428423,-3.46987,-0.876303,-1.952219,0.544744690631771,-0.08000000000000007,-0.1200000000000001,-0.2999999999999998,-0.6140502852808205,-0.580676432775562,0.9371566260830022,0.8145114697546862,2.0642569248543463,1.1431990220619248,-3.2882522090731725,-3.6441854447193722,-5.566675511357733,-1.098067079114029,-2.2204477873010275,23916.93,-1.93972701,0,1.1339903952,-0.0282902829,0.9449760766,-37105896596.0,0.1746344527,-1621.0,-9623.0,2.143717164,3.6879536342,9.3133124537,1.8526553443,4.9920607116,0.9114336216
2024-07-12,2024-07-15,2024-07-12,2024-07-12,2024-07-12,2024-07-15,2024-07-12,2024-07-12,2024-07-12,2024-07-12,2024-07-12,2024-07-12,2024-07-14,2024-07-12,2024-07-12,2024-07-12,2024-07-12,2024-07-12,2024-07-12,2024-07-12,2024-07-12,2024-07-12,2024-07-12,23916.93,-1.94,278.46,653243113274,766,866,182,-41655578110,-40329,241,1.544719,1.325163,0.551703,0.629199,-3.5603717912586985,-0.020000000000000462,-0.04999999999999982,-0.27000000000000046,0.49773822276901747,-0.3351264796379039,-2.4472796650381046,-1.18802969187628,2.585476935600095,0.121965779187172,1.2190390885518543,1.2655978645126131,1.4442731124389985,-0.18137948039269602,-0.3095048941361367,23879.36,-0.15708538,0,1.0918265345,-0.0612745098,0.8845265589,-73226385538.0,-1.6948382955,-5080.0,-11831.0,0.0705018561,1.5296781071,6.2751724971,-0.422691652,2.6435083145,1.0431490818
2024-07-15,2024-07-16,2024-07-15,2024-07-15,2024-07-15,2024-07-16,2024-07-15,2024-07-15,2024-07-15,2024-07-15,2024-07-15,2024-07-15,2024-07-15,2024-07-15,2024-07-12,2024-07-15,2024-07-15,2024-07-15,2024-07-15,2024-07-15,2024-07-15,2024-07-15,2024-07-15,23879.36,-0.16,278.74,533900316374,680,997,138,-13159058396,-36218,-71,-1.136912,0.043635,0.28262,0.402866,5.29694899993165,0.05000000000000071,-0.009999999999999787,-0.20999999999999996,0.07988501995308539,0.09607657511196965,-2.4472796650381046,0.1372041258312917,-1.5166218228481076,0.11087713870892024,0.11157720997323484,-0.22591568853636002,-0.6190057395193516,-0.9801215645144468,0.7955669327319281,23997.25,0.49368995,1,0.8911907687,-0.1890280262,0.6820461384,-78164711779.0,-0.4276969917,4111.0,-6786.0,-0.5320097238,0.0050673942,6.1468590934,-0.5801147573,2.1790720398,1.0454832703
2024-07-16,2024-07-17,2024-07-16,2024-07-16,2024-07-16,2024-07-17,2024-07-16,2024-07-16,2024-07-16,2024-07-16,2024-07-16,2024-07-16,2024-07-16,2024-07-16,2024-07-16,2024-07-16,2024-07-16,2024-07-16,2024-07-16,2024-07-16,2024-07-16,2024-07-16,2024-07-16,23997.25,0.49,279.89,549783060350,873,751,164,-5278153470,-37134,70,0.442712,0.455541,0.638938,0.199049,0.5335342639847473,-0.0600000000000005,-0.010000000000000675,-0.2599999999999998,-0.03284897586730562,0.07677723369392542,0.20489692848066898,0.18071690773633353,-1.598356750277885,0.6337297172779532,0.6188084843045338,-0.04382102876663296,-1.619434593209057,-1.2678634021473623,-1.1900555990685957,23769.82,-0.94773359,0,0.9170752847,0.0751231527,1.1624500666,-67724866291.0,-0.0253951542,-916.0,-2349.0,-1.6104121233,0.4065676768,5.4479789677,-0.1700631455,2.411864545,1.0281650899
2024-07-17,2024-07-18,2024-07-17,2024-07-17,2024-07-17,2024-07-18,2024-07-17,2024-07-17,2024-07-17,2024-07-17,2024-07-17,2024-07-17,2024-07-17,2024-07-17,2024-07-17,2024-07-17,2024-07-17,2024-07-17,2024-07-17,2024-07-17,2024-07-17,2024-07-17,2024-07-17,23769.82,-0.95,281.21,630955932532,953,667,179,-30381611855,-34842,-541,-7.976778,-6.811127,-1.392754,-2.76844,9.780136488947022,-0.009999999999999787,-0.009999999999999787,-0.2599999999999998,-0.2226498352794204,-0.49870208095089685,-0.4297671302106121,-0.7955105432469245,0.06447258626072205,0.09433346674618814,-7.112574876126898,-7.1206718215742315,-6.62393376555298,-10.205581562673572,-7.91121075037422,23398.47,-1.56227519,0,1.057180413,0.1765432099,1.4287856072,-87259702983.0,-1.1519007052,2292.0,-1214.0,-0.6150873043,-0.9882917873,2.4140073435,-0.9205992428,1.320140672,0.9811499003
2024-07-18,2024-07-19,2024-07-18,2024-07-18,2024-07-18,2024-07-19,2024-07-18,2024-07-18,2024-07-18,2024-07-18,2024-07-18,2024-07-18,2024-07-18,2024-07-18,2024-07-18,2024-07-18,2024-07-18,2024-07-18,2024-07-18,2024-07-18,2024-07-18,2024-07-18,2024-07-18,23398.47,-1.56,276.94,681452569002,513,1136,132,-53351796061,-43033,-337,0.391354,0.512321,-0.78164,-0.698449,10.013817740186969,0.040000000000000036,0.040000000000000036,-0.2599999999999998,0.45613217759497005,0.4048175122364439,-2.3634900416870663,-0.6661276600713917,0.21984947445539138,0.5526034842529226,0.300199750395147,0.5192321843644931,2.6273400544513326,-2.2956711857619605,2.910635125835115,22869.26,-2.26172908,0,1.1334889489,-0.3778047301,0.451584507,-143826197892.0,-2.0661948153,-8191.0,-7784.0,-2.0138311915,-4.0654316538,-0.0325983397,-1.6555562402,-0.261136828,1.0316158629
2024-07-19,2024-07-22,2024-07-19,2024-07-19,2024-07-19,2024-07-22,2024-07-19,2024-07-19,2024-07-19,2024-07-19,2024-07-19,2024-07-19,2024-07-21,2024-07-19,2024-07-19,2024-07-19,2024-07-19,2024-07-19,2024-07-19,2024-07-19,2024-07-19,2024-07-19,2024-07-19,22869.26,-2.26,271.63,638715487819,209,1546,61,-64358158801,-37237,-122,-3.549189,-3.113442,-0.714027,-0.807339,3.7037045906157084,0.04999999999999982,0.03000000000000025,-0.2400000000000002,0.4350571135180781,0.2207961610602771,-0.15591375134754726,-1.0228950278764692,-2.0290367112673735,0.5137872164981072,-3.0586271593939784,-2.8958261293364207,-2.609626004031884,-2.6898647534716713,-1.974830603396116,22256.99,-2.67726197,0,1.0690951504,-0.7618233618,0.1351875809,-166528778583.0,-2.1653600948,5796.0,3092.0,-4.7004969319,-4.3804535114,-1.6519311808,-3.025811319,-2.4370848683,1.1370311819
2024-07-22,2024-07-23,2024-07-22,2024-07-22,2024-07-22,2024-07-23,2024-07-22,2024-07-22,2024-07-22,2024-07-22,2024-07-22,2024-07-22,2024-07-22,2024-07-22,2024-07-22,2024-07-22,2024-07-22,2024-07-22,2024-07-22,2024-07-22,2024-07-22,2024-07-22,2024-07-22,22256.99,-2.68,264.16,621464122692,242,1505,65,-7753786811,-40239,273,2.15962,3.999687,1.079204,1.583076,-9.745766136434542,0.009999999999999787,0.009999999999999787,-0.2400000000000002,0.08389052827177945,-0.08621069537325665,-1.1601225779591773,-1.1429228684484594,1.2527568297836744,-0.6809822358518902,4.144816000070217,3.860724532368298,4.757059777693695,2.830184215800635,2.3577955584173527,22871.84,2.76250293,1,1.0356303817,-0.7229536348,0.1607973422,-161123506998.0,0.2472126156,-3002.0,-4021.0,-6.3644991843,-6.7940263056,-2.4402442392,-4.3054114138,-4.9362119432,1.2103204447
2024-07-23,2024-07-26,2024-07-23,2024-07-23,2024-07-23,2024-07-26,2024-07-25,2024-07-25,2024-07-25,2024-07-25,2024-07-25,2024-07-25,2024-07-25,2024-07-25,2024-07-25,2024-07-25,2024-07-25,2024-07-25,2024-07-25,2024-07-25,2024-07-25,2024-07-25,2024-07-25,22871.84,2.76,267.56,469611784548,1326,367,116,12877482763,-32825,-115,0.300373,-1.964295,-0.514262,-0.926569,2.3281493771090345,-0.010000000000000675,0.040000000000000036,-0.14000000000000057,-0.2194732292683632,-0.02873721570291199,-3.2827090193364827,-1.742120747532938,-1.6702661707466926,-0.5529245992950127,-2.2292833883427954,-1.8341763828159108,-1.724289908711707,-4.3628551099797575,-1.374390036597295,22119.21,-3.29064037,0,0.7869818322,0.5664500886,3.6130790191,-142967870765.0,1.1067286727,7414.0,4309.0,-2.2507027169,-4.6897457,-0.0180538792,-0.7008816288,-2.3092103834,1.3623971548
2024-07-26,2024-07-29,2024-07-26,2024-07-26,2024-07-26,2024-07-29,2024-07-26,2024-07-26,2024-07-26,2024-07-26,2024-07-26,2024-07-26,2024-07-28,2024-07-26,2024-07-26,2024-07-26,2024-07-26,2024-07-26,2024-07-26,2024-07-26,2024-07-26,2024-07-26,2024-07-26,22119.21,-3.29,264.34,530812160328,406,1308,105,-84417588290,-37411,157,1.03569,1.953306,1.109047,1.025277,-11.213433355830272,-0.0699999999999994,-0.04999999999999982,-0.16000000000000014,0.47483004597199674,-0.0383297386866599,-0.533678817939276,0.7839448385284387,-0.003522573962000397,0.2947697439061203,2.1465116900126313,1.5852215246456192,0.6946907621811382,1.2073438985806817,1.5878403210499936,22164.49,0.20470894,1,0.8899834075,-0.5262543757,0.3103975535,-197003847200.0,-2.5009198887,-4586.0,-2569.0,-3.2797300831,-6.9441417731,-3.7738360764,-2.5720831564,-5.3485114613,1.5340724649
2024-07-29,2024-07-30,2024-07-29,2024-07-29,2024-07-29,2024-07-30,2024-07-29,2024-07-29,2024-07-29,2024-07-29,2024-07-29,2024-07-29,2024-07-29,2024-07-29,2024-07-29,2024-07-29,2024-07-29,2024-07-29,2024-07-29,2024-07-29,2024-07-29,2024-07-29,2024-07-29,22164.49,0.2,260.11,484461524935,425,1288,100,-676497998,-36297,-255,-1.191804,-0.303927,0.081331,0.070967,1.2812751655983723,-0.03000000000000025,0.0,-0.1900000000000004,0.15641212361443557,0.23005930259931695,2.127087438919806,1.2310160750865329,1.275044575899864,-0.544102983776229,-0.20926700865726566,-0.7115773261414882,-1.300195694716244,-0.17144473444269392,-0.9298975247010621,22223.57,0.26655249,1,0.8142739749,-0.5037945126,0.3299689441,-144328549137.0,0.5205448488,1114.0,6736.0,-0.4155997734,-5.2737636264,-3.2371022763,-1.2997120904,-5.0040427249,1.5357606097
2024-07-30,2024-07-31,2024-07-30,2024-07-30,2024-07-30,2024-07-31,2024-07-30,2024-07-30,2024-07-30,2024-07-30,2024-07-30,2024-07-30,2024-07-30,2024-07-30,2024-07-30,2024-07-30,2024-07-30,2024-07-30,2024-07-30,2024-07-30,2024-07-30,2024-07-30,2024-07-30,22223.57,0.27,263.36,452258046927,1239,444,123,-23607834670,-39033,-354,-3.418537,-3.881387,-0.496017,-1.282537,6.566265828551643,-0.019999999999999574,-0.010000000000000675,-0.1999999999999993,-0.2672783628201558,-0.00955863338686358,0.14900534313218028,-0.9886020980063637,-1.3657329512816063,-0.6299541540605857,-3.6305638432229226,-3.8264897943261045,-7.043635844522522,-0.9373864462209336,-4.460123082011269,22199.35,-0.10898339,0,0.7653744848,0.4723707665,2.7905405405,-103578225006.0,-0.2551897998,-2736.0,-1796.0,-2.8343587573,-2.8233969967,-3.5110768596,-0.4642315523,-4.5854769709,1.5304814764
2024-07-31,2024-08-01,2024-07-31,2024-07-31,2024-07-31,2024-08-01,2024-07-31,2024-07-31,2024-07-31,2024-07-31,2024-07-31,2024-07-31,2024-07-31,2024-07-31,2024-07-31,2024-07-31,2024-07-31,2024-07-31,2024-07-31,2024-07-31,2024-07-31,2024-07-31,2024-07-31,22199.35,-0.11,262.3,455931075821,823,830,164,-16457608465,-37129,403,7.286146,7.014719,1.57934,2.635851,-7.518371303299154,-0.0600000000000005,-0.05999999999999961,-0.20000000000000018,-0.5775112476597344,-0.43042043472150127,1.4947615968660788,1.1869154695422157,2.0095939458893097,2.1576728609127738,6.709585152281106,7.634986786621534,12.812101471164627,4.362895969096203,11.956513303012084,22642.1,1.99442776,1,0.7750742033,-0.0042347247,0.9915662651,-112282046660.0,0.0271377909,1904.0,3110.0,0.3623095038,-0.2589748209,-3.7262501534,-0.5213461451,-4.5133392749,1.5292044949
2024-08-01,2024-08-02,2024-08-01,2024-08-01,2024-08-01,2024-08-02,2024-08-01,2024-08-01,2024-08-01,2024-08-01,2024-08-01,2024-08-01,2024-08-01,2024-08-01,2024-08-01,2024-08-01,2024-08-01,2024-08-01,2024-08-01,2024-08-01,2024-08-01,2024-08-01,2024-08-01,22642.1,1.99,266.91,508170294189,1529,182,78,18233661280,-41342,-532,-4.595905,-7.138878,-1.36935,-2.302635,13.630803539367387,-0.09999999999999964,-0.1299999999999999,-0.16999999999999993,0.4427055244088818,0.3073964452591005,-2.494748785872136,0.25228338003158157,-0.22853610211661657,-0.6626823919266611,-7.2053727428168735,-6.469901870895911,-6.674070913209606,-8.26412153549807,-8.501362351243891,21638.09,-4.43426184,0,0.8679660164,0.7872589129,8.4010989011,-106925868143.0,1.1884227444,-4213.0,-8517.0,2.1548431748,-1.004466628,-1.0370477858,1.672026405,-2.5592039412,1.5928808268
2024-08-02,2024-08-05,2024-08-02,2024-08-02,2024-08-02,2024-08-05,2024-08-02,2024-08-02,2024-08-02,2024-08-02,2024-08-02,2024-08-02,2024-08-04,2024-08-02,2024-08-02,2024-08-02,2024-08-02,2024-08-02,2024-08-02,2024-08-02,2024-08-02,2024-08-02,2024-08-02,21638.09,-4.43,257.78,573089825274,111,1677,37,-94430564975,-45100,-429,-5.259826,-5.182126,-1.838186,-2.431003,25.82032919667483,-0.1900000000000004,-0.28000000000000025,-0.08000000000000007,-0.3900105801548759,-1.158780986104735,-5.8139060729441745,-3.653768351000408,-2.077156794362167,-1.0201044887910515,-5.315447627360282,-5.445652625511155,-1.776396353511256,-0.030174504420321657,-2.1765724767031536,19830.88,-8.35198486,0,0.9807168494,-0.8758389262,0.0661896243,-116938844828.0,-2.2964907838,-3758.0,-7689.0,-2.6345002176,-2.1751228909,-6.6214031071,-2.4147271159,-6.5715267269,1.8259832117
2024-08-05,2024-08-06,2024-08-05,2024-08-05,2024-08-05,2024-08-06,2024-08-05,2024-08-05,2024-08-05,2024-08-05,2024-08-05,2024-08-05,2024-08-05,2024-08-05,2024-08-05,2024-08-05,2024-08-05,2024-08-05,2024-08-05,2024-08-05,2024-08-05,2024-08-05,2024-08-05,19830.88,-8.35,237.52,648884849656,21,1800,5,-68774621949,-39446,849,-1.274525,-1.91654,-2.99688,-3.433921,64.8995327118046,-0.020000000000000018,0.010000000000000231,-0.11000000000000032,0.2764724507885674,-0.5038239004738432,-12.395757674714236,-8.767684570805523,-1.4585007712565767,-1.2135074717252614,-1.7649020548197836,-2.3439982094341727,-6.357788671810349,1.7509489239386777,-1.2098493982422798,20501.02,3.37927515,1,1.1100929348,-0.9769357496,0.0116666667,-185036968779.0,-1.3868015808,5654.0,-3149.0,-10.6690961672,-10.5285977706,-15.6941026327,-8.6420760906,-13.6867539246,2.4787121693
2024-08-06,2024-08-07,2024-08-06,2024-08-06,2024-08-06,2024-08-07,2024-08-06,2024-08-06,2024-08-06,2024-08-06,2024-08-06,2024-08-06,2024-08-06,2024-08-06,2024-08-06,2024-08-06,2024-08-06,2024-08-06,2024-08-06,2024-08-06,2024-08-06,2024-08-06,2024-08-06,20501.02,3.38,235.51,687723654453,657,1092,78,24771772421,-35525,-135,5.028728,1.064723,1.035409,1.029436,-28.156600197766878,0.1200000000000001,0.10000000000000009,-0.0900000000000003,0.3029438503285631,0.27266410813131525,10.226327398560752,3.3011755607594617,-0.3055361913361643,-0.01017216071663718,0.9056882775759556,1.945529606099905,3.7829797582928704,-3.441636549743743,1.2950424508570535,21295.28,3.87424626,1,1.1679479695,-0.2487135506,0.6016483516,-136657361688.0,1.4859632884,3921.0,3508.0,-9.4561900177,-7.7510049016,-12.9711898029,-4.0317216957,-10.1726730518,2.6367501622
2024-08-07,2024-08-08,2024-08-07,2024-08-07,2024-08-07,2024-08-08,2024-08-07,2024-08-07,2024-08-07,2024-08-07,2024-08-07,2024-08-07,2024-08-07,2024-08-07,2024-08-07,2024-08-07,2024-08-07,2024-08-07,2024-08-07,2024-08-07,2024-08-07,2024-08-07,2024-08-07,21295.28,3.87,247.83,499065967647,1750,45,34,-7795805122,-31932,-417,-0.225244,-3.093544,-0.773465,-1.045039,0.5052374652567915,0.06000000000000005,0.009999999999999787,-0.040000000000000036,-0.3905008009258193,0.22336187706368804,1.1943897645556811,1.8341498942087808,1.3847229251858328,-0.04457071962979953,-2.785369128715698,-2.75453200967003,-5.122298645458634,-1.15992824688248,-5.315448856179228,20870.1,-1.99659267,0,0.8599131024,0.9498607242,38.8888888889,-127995558345.0,0.4928923312,3593.0,5197.0,-1.5842895561,-4.0725066274,-10.8168765168,0.5372902755,-6.1615511541,2.7854569236
2024-08-08,2024-08-09,2024-08-08,2024-08-08,2024-08-08,2024-08-09,2024-08-08,2024-08-08,2024-08-08,2024-08-08,2024-08-08,2024-08-08,2024-08-08,2024-08-08,2024-08-08,2024-08-08,2024-08-08,2024-08-08,2024-08-08,2024-08-08,2024-08-08,2024-08-08,2024-08-08,20870.1,-2,246.71,462609778483,487,1213,110,-45209351236,-31809,731,6.133907,6.862206,2.304261,2.866235,-14.57809483063327,0.03000000000000025,0.040000000000000036,-0.04999999999999982,-0.7344664716750882,0.009691992757998591,-0.7366071453420164,-0.4547534093197969,0.08277532603271354,0.04339235419266174,6.8994934332996305,6.355512537865571,6.126779227807488,5.945449027852545,6.949439292427573,21469,2.86965563,1,0.8138282616,-0.4270588235,0.4014839242,-191438570861.0,-0.5970741456,123.0,9533.0,5.2404129318,-7.8261292018,-12.67769815,0.2065868686,-7.4170519317,2.7992590715
2024-08-09,2024-08-12,2024-08-09,2024-08-09,2024-08-09,2024-08-12,2024-08-09,2024-08-09,2024-08-09,2024-08-09,2024-08-09,2024-08-09,2024-08-11,2024-08-09,2024-08-09,2024-08-09,2024-08-09,2024-08-09,2024-08-09,2024-08-09,2024-08-09,2024-08-09,2024-08-09,21469,2.87,252.27,522843941637,1436,301,84,25461193494,-32006,78,1.56183,-0.434662,0.467168,0.511892,-14.37578791374391,-0.050000000000000266,0.009999999999999787,-0.10999999999999988,0.07652887976525857,-0.06782259029662896,0.5565465716637075,1.2398630834713043,1.1745346105625831,-0.33832670619240446,-0.5914356677357069,-0.026676251663704242,-0.20958485104765057,-1.5038167118654577,1.7290990247630145,21773.26,1.4172062,1,0.9271042975,0.6534254462,4.7707641196,-71546812392.0,1.411183285,-197.0,13094.0,4.7216187292,-0.7814460518,-10.57221453,3.2498229234,-4.2210376267,2.8942748443
2024-08-12,2024-08-13,2024-08-12,2024-08-12,2024-08-12,2024-08-13,2024-08-12,2024-08-12,2024-08-12,2024-08-12,2024-08-12,2024-08-12,2024-08-12,2024-08-12,2024-08-09,2024-08-12,2024-08-12,2024-08-12,2024-08-12,2024-08-12,2024-08-12,2024-08-12,2024-08-12,21773.26,1.42,255.51,440758837692,1257,449,121,18766263858,-34712,127,0.305176,0.729801,0.004303,0.210857,1.669112573546916,-0.040000000000000036,-0.040000000000000036,-0.10999999999999988,-0.604294595055821,0.0,0.5565465716637075,1.1539859287814425,0.12533430672083679,-0.17318176368841254,0.5760700858132184,0.9384036260066564,4.076369110325917,1.8619199526701324,0.24281709408464636,21796.57,0.10705792,1,0.7980614854,0.4736225088,2.7995545657,15994073415.0,1.1709341889,-2706.0,4734.0,2.2445349392,9.7947241877,-10.728851092,2.7926328215,-2.2933329313,2.8880428991
2024-08-13,2024-08-14,2024-08-13,2024-08-13,2024-08-13,2024-08-14,2024-08-13,2024-08-13,2024-08-13,2024-08-13,2024-08-13,2024-08-13,2024-08-13,2024-08-13,2024-08-13,2024-08-13,2024-08-13,2024-08-13,2024-08-13,2024-08-13,2024-08-13,2024-08-13,2024-08-13,21796.57,0.11,256.99,408538603297,879,771,170,-4551149919,-35894,342,2.809754,4.184186,1.684758,2.425418,-12.506027811373066,-0.04999999999999982,-0.07999999999999963,-0.08000000000000007,0.20472686912957894,-0.5623442257969402,3.447570931477517,0.12221483833785296,0.364723184644955,0.25646854890906123,4.061029998349475,4.066793908397925,6.530914479747296,3.1878339359162178,5.073347323808308,22027.25,1.05833165,1,0.7564806948,0.0654545455,1.140077821,-13328848925.0,0.4636313323,-1182.0,-369.0,4.4392216616,6.3194416668,-8.8655191114,1.6591139471,-1.7211669851,2.8722591892
2024-08-14,2024-08-15,2024-08-14,2024-08-14,2024-08-14,2024-08-15,2024-08-14,2024-08-14,2024-08-14,2024-08-14,2024-08-14,2024-08-14,2024-08-14,2024-08-14,2024-08-14,2024-08-14,2024-08-14,2024-08-14,2024-08-14,2024-08-14,2024-08-14,2024-08-14,2024-08-14,22027.25,1.06,260.23,488964735763,1033,656,138,24881513902,-33209,-42,-1.375186,-0.181291,0.382373,0.029034,-10.651215318914042,-0.020000000000000018,0.009999999999999787,-0.10999999999999988,-0.9596021142668665,0.00975247315577743,0.5793635571816225,0.8773602899103672,-0.35344682586463394,-0.7542579948352834,-0.2526494807192692,0.08467629712303193,1.6703999066657094,-0.26925874701700936,0.9797635395855986,21895.17,-0.59962092,0,0.9091862405,0.2232089994,1.574695122,19348470099.0,1.1935635306,2685.0,-1277.0,2.6002608412,3.4372405528,-7.7561123916,2.0383063399,-0.2646057243,2.8900023539
2024-08-15,2024-08-16,2024-08-15,2024-08-15,2024-08-15,2024-08-16,2024-08-15,2024-08-15,2024-08-15,2024-08-15,2024-08-15,2024-08-15,2024-08-15,2024-08-15,2024-08-15,2024-08-14,2024-08-15,2024-08-15,2024-08-15,2024-08-15,2024-08-15,2024-08-15,2024-08-15,21895.17,-0.6,262.25,397630916287,861,769,177,-691636459,-33152,517,2.347476,4.865452,1.613325,2.337636,-5.929592094835401,0.08999999999999986,0.14000000000000012,-0.16000000000000014,1.398656718686797,0.39973058723725696,0.7798901992462026,0.8773602899103672,-0.024651793417973522,0.9884432991873471,4.807999031564836,4.221834998649299,4.048101884463007,4.6962704158803215,5.3522749132700165,22349.33,2.07424743,1,0.7499679595,0.0564417178,1.1196358908,63866184876.0,0.4920538681,57.0,-1343.0,0.5599069685,4.9116678885,-8.7596703789,0.4722779887,-0.3885974651,2.8836671184
2024-08-16,2024-08-19,2024-08-16,2024-08-16,2024-08-16,2024-08-19,2024-08-16,2024-08-16,2024-08-16,2024-08-16,2024-08-16,2024-08-16,2024-08-18,2024-08-16,2024-08-16,2024-08-16,2024-08-16,2024-08-16,2024-08-16,2024-08-16,2024-08-16,2024-08-16,2024-08-16,22349.33,2.07,266.24,518217426441,1292,375,161,45340297474,-34952,-22,0.333402,-0.0605,0.198978,0.211547,-2.8233707447526624,-0.029999999999999805,-0.020000000000000462,-0.16999999999999948,-0.9462871123850913,-0.5049565503106201,3.6377714576229403,1.9939489683777678,1.8763042416106046,0.11011330793073704,-0.21146447893264364,0.13800852515257755,1.399968429235221,0.8143301732301156,-0.2467968759758854,22409.63,0.26980675,1,0.9879082463,0.550089982,3.4453333333,83745288856.0,1.5345844263,-1800.0,-2946.0,2.5359953424,4.1004704458,-5.9760233775,1.7343796402,2.007199003,2.9305782667
2024-08-19,2024-08-20,2024-08-19,2024-08-19,2024-08-19,2024-08-20,2024-08-19,2024-08-19,2024-08-19,2024-08-19,2024-08-19,2024-08-19,2024-08-19,2024-08-19,2024-08-19,2024-08-19,2024-08-19,2024-08-19,2024-08-19,2024-08-19,2024-08-19,2024-08-19,2024-08-19,22409.63,0.27,268.88,396873296537,929,716,177,-3275443345,-34655,194,0.521373,1.862963,0.972228,1.389818,-1.013517366699046,-0.03000000000000025,0.0,-0.19999999999999973,-0.7001673407422859,-0.5563143665014869,-1.7708971757516734,-0.8479022260793778,0.799821430212222,0.33895225377087446,1.6996099153161248,1.876693080144598,4.350616543011032,4.523425774864243,1.2008239672372412,22429.1,0.08688229,1,0.7776777236,0.1294832827,1.2974860335,61703581653.0,0.2421077664,297.0,57.0,1.7359407098,2.9227134568,-4.226088287,1.4212790878,2.5137579875,2.9171603807
2024-08-20,2024-08-21,2024-08-20,2024-08-20,2024-08-20,2024-08-21,2024-08-20,2024-08-20,2024-08-20,2024-08-20,2024-08-20,2024-08-20,2024-08-20,2024-08-20,2024-08-20,2024-08-20,2024-08-20,2024-08-20,2024-08-20,2024-08-20,2024-08-20,2024-08-20,2024-08-20,22429.1,0.09,270.08,455872987130,886,751,189,4757246052,-35638,-122,-1.943576,-1.334265,-0.198456,-0.334681,8.395908040535783,-0.040000000000000036,-0.0699999999999994,-0.17000000000000037,-0.0485705808362491,-0.44164977027951746,1.803491975698246,0.8327141632430868,-0.3329064589211228,-0.7229739837728344,-1.3225040661337006,-1.3050047056129443,-2.115384615384619,0.721274553060347,-1.0494363455770261,22237.89,-0.85250857,0,0.9095826384,0.0824679291,1.1797603196,71011977624.0,0.3783025224,-983.0,256.0,2.4385743522,2.9019703559,-1.9246796792,0.9315232911,2.7062253071,2.877685399
2024-08-21,2024-08-22,2024-08-21,2024-08-21,2024-08-21,2024-08-22,2024-08-21,2024-08-21,2024-08-21,2024-08-21,2024-08-21,2024-08-21,2024-08-21,2024-08-21,2024-08-21,2024-08-21,2024-08-21,2024-08-21,2024-08-21,2024-08-21,2024-08-21,2024-08-21,2024-08-21,22237.89,-0.85,268.38,429015928237,749,906,167,-5021767692,-37001,52,-0.348751,1.378488,0.423968,0.572774,2.4559215397492062,-0.029999999999999805,-0.07000000000000028,-0.1299999999999999,-0.6270599155635659,-0.39432326128930884,-0.29194052446873675,0.1668749585800322,-0.6856819337488718,-0.3318648169890248,1.4177949764555775,1.0360426306186943,0.982318271119853,0.9015369035388909,-0.10243939263122614,22148.83,-0.40048764,0,0.8727520739,-0.0948640483,0.8267108168,41108696030.0,0.1081156968,-1363.0,-3792.0,-0.4986279231,0.9562700746,-0.085815737,-0.1182794424,1.8350992722,2.8214688307
2024-08-22,2024-08-23,2024-08-22,2024-08-22,2024-08-22,2024-08-23,2024-08-22,2024-08-22,2024-08-22,2024-08-22,2024-08-22,2024-08-22,2024-08-22,2024-08-22,2024-08-22,2024-08-22,2024-08-22,2024-08-22,2024-08-22,2024-08-22,2024-08-22,2024-08-22,2024-08-22,22148.83,-0.4,269.76,380109448128,754,867,185,-6889484161,-33090,-267,-2.916472,-3.436459,-0.893281,-1.672196,7.867232595473528,0.06999999999999984,0.07000000000000028,-0.13000000000000034,1.0727248962346891,0.4651635158792855,0.6830003640514004,0.24212234680438538,1.4374681961776048,-0.2558976973690785,-3.416331015230134,-3.2757477372695076,-3.704281818078181,-3.8717449495447642,-2.0750406965474366,22158.05,0.04162748,1,0.7803653306,-0.0697100555,0.8696655133,34910848328.0,0.0849441041,3911.0,62.0,-1.1637853905,1.1585203495,-3.1611361395,-0.7444603521,1.5954493109,2.7520307565
2024-08-23,2024-08-26,2024-08-23,2024-08-23,2024-08-23,2024-08-26,2024-08-23,2024-08-23,2024-08-23,2024-08-23,2024-08-23,2024-08-23,2024-08-25,2024-08-23,2024-08-23,2024-08-23,2024-08-23,2024-08-23,2024-08-23,2024-08-23,2024-08-23,2024-08-23,2024-08-23,22158.05,0.04,271.68,392261041612,829,765,208,-1950815102,-34860,167,2.907953,2.786569,1.148337,1.466793,-9.629627657273677,-0.04999999999999982,-0.0900000000000003,-0.08999999999999986,-0.8756060974664415,-0.7782493339593577,0.4010828439404923,-0.22085337730564092,-0.16382512683521533,0.42407049758446114,2.6792768394745314,2.462668618841657,4.5498604740694,2.162161400976137,2.4762870291642702,22240.12,0.37038458,1,0.8169311997,0.0401505646,1.0836601307,-12380264248.0,0.1215436396,-1770.0,92.0,-1.2084747047,-0.855864583,0.1755939746,-0.5326192838,1.6286880104,2.6542637283
2024-08-26,2024-08-27,2024-08-26,2024-08-26,2024-08-26,2024-08-27,2024-08-26,2024-08-26,2024-08-26,2024-08-26,2024-08-26,2024-08-26,2024-08-26,2024-08-26,2024-08-26,2024-08-26,2024-08-26,2024-08-26,2024-08-26,2024-08-26,2024-08-26,2024-08-26,2024-08-26,22240.12,0.37,269.71,428539462867,923,747,137,-5150399141,-36989,-125,-1.29028,-2.511161,-0.315373,-0.850326,1.8284991685414864,0.009999999999999787,0.010000000000000231,-0.0900000000000003,0.17163104694757347,0.12906796251235253,-0.6622067469395199,-0.1362085109851474,1.0596741076552618,-0.08926363554314642,-2.510819069230208,-2.343086307713982,-2.249359312473398,-3.21976408048662,-4.051457963714789,22185,-0.24784039,0,0.8977129962,0.1053892216,1.2356091031,-14255220044.0,0.0289430009,-2129.0,-2334.0,0.0100279298,-0.7564158801,0.3412214763,-0.0120398522,1.9874163157,2.6550077345
2024-08-27,2024-08-28,2024-08-27,2024-08-27,2024-08-27,2024-08-28,2024-08-27,2024-08-27,2024-08-27,2024-08-27,2024-08-27,2024-08-27,2024-08-27,2024-08-27,2024-08-27,2024-08-27,2024-08-27,2024-08-27,2024-08-27,2024-08-27,2024-08-27,2024-08-27,2024-08-27,22185,-0.25,272.43,371829210783,917,689,194,-12796353515,-37502,86,0.875374,1.104099,0.15952,0.16389,-4.4582001879948985,0.010000000000000231,-0.08000000000000007,0.0,-0.35839014234928523,-0.2974669577612943,0.4681220669981112,-0.3246841091737118,0.42665657114326905,-0.5682503788739801,1.107548141335557,1.0058898911421865,1.4550086830667164,0.340018993371638,1.1088863091127443,22370.66,0.83687176,1,0.7855327132,0.1419676214,1.3309143687,-31808819611.0,-0.2275015529,-513.0,-1864.0,0.1633043371,-1.0883183008,-0.1735544739,-0.0404524146,1.7436481076,2.6553084786
2024-08-28,2024-08-29,2024-08-28,2024-08-28,2024-08-28,2024-08-29,2024-08-28,2024-08-28,2024-08-28,2024-08-28,2024-08-28,2024-08-28,2024-08-28,2024-08-28,2024-08-28,2024-08-28,2024-08-28,2024-08-28,2024-08-28,2024-08-28,2024-08-28,2024-08-28,2024-08-28,22370.66,0.84,272.62,412625773219,768,844,188,-11546280695,-37243,-255,-0.79156,-1.825312,-0.597597,-1.119645,10.887882514248881,0.009999999999999787,0.0,0.009999999999999787,0.9086610177773791,0.5370395522065197,0.21714186258217083,0.021570256577119196,-1.0194353457794403,-0.5696882816520921,-1.8039596175705053,-1.681562062592734,-2.0966503331422914,-2.7508301592348405,-1.988974983584435,22201.85,-0.75460447,0,0.8757261252,-0.047146402,0.9099526066,-38333332614.0,-0.1964192786,259.0,-242.0,0.9595158419,0.5970440541,0.7716892612,0.6756273882,2.5548257304,2.6608730051
2024-08-29,2024-08-30,2024-08-29,2024-08-29,2024-08-29,2024-08-30,2024-08-29,2024-08-29,2024-08-29,2024-08-29,2024-08-29,2024-08-29,2024-08-29,2024-08-29,2024-08-29,2024-08-29,2024-08-29,2024-08-29,2024-08-29,2024-08-29,2024-08-29,2024-08-29,2024-08-29,22201.85,-0.75,273.32,434903789995,768,853,175,-24142596279,-36971,114,-0.029553,-0.599065,-0.003938,-0.225561,-8.53302711712346,0.03000000000000025,0.040000000000000036,0.0,-0.39083263225860865,0.24730439119255987,-0.024055368678810307,-1.0242300824938821,0.5305715030710312,-0.2683726870340797,-0.2877352430484037,-1.2370773942835256,-6.384845341526102,-0.5944213675590615,-0.7902390048544872,22268.09,0.29835352,1,0.9302397221,-0.0524367674,0.9003516999,-55586444732.0,-0.5293295514,272.0,-3881.0,-0.1720764097,0.2393805903,-1.9443867839,-0.1317341588,1.8837562824,2.6289749344
2024-08-30,2024-09-02,2024-08-30,2024-08-30,2024-08-30,2024-09-02,2024-08-30,2024-08-30,2024-08-30,2024-08-30,2024-08-30,2024-08-30,2024-09-01,2024-08-30,2024-08-30,2024-08-30,2024-08-30,2024-08-30,2024-08-30,2024-08-30,2024-08-30,2024-08-30,2024-08-30,22268.09,0.3,274.58,519444655133,1059,616,149,-4739463391,-39554,-18,1.50754,2.576325,1.009305,1.12574,-4.153352296319845,0.040000000000000036,0.040000000000000036,0.0,0.4331737370221411,0.3552404019743882,0.7434826136505368,0.45186941886246057,1.1399209979228164,1.334785607882738,2.6148720930736724,2.3328161768431555,1.5137396582415308,2.110105127168982,3.7532752968429284,22235.1,-0.14814921,0,1.1174800862,0.2644776119,1.7191558442,-58375093021.0,-0.0739219794,-2583.0,-4694.0,0.3745323417,0.4966140974,2.911532395,0.0671635433,2.0402281022,2.4303220753
2024-09-02,2024-09-03,2024-09-02,2024-09-02,2024-09-02,2024-09-03,2024-08-30,2024-08-30,2024-08-30,2024-08-30,2024-08-30,2024-08-30,2024-09-02,2024-08-30,2024-09-02,2024-09-02,2024-09-02,2024-09-02,2024-08-30,2024-08-30,2024-08-30,2024-08-30,2024-08-30,22235.1,-0.15,272.56,376320913617,546,1135,132,-12798199913,-40452,8,1.50754,2.576325,1.009305,1.12574,-4.153352296319845,0.040000000000000036,0.040000000000000036,0.0,-0.203152061097156,0.3552404019743882,0.13744938256432526,0.2501557882098382,-1.6515562183808674,-1.6986636188688564,2.6148720930736724,2.3328161768431555,1.5137396582415308,2.110105127168982,3.7532752968429284,22092.21,-0.64263259,0,0.8340306804,-0.3503866746,0.4810572687,-66022893793.0,-0.6491895551,-898.0,-3463.0,-0.6059722869,-0.0225718207,12.123617308,-0.0765769045,1.3308760649,1.4521582599
2024-09-03,2024-09-04,2024-09-03,2024-09-03,2024-09-03,2024-09-04,2024-09-03,2024-09-03,2024-09-03,2024-09-03,2024-09-03,2024-09-03,2024-09-03,2024-09-03,2024-09-03,2024-09-03,2024-09-03,2024-09-03,2024-09-03,2024-09-03,2024-09-03,2024-09-03,2024-09-03,22092.21,-0.64,270.86,370558678507,429,1238,148,-5971663488,-37243,-687,-6.528824,-7.750219,-2.115107,-3.259178,38.13332875569662,-0.07000000000000028,-0.03000000000000025,-0.040000000000000036,0.15659122730726782,0.12783174701436195,-0.037628351994256626,-0.6105974333271202,-0.22880700759271289,0.25788349345992057,-7.631738096490814,-7.5043143714085385,-9.52500836472302,-7.821752361435275,-6.160185227183701,21092.75,-4.52403811,0,0.8511756062,-0.4853029394,0.3465266559,-59198203766.0,-0.2304033315,3209.0,259.0,-0.4938327211,-0.4182555781,7.7615162563,-0.6358489604,0.3159727852,1.3239942535
2024-09-04,2024-09-05,2024-09-04,2024-09-04,2024-09-04,2024-09-05,2024-09-04,2024-09-04,2024-09-04,2024-09-04,2024-09-04,2024-09-04,2024-09-04,2024-09-04,2024-09-04,2024-09-04,2024-09-04,2024-09-04,2024-09-04,2024-09-04,2024-09-04,2024-09-04,2024-09-04,21092.75,-4.52,262.06,552154454418,85,1707,20,-100751844312,-30917,296,0.236768,0.249004,-0.160254,-0.303449,2.8957548327861904,-0.06999999999999984,-0.1200000000000001,0.010000000000000231,-0.08130132213054475,-0.4615547601412251,-4.235863483275681,-3.146021686730205,-1.0999093450302921,-0.6497777553035822,0.3278674230642542,-0.239801296268638,-1.6574082551179092,2.8698646164131647,0.870477053143115,21187.71,0.45020208,1,1.2606159765,-0.9051339286,0.0497949619,-148403767383.0,-3.3047531626,6326.0,6326.0,-5.2781356641,-5.7124376304,-0.9510558208,-4.0278915279,-4.1782990736,1.4735120676
2024-09-05,2024-09-06,2024-09-05,2024-09-05,2024-09-05,2024-09-06,2024-09-05,2024-09-05,2024-09-05,2024-09-05,2024-09-05,2024-09-05,2024-09-05,2024-09-05,2024-09-05,2024-09-05,2024-09-05,2024-09-05,2024-09-05,2024-09-05,2024-09-05,2024-09-05,2024-09-05,21187.71,0.45,261.21,391079418282,826,844,145,-25713841993,-25669,179,1.759186,-0.595914,-0.301802,0.253797,-6.660413211162819,-0.040000000000000036,-0.009999999999999787,-0.020000000000000018,0.16272898106874933,-0.2466456180885923,-1.054101837711352,-0.20536456633017952,-0.07469100456716227,0.17219625749023137,-0.5368785774363283,-0.1736031160669227,0.9415309374070091,-1.0151151596134111,-0.8434906787923802,21435.19,1.16803562,1,0.9002185865,-0.0107784431,0.9786729858,-149975013097.0,-0.7396327778,5248.0,11302.0,-4.7105252506,-4.5678175467,1.5218422528,-2.6978523981,-3.8162976907,1.4057348937
2024-09-06,2024-09-09,2024-09-06,2024-09-06,2024-09-06,2024-09-09,2024-09-06,2024-09-06,2024-09-06,2024-09-06,2024-09-06,2024-09-06,2024-09-08,2024-09-06,2024-09-06,2024-09-06,2024-09-05,2024-09-06,2024-09-06,2024-09-06,2024-09-06,2024-09-06,2024-09-06,21435.19,1.17,261.8,330695321009,961,661,195,1195974712,-27531,-756,-4.202804,-4.516675,-1.726025,-2.550436,12.462309496363154,-0.009999999999999787,-0.08999999999999986,0.06000000000000005,0.05905528468521659,0.06923122777338087,-0.7246104229282846,-1.2121906698941975,-0.07469100456716227,-0.8106770305426836,-4.280690094034389,-4.129133476168734,-4.085437264081026,-3.6503128576962585,-10.352052457801197,21144.44,-1.35641438,0,0.7784367957,0.1849568434,1.4538577912,-144039574994.0,0.2903726203,-1862.0,12023.0,-2.9739894741,-3.7403297723,-0.1574828823,-0.8024678332,-2.6853696752,1.2805765092
2024-09-09,2024-09-10,2024-09-09,2024-09-09,2024-09-09,2024-09-10,2024-09-09,2024-09-09,2024-09-09,2024-09-09,2024-09-09,2024-09-09,2024-09-09,2024-09-09,2024-09-09,2024-09-09,2024-09-09,2024-09-09,2024-09-09,2024-09-09,2024-09-09,2024-09-09,2024-09-09,21144.44,-1.36,260.59,346894414405,612,1052,146,-50123264824,-28097,227,3.80053,2.154479,1.158007,1.160934,-13.092039802055044,-0.020000000000000018,0.020000000000000018,0.020000000000000018,0.2563547314850423,0.36568763141533456,-0.48285698828794965,-0.32819098370070465,-1.4178833927001144,-1.1883623044196656,1.9761752477935213,2.260465400163514,3.539822352263311,2.828423982385897,2.7883265140282942,21064.08,-0.38005263,0,0.8256903451,-0.2644230769,0.5817490494,-181364639905.0,-1.4526046828,-566.0,12355.0,0.2450605066,-4.9051274786,-2.888037896,-1.1501388937,-3.8681402396,1.2697793695
2024-09-10,2024-09-11,2024-09-10,2024-09-10,2024-09-10,2024-09-11,2024-09-10,2024-09-10,2024-09-10,2024-09-10,2024-09-10,2024-09-10,2024-09-10,2024-09-10,2024-09-10,2024-09-10,2024-09-10,2024-09-10,2024-09-10,2024-09-10,2024-09-10,2024-09-10,2024-09-10,21064.08,-0.38,256,410897406750,387,1341,98,-27012102327,-26965,140,-0.215018,1.186614,0.447267,0.836746,-1.9023178648836292,-0.050000000000000266,-0.0900000000000003,0.06000000000000005,0.1557220455938646,0.07877321443248153,-0.15625755023711552,-0.4929158272095169,0.21590388199950183,0.08800822551944254,1.053080934754158,0.9460574116621601,1.5309450875642616,3.3948625759046003,5.247833408099445,21031,-0.1570446,0,0.977758048,-0.5520833333,0.288590604,-202405078744.0,-0.5709345777,1132.0,10278.0,-0.5834986414,-4.6538123619,-3.3605746225,-0.5700021062,-4.0737641899,1.2695126276
2024-09-11,2024-09-12,2024-09-11,2024-09-11,2024-09-11,2024-09-12,2024-09-11,2024-09-11,2024-09-11,2024-09-11,2024-09-11,2024-09-11,2024-09-11,2024-09-11,2024-09-11,2024-09-11,2024-09-11,2024-09-11,2024-09-11,2024-09-11,2024-09-11,2024-09-11,2024-09-11,21031,-0.16,257.02,292838533551,797,866,159,-8514879212,-27727,511,4.802071,4.903144,1.066503,2.171097,-7.285112134206173,0.0,0.03000000000000025,0.029999999999999805,-0.1585997292772645,0.04920107557724318,-1.4917122595469623,-0.39865638141910464,-0.727505237507331,-0.3013407428498094,4.644306471135362,5.163553811397126,8.149866153881003,4.914592867851231,6.787664194642051,21653.25,2.95872759,1,0.7134778548,-0.0414912808,0.9203233256,-110168113644.0,0.1607139079,-762.0,3190.0,-1.8856375894,-0.2927546195,-4.5228069777,-0.6682446897,-4.0066530314,1.238321322
2024-09-12,2024-09-13,2024-09-12,2024-09-12,2024-09-12,2024-09-13,2024-09-12,2024-09-12,2024-09-12,2024-09-12,2024-09-12,2024-09-12,2024-09-12,2024-09-12,2024-09-12,2024-09-12,2024-09-12,2024-09-12,2024-09-12,2024-09-12,2024-09-12,2024-09-12,2024-09-12,21653.25,2.96,262.12,392279399631,1407,291,125,36372607548,-30370,99,0.704927,-0.238892,0.74953,1.001122,-3.5048096128643014,0.03000000000000025,0.020000000000000018,0.040000000000000036,-0.5730778859112329,-0.3048756467971536,3.406815978793376,2.3363041639419713,0.7696645760223664,-0.4287305480879189,-0.4410900843753951,0.21422451288570787,1.9074464611122055,0.6072358590705429,3.97421691813733,21759.65,0.4913812,1,0.9563811269,0.6572438163,4.8350515464,-48081664103.0,1.6544920254,-2643.0,-4701.0,2.4063536324,2.1972171603,-1.1049012179,1.8229353784,-1.1118745945,1.4145623585
2024-09-13,2024-09-16,2024-09-13,2024-09-13,2024-09-13,2024-09-16,2024-09-13,2024-09-13,2024-09-13,2024-09-13,2024-09-13,2024-09-13,2024-09-15,2024-09-13,2024-09-13,2024-09-13,2024-09-13,2024-09-13,2024-09-13,2024-09-13,2024-09-13,2024-09-13,2024-09-13,21759.65,0.49,264.3,352403593690,1187,468,171,2944555598,-31780,24,0.624166,1.675029,0.540771,0.650557,-2.9876991095463934,-0.020000000000000018,-0.07000000000000028,0.0900000000000003,0.04698615258813543,-0.25648824029378403,-0.6828278230544216,0.1290710708143461,0.7464982757604988,-0.4167090886661784,1.7858790620758347,1.286878941500591,-0.03357471523608435,1.0214188780878652,1.9020448038704174,21850.08,0.41558573,1,0.8768878604,0.4344410876,2.5363247863,-46333083217.0,0.620758195,-1410.0,-4249.0,3.3021617844,1.5136791416,-2.6384683568,2.0119843507,-0.4919690331,1.3358440894
2024-09-16,2024-09-18,2024-09-16,2024-09-16,2024-09-16,2024-09-18,2024-09-17,2024-09-17,2024-09-17,2024-09-17,2024-09-17,2024-09-17,2024-09-17,2024-09-17,2024-09-17,2024-09-13,2024-09-17,2024-09-13,2024-09-17,2024-09-17,2024-09-17,2024-09-17,2024-09-17,21850.08,0.42,265.08,313168147864,1214,474,136,-2053079919,-32276,-76,-1.023182,0.033809,0.026455,0.204237,2.7421309068831112,0.020000000000000018,0.029999999999999805,0.06000000000000005,0.24009018886061995,0.12901672356280258,-1.034786054483472,0.1290710708143461,1.36550777035076,-0.4167090886661784,0.12278925217223957,-0.0342180624509969,-1.0190122057247453,-0.8285076878389752,-0.9450085424842602,21678.84,-0.78370422,0,0.7874588317,0.4383886256,2.5611814346,1737101688.0,0.4240994734,-496.0,-4179.0,3.8946317341,3.3372366447,-2.4969176198,1.7626436245,0.0495781621,1.3383714487
2024-09-18,2024-09-19,2024-09-18,2024-09-18,2024-09-18,2024-09-19,2024-09-18,2024-09-18,2024-09-18,2024-09-18,2024-09-18,2024-09-18,2024-09-18,2024-09-18,2024-09-18,2024-09-13,2024-09-17,2024-09-18,2024-09-18,2024-09-18,2024-09-18,2024-09-18,2024-09-18,21678.84,-0.78,263,409438736635,591,1094,147,-15924770214,-30477,-43,-0.041833,-1.075101,-0.289646,-0.31064,3.520720672322497,0.050000000000000266,0.020000000000000018,0.0900000000000003,-0.5025171841719578,-0.2874426774524319,0.48877732729220025,0.1290710708143461,1.36550777035076,0.3722405560061759,-1.103789572178615,-1.1381155434778245,-1.9205758816871588,-1.6775055796457772,-0.4924004713159791,22042.69,1.67836471,1,1.0355760843,-0.2985163205,0.5402193784,12824433801.0,-0.074383525,1799.0,-3512.0,0.1181808735,2.9185229072,-3.3450294484,0.3902648833,-0.5637141935,1.3451634686
2024-09-19,2024-09-20,2024-09-19,2024-09-19,2024-09-19,2024-09-20,2024-09-19,2024-09-19,2024-09-19,2024-09-19,2024-09-19,2024-09-19,2024-09-19,2024-09-19,2024-09-19,2024-09-19,2024-09-19,2024-09-19,2024-09-19,2024-09-19,2024-09-19,2024-09-19,2024-09-19,22042.69,1.68,267.76,416507591769,1365,312,144,27106699891,-30264,278,5.344334,4.267287,1.697685,2.507666,-10.422378860340853,0.029999999999999805,-0.020000000000000018,0.14000000000000012,-0.03461304571514834,0.00994248149321919,2.1307107967037275,0.20929238073543743,1.999661576676659,0.7893393341487753,4.2577642019503426,4.340863362449143,3.969303952526948,5.698302373462605,3.5566277386799072,22159.42,0.52956332,1,1.0551240786,0.6279069767,4.375,48446012904.0,1.4658051823,213.0,-2537.0,1.3007562162,4.8104702582,-0.8777811204,1.1276281372,1.1504714384,1.3923572281
2024-09-20,2024-09-23,2024-09-20,2024-09-20,2024-09-20,2024-09-23,2024-09-20,2024-09-20,2024-09-20,2024-09-20,2024-09-20,2024-09-20,2024-09-22,2024-09-20,2024-09-20,2024-09-20,2024-09-20,2024-09-20,2024-09-20,2024-09-20,2024-09-20,2024-09-20,2024-09-20,22159.42,0.53,267.01,576882809007,787,883,164,23788053286,-31945,-22,-1.214391,-1.314278,-0.194103,-0.364496,-1.1022676424785383,0.0,-0.040000000000000036,0.18000000000000016,0.6956707184216482,0.10933367427119478,1.530283972562807,0.4870609160551931,1.362393683958052,0.15675678978961383,-1.462622689931048,-1.32315835989123,-1.5864958878490043,-0.5040248291661165,2.198069510702516,22285.53,0.56910334,1,1.4258589521,-0.0574850299,0.8912797282,35861458642.0,1.2345819822,-1681.0,-1575.0,1.4157385236,2.337616755,0.0478129093,1.193179182,1.6836565262,1.3948784729
2024-09-23,2024-09-24,2024-09-23,2024-09-23,2024-09-23,2024-09-24,2024-09-23,2024-09-23,2024-09-23,2024-09-23,2024-09-23,2024-09-23,2024-09-23,2024-09-23,2024-09-20,2024-09-23,2024-09-23,2024-09-23,2024-09-23,2024-09-23,2024-09-23,2024-09-23,2024-09-23,22285.53,0.57,267.37,382895555222,877,781,174,11590313001,-35862,-20,0.390621,0.514994,0.280927,0.144577,-1.609902670890473,0.020000000000000018,0.020000000000000018,0.18000000000000016,-0.17505941198043828,0.19856726153522075,1.530283972562807,0.33315308605061933,-0.06277018027065484,0.3658162402611298,0.3889637073857255,0.44136321088545927,0.22413977261246387,0.5129868979884211,1.0753923274423594,22431.78,0.65625543,1,0.9474847849,0.0579010856,1.1229193342,44507216045.0,0.7661706572,-3917.0,-4082.0,2.798535346,2.4167668138,0.5753213843,1.2826159989,2.232440075,1.4001616042
2024-09-24,2024-09-25,2024-09-24,2024-09-24,2024-09-24,2024-09-25,2024-09-24,2024-09-24,2024-09-24,2024-09-24,2024-09-24,2024-09-24,2024-09-24,2024-09-24,2024-09-24,2024-09-24,2024-09-24,2024-09-24,2024-09-24,2024-09-24,2024-09-24,2024-09-24,2024-09-24,22431.78,0.66,266.41,430458640946,657,996,161,10546160099,-31749,332,4.125662,1.312619,0.251118,0.557742,-3.1466330345934046,-0.009999999999999787,-0.07999999999999963,0.25,-0.7296520762731573,-0.5449816016074083,0.5743828956291219,1.1402693211649995,4.129153590251877,4.331163918897918,1.2113660381369185,1.8623130383241149,3.965250753177929,1.0015995688795742,1.0986433847935961,22761.6,1.47032469,1,1.0649279795,-0.2050816697,0.6596385542,57106456063.0,0.6935336106,4113.0,527.0,1.7651656853,2.6622328156,0.8617759257,1.4110891076,2.8581285818,1.4049266674
2024-09-25,2024-09-26,2024-09-25,2024-09-25,2024-09-25,2024-09-26,2024-09-25,2024-09-25,2024-09-25,2024-09-25,2024-09-25,2024-09-25,2024-09-25,2024-09-25,2024-09-25,2024-09-25,2024-09-25,2024-09-25,2024-09-25,2024-09-25,2024-09-25,2024-09-25,2024-09-25,22761.6,1.47,270.18,531818494979,1240,434,153,34739262394,-34290,147,0.208828,0.800118,-0.186125,0.042554,0.12995129072905787,0.04999999999999982,0.03999999999999959,0.26000000000000023,0.5141959081656822,0.5479679259867476,-0.18536381561180537,-1.3436232444576257,0.67650142311797,1.480353544355073,0.4444291956517743,0.8792109463069853,2.1841642505655345,2.3370368728350854,0.3889315653245351,22858.81,0.42707894,1,1.290153602,0.4814814815,2.8571428571,107770488671.0,1.3772237658,-2541.0,-3813.0,2.7174898982,4.9945476788,2.5990534145,1.9045134079,4.2326852189,1.4360958963
2024-09-26,2024-09-27,2024-09-26,2024-09-26,2024-09-26,2024-09-27,2024-09-26,2024-09-26,2024-09-26,2024-09-26,2024-09-26,2024-09-26,2024-09-26,2024-09-26,2024-09-26,2024-09-26,2024-09-26,2024-09-26,2024-09-26,2024-09-26,2024-09-26,2024-09-26,2024-09-26,22858.81,0.43,270.98,531783891882,563,1082,183,21210167525,-37081,254,2.456811,3.467692,0.403868,0.597704,-0.2595714617073419,0.0,0.07000000000000028,0.18999999999999995,-1.264795450138878,-0.3567188038875124,2.786796656801238,2.8983329488937226,4.158483593028817,4.227216512100673,3.574709007137278,2.883441404514575,0.4291140556473172,3.3761270685467304,1.4642160453917752,22822.79,-0.15757601,0,1.2716893546,-0.3155015198,0.5203327172,101873956305.0,0.860608292,-2791.0,-6817.0,2.5724315284,3.702451924,2.1820992318,1.5972939401,4.560973485,1.428895339
2024-09-27,2024-09-30,2024-09-27,2024-09-27,2024-09-27,2024-09-30,2024-09-27,2024-09-27,2024-09-27,2024-09-27,2024-09-27,2024-09-27,2024-09-29,2024-09-27,2024-09-27,2024-09-27,2024-09-27,2024-09-27,2024-09-27,2024-09-27,2024-09-27,2024-09-27,2024-09-27,22822.79,-0.16,270.34,517019038887,1095,568,171,24649457628,-36237,-241,-4.742279,-1.756332,-0.125322,-0.388665,10.344822451218505,-0.040000000000000036,-0.050000000000000266,0.20000000000000018,0.36554889324060813,-0.13921976237804,2.32219674517542,-0.8156267103217485,3.551998086534325,4.466729666936176,-1.5860931845235071,-1.9317511354394856,-2.128345187167735,-1.8747383644790672,-3.0321713782502147,22224.54,-2.62128338,0,1.2243599758,0.3168971738,1.9278169014,102735360647.0,0.8829719622,844.0,-4292.0,1.7431073236,2.9936252844,2.7967939609,0.8425554109,4.2481619658,1.4165299318
2024-09-30,2024-10-01,2024-09-30,2024-09-30,2024-09-30,2024-10-01,2024-09-30,2024-09-30,2024-09-30,2024-09-30,2024-09-30,2024-09-30,2024-09-30,2024-09-30,2024-09-30,2024-09-30,2024-09-30,2024-09-30,2024-09-30,2024-09-30,2024-09-30,2024-09-30,2024-09-30,22224.54,-2.62,268.45,435444105584,523,1156,159,-40340637430,-37202,-116,-2.416139,-0.846616,0.423655,0.384005,-1.3561294495994303,0.06000000000000005,0.11000000000000032,0.1499999999999999,0.015832654460190554,0.35849493817545763,-4.795453125608362,-2.1326302236725714,2.4300678415159593,8.482648927939529,-0.8982277822239926,-0.9243596085191319,0.032949682886807,-0.164286134733016,-0.1100251541606867,22390.39,0.74624717,1,1.0415405536,-0.3770101251,0.4524221453,50804410216.0,-1.100802233,-965.0,-1340.0,-2.3595002109,-0.27367534,-0.195571331,-1.7478588769,1.5256201836,1.5387045443
2024-10-01,2024-10-04,2024-10-01,2024-10-01,2024-10-01,2024-10-04,2024-10-03,2024-10-03,2024-10-03,2024-10-03,2024-10-03,2024-10-03,2024-10-03,2024-10-03,2024-10-03,2024-10-02,2024-10-03,2024-09-30,2024-10-03,2024-10-03,2024-10-03,2024-10-03,2024-10-03,22390.39,0.75,270.28,355642656589,744,910,177,-9307641062,-39479,-291,2.093284,0.510075,-0.168141,-0.037036,8.412699389840173,0.06000000000000005,0.07000000000000028,0.1499999999999999,0.6475584055064321,0.3048756467971536,1.9659381614483884,-1.2177705324611043,-1.4713271645495407,8.482648927939529,0.35659821225966226,0.9202689254442786,3.3655869174209263,1.921396512500495,0.7207287596069367,22302.71,-0.39159657,0,0.8527720611,-0.100362757,0.8175824176,30950609055.0,-0.1464382647,-2277.0,-7730.0,-2.0491880373,-0.1845150051,0.698400277,-0.978417032,2.2469856445,1.5466619204
2024-10-04,2024-10-07,2024-10-04,2024-10-04,2024-10-04,2024-10-07,2024-10-04,2024-10-04,2024-10-04,2024-10-04,2024-10-04,2024-10-04,2024-10-06,2024-10-04,2024-10-04,2024-10-04,2024-10-04,2024-09-30,2024-10-04,2024-10-04,2024-10-04,2024-10-04,2024-10-04,22302.71,-0.39,267.72,464303896816,421,1306,101,-22318869442,-37000,234,0.936042,1.592713,0.897025,1.224262,-6.246953152482426,0.1299999999999999,0.22999999999999998,0.04999999999999982,1.005679869258036,0.5196576040768397,0.21675236822125132,0.31307534146178817,2.8189074534382463,8.482648927939529,1.368658986356186,1.3371515974869297,1.6849814574969368,4.943191581983597,2.7633952044135324,22702.56,1.79283145,1,1.1009498034,-0.5124493341,0.3223583461,-26107522781.0,-0.5203032311,2479.0,-2710.0,-2.2787748562,-2.0160709265,0.9528245477,-0.9642072185,1.7976629321,1.5420267815
2024-10-07,2024-10-08,2024-10-07,2024-10-07,2024-10-07,2024-10-08,2024-10-07,2024-10-07,2024-10-07,2024-10-07,2024-10-07,2024-10-07,2024-10-07,2024-10-07,2024-10-07,2024-10-07,2024-10-07,2024-09-30,2024-10-07,2024-10-07,2024-10-07,2024-10-07,2024-10-07,22702.56,1.79,271.02,435638680063,1222,481,127,1746515126,-42146,-207,1.849189,-0.192824,-0.958602,-1.179573,17.855286145995876,0.050000000000000266,0.06000000000000005,0.040000000000000036,-0.6747083567230305,0.019512556687439897,1.8043379859441933,1.5826658452988474,1.5961307337674313,8.482648927939529,-0.27263496530223197,0.16140500551315995,2.241436993915902,0.0409639126500716,-0.883150794827936,22611.39,-0.40158467,0,1.0474487835,0.4351145038,2.5405405405,-45571175180.0,0.0838046594,-5146.0,-5065.0,2.1508656647,-0.683543894,7.6320536677,0.9514243618,3.2434196677,1.1738385073
2024-10-08,2024-10-09,2024-10-08,2024-10-08,2024-10-08,2024-10-09,2024-10-08,2024-10-08,2024-10-08,2024-10-08,2024-10-08,2024-10-08,2024-10-08,2024-10-08,2024-10-08,2024-10-08,2024-10-08,2024-10-08,2024-10-08,2024-10-08,2024-10-08,2024-10-08,2024-10-08,22611.39,-0.4,269.78,420662226219,412,1290,132,-25130696662,-41090,213,0.834648,1.333519,0.968935,1.445107,-5.388689691892424,0.009999999999999787,-0.010000000000000231,0.06000000000000005,0.1500498127376071,0.009754375015758043,-1.0047589769217602,-0.6136951750242869,-9.406974008054558,5.929788175496631,0.9850311575273274,1.7323354405814007,4.047915846799466,1.0703642849556827,3.227092664721587,22659.08,0.2109114,1,1.0078550492,-0.5158636898,0.319379845,-95351329470.0,-1.0351773227,1056.0,-4853.0,0.9870305966,-0.9262671216,6.7193670293,0.7354079186,2.4970063059,1.1857403124
2024-10-09,2024-10-11,2024-10-09,2024-10-09,2024-10-09,2024-10-11,2024-10-10,2024-10-10,2024-10-10,2024-10-10,2024-10-10,2024-10-10,2024-10-10,2024-10-10,2024-10-10,2024-10-10,2024-10-10,2024-10-10,2024-10-10,2024-10-10,2024-10-10,2024-10-10,2024-10-10,22659.08,0.21,267.95,486178172862,398,1314,118,13320374742,-40450,90,-0.726729,-0.525376,-0.207012,-0.05231,0.3355689970089504,0.03000000000000025,-0.010000000000000231,0.10999999999999988,-0.09929871833751491,0.05828967105399041,0.2620545594609336,0.18500919258543913,2.978790901271,1.0568824614930472,-0.7016772014932449,-0.1959631636138104,1.6283481051608373,-3.999538899427524,-0.13981958112551096,22901.64,1.07047594,1,1.1435240592,-0.535046729,0.302891933,-41690317298.0,0.5348422473,640.0,-3248.0,1.5978775673,1.9552260699,5.7097231235,0.5585263291,2.4290526264,1.1702749148
2024-10-11,2024-10-14,2024-10-11,2024-10-11,2024-10-11,2024-10-14,2024-10-11,2024-10-11,2024-10-11,2024-10-11,2024-10-11,2024-10-11,2024-10-13,2024-10-11,2024-10-11,2024-10-11,2024-10-10,2024-10-11,2024-10-11,2024-10-11,2024-10-11,2024-10-11,2024-10-11,22901.64,1.07,269.45,435225289249,596,1072,160,21988528227,-41849,129,2.707503,0.79336,0.605185,0.333052,-2.2455863060207304,-0.009999999999999787,-0.029999999999999805,0.1299999999999999,-0.20343946585824613,-0.0970953259493923,0.571114956214891,-0.0865664320812809,2.978790901271,-2.7670316876731493,0.8394033035833859,0.8011029231562272,-0.00741377272972521,2.259719137150662,-2.2672231453040315,22975.29,0.32159269,1,1.0131547564,-0.2853717026,0.5559701493,-10394148009.0,0.8313743924,-1399.0,-2370.0,0.876905512,2.2833456675,8.3104589197,1.1758710089,3.1159893238,1.1184768276
2024-10-14,2024-10-15,2024-10-14,2024-10-14,2024-10-14,2024-10-15,2024-10-14,2024-10-14,2024-10-14,2024-10-14,2024-10-14,2024-10-11,2024-10-14,2024-10-14,2024-10-11,2024-10-14,2024-10-14,2024-10-14,2024-10-14,2024-10-14,2024-10-14,2024-10-14,2024-10-14,22975.29,0.32,270.26,379310539289,955,700,171,-1607699802,-39071,155,0.733719,1.804181,0.770767,0.870907,-3.7145569674535084,-0.009999999999999787,-0.029999999999999805,0.1299999999999999,0.06846983628858716,0.3984873792803434,0.571114956214891,1.0158275737681466,-0.7486894144240641,1.9080762484354752,1.843198935760082,1.7881476856264955,2.425819138301799,-1.5605426926632249,0.4573516919742504,23292.04,1.37865507,1,0.8862499311,0.1540785498,1.3642857143,10317021631.0,-0.3334802888,2778.0,-2071.0,1.6093658992,3.0156873313,9.0733134322,0.9016164784,3.0044090262,1.1041774665
2024-10-15,2024-10-16,2024-10-15,2024-10-15,2024-10-15,2024-10-16,2024-10-15,2024-10-15,2024-10-15,2024-10-15,2024-10-15,2024-10-15,2024-10-15,2024-10-15,2024-10-15,2024-10-15,2024-10-15,2024-10-15,2024-10-15,2024-10-15,2024-10-15,2024-10-15,2024-10-15,23292.04,1.38,270.8,501526030159,762,874,194,33428479334,-39049,-358,-2.642943,-5.283301,-0.760947,-1.011202,4.771566448247833,-0.04999999999999982,0.0,0.08000000000000007,0.05909743352694452,-0.03872305357754957,0.7694579934974355,0.38729656111551325,-3.669866213857631,-2.6594560254569743,-5.187657332398466,-5.404162271569302,-4.6860294614964,-5.221761154301929,-3.4721089988607123,23010.98,-1.20667833,0,1.1439152094,-0.0684596577,0.8718535469,41998985839.0,1.2333146877,22.0,3097.0,2.7934055575,2.5965353687,10.7509866388,1.7657898361,3.8978858431,1.1132589603
2024-10-16,2024-10-17,2024-10-16,2024-10-16,2024-10-16,2024-10-17,2024-10-16,2024-10-16,2024-10-16,2024-10-16,2024-10-16,2024-10-16,2024-10-16,2024-10-16,2024-10-16,2024-10-16,2024-10-16,2024-10-16,2024-10-16,2024-10-16,2024-10-16,2024-10-16,2024-10-16,23010.98,-1.21,270.37,482921769403,818,836,172,-34079979432,-32317,114,0.187031,0.206987,0.467915,0.281128,-5.135656479108253,-0.010000000000000675,-0.020000000000000018,0.08999999999999941,-0.11191169434519033,0.31957601668921587,-1.8297166681625288,-0.8767906805946746,-0.15719171564189116,-0.6327791930358928,0.0,0.0647368747931143,3.1306952326026094,-0.32558382841110234,0.47733357033388213,23053.84,0.18625891,1,1.0902116248,-0.0108827086,0.9784688995,33049703069.0,-1.7319000658,6732.0,8773.0,0.4774330572,1.7672067042,6.2703289345,0.1879761611,2.3342852774,1.0231644057
2024-10-17,2024-10-18,2024-10-17,2024-10-17,2024-10-17,2024-10-18,2024-10-17,2024-10-17,2024-10-17,2024-10-17,2024-10-17,2024-10-17,2024-10-17,2024-10-17,2024-10-17,2024-10-17,2024-10-17,2024-10-17,2024-10-17,2024-10-17,2024-10-17,2024-10-17,2024-10-17,23053.84,0.19,271.78,438540864026,1102,545,180,-3916194907,-34416,628,9.793045,0.949409,-0.017116,0.035549,-2.4004050826652468,0.07000000000000028,0.029999999999999805,0.1299999999999999,-0.20848772856875142,0.23168790582945853,-0.6868486704644794,-0.040609668786162345,-1.0240624049581037,-1.1319091080375987,0.7872947226106319,1.7224625508163616,0.8915351047709352,0.07685589792785219,2.6637208799804135,23487.27,1.88007725,1,0.9804871221,0.3381906497,2.0220183486,15813133420.0,-0.336654804,-2099.0,6034.0,0.3418890469,1.7421713503,5.9476600037,0.030728834,2.2306969154,1.0226177712
2024-10-18,2024-10-21,2024-10-18,2024-10-18,2024-10-18,2024-10-21,2024-10-18,2024-10-18,2024-10-18,2024-10-18,2024-10-18,2024-10-18,2024-10-20,2024-10-18,2024-10-18,2024-10-18,2024-10-18,2024-10-18,2024-10-18,2024-10-18,2024-10-18,2024-10-18,2024-10-18,23487.27,1.88,268.69,552675898208,490,1192,151,56620954409,-28759,68,-2.458219,0.073203,0.397155,0.631021,-5.651490786039204,-0.009999999999999787,-0.009999999999999787,0.1299999999999999,-0.08108075314693375,-0.3274621605404482,0.1813323910166087,-0.5932618012137847,3.6107683099818377,3.6167384899825405,0.0916459609255238,-0.027827062449015116,0.7814265547740673,-0.17919921875000355,-0.9034316094731709,23542.53,0.23527639,1,1.203447853,-0.4173602854,0.4110738255,50445559602.0,2.0286895101,5657.0,13090.0,0.838183345,2.5571531122,7.4928329782,1.3960784815,3.7760056435,1.0795132673
2024-10-21,2024-10-22,2024-10-21,2024-10-21,2024-10-21,2024-10-22,2024-10-21,2024-10-21,2024-10-21,2024-10-21,2024-10-21,2024-10-21,2024-10-21,2024-10-21,2024-10-21,2024-10-21,2024-10-21,2024-10-21,2024-10-21,2024-10-21,2024-10-21,2024-10-21,2024-10-21,23542.53,0.24,272.46,416106147278,1125,547,163,21116206203,-33579,86,0.582726,0.126518,-0.182277,0.272905,1.8857467534081795,0.11000000000000032,0.0699999999999994,0.17000000000000082,0.028084610514422792,0.5024681449365298,-0.06964396801066863,0.42793459928180955,-1.5653082361282267,0.25399710979314705,-0.18748165914981296,0.528806751263522,4.1376860245414315,1.2374127464743978,0.055592920037206284,23535.43,-0.03015819,0,0.9054109392,0.3456937799,2.0566727605,73169465607.0,0.5270883621,-4820.0,5492.0,2.3099841902,2.4689133412,8.5968160658,1.1392972356,3.5936443109,1.0475383508
2024-10-22,2024-10-23,2024-10-22,2024-10-22,2024-10-22,2024-10-23,2024-10-22,2024-10-22,2024-10-22,2024-10-22,2024-10-22,2024-10-22,2024-10-22,2024-10-22,2024-10-22,2024-10-22,2024-10-22,2024-10-22,2024-10-22,2024-10-22,2024-10-22,2024-10-22,2024-10-22,23535.43,-0.03,273.55,443975934752,770,907,156,7857295541,-34905,-60,-1.718248,-0.46978,-0.047485,0.214454,-0.9254222565459602,0.009999999999999787,0.010000000000000675,0.16999999999999993,-0.11543711676430535,0.06730092624411821,-1.3930077660513907,-1.3136668968500853,0.1000479543483701,0.573797479293936,-0.37128854755625884,-0.4548306886334341,-0.08350871224681589,-2.412918116444951,-0.33890804585520184,23334.76,-0.85262942,0,0.9631747961,-0.0816935003,0.848952591,47598281814.0,0.0234193012,-1326.0,4144.0,2.0889795366,1.0449492616,6.7720409805,0.8977960654,3.223392524,1.0103353097
2024-10-23,2024-10-24,2024-10-23,2024-10-23,2024-10-23,2024-10-24,2024-10-23,2024-10-23,2024-10-23,2024-10-23,2024-10-23,2024-10-23,2024-10-23,2024-10-23,2024-10-23,2024-10-23,2024-10-23,2024-10-23,2024-10-23,2024-10-23,2024-10-23,2024-10-23,2024-10-23,23334.76,-0.85,274.07,402253585777,801,848,181,-7893276517,-36095,-109,1.199116,-1.143193,-0.919132,-1.631447,5.714280025176999,0.040000000000000036,0.040000000000000036,0.16999999999999993,-0.03123109124840706,0.33627831280136355,-0.7994946235618694,1.1249918918947222,1.2742173712791294,0.3898632952414438,-0.8944267487480007,-1.0648050810815213,-2.8066013525159694,-0.7657814938185514,-3.2723883466339476,23192.52,-0.60956273,0,0.8895104423,-0.0285021225,0.9445754717,73784984729.0,-0.5688728503,-1190.0,-3778.0,-0.6493304671,1.4070674087,5.30401969,-0.2394363656,2.080173416,1.0413429814
2024-10-24,2024-10-25,2024-10-24,2024-10-24,2024-10-24,2024-10-25,2024-10-24,2024-10-24,2024-10-24,2024-10-24,2024-10-24,2024-10-24,2024-10-24,2024-10-24,2024-10-24,2024-10-24,2024-10-24,2024-10-24,2024-10-24,2024-10-24,2024-10-24,2024-10-24,2024-10-24,23192.52,-0.61,270.23,446788584736,404,1287,143,-6685257341,-35511,-3,-1.458731,0.511359,0.214577,0.759657,-0.8316000484173136,-0.03000000000000025,0.0,0.13999999999999968,-0.06311938616798685,-0.3543069477169092,0.10085245853239666,-0.715107863941955,-1.3031276022073879,-1.1169780416544706,0.5574278017386192,0.42167104731571925,0.6090614204537825,0.3466083098578876,-1.2448783768679195,23348.45,0.67232884,1,0.9810608745,-0.5221762271,0.3139083139,71015922295.0,-0.4780129418,584.0,-1095.0,-1.48671362,0.6015483755,4.0698605777,-0.964972055,1.2570511226,1.0556724733
2024-10-25,2024-10-28,2024-10-25,2024-10-25,2024-10-25,2024-10-28,2024-10-25,2024-10-25,2024-10-25,2024-10-25,2024-10-25,2024-10-25,2024-10-24,2024-10-25,2024-10-25,2024-10-25,2024-10-25,2024-10-25,2024-10-25,2024-10-25,2024-10-25,2024-10-25,2024-10-25,23348.45,0.67,270.11,366206432649,861,773,202,17915121943,-37492,75,2.783817,1.070655,-0.029945,0.559959,6.551362709634656,0.040000000000000036,0.040000000000000036,0.13999999999999968,-0.06311938616798685,0.19220121307814697,-0.6013303863863673,0.08678667853334598,0.49064479583553755,0.7022406976472606,1.0030790799319567,1.159725339353379,0.8047785731440493,1.8182959083295147,0.962937751801185,23198.07,-0.64406845,0,0.8098308981,0.0538555692,1.1138421734,32310089829.0,0.5276551829,-1981.0,-8733.0,-0.7944617965,-0.5910435738,4.0864790935,-0.1807895074,1.7342550125,1.056021576
2024-10-28,2024-10-29,2024-10-28,2024-10-28,2024-10-28,2024-10-29,2024-10-28,2024-10-28,2024-10-28,2024-10-28,2024-10-28,2024-10-28,2024-10-28,2024-10-28,2024-10-28,2024-10-28,2024-10-28,2024-10-28,2024-10-28,2024-10-28,2024-10-28,2024-10-28,2024-10-28,23198.07,-0.64,266.99,383392559649,492,1187,150,8006262340,-40342,-154,-4.305943,-0.022256,0.265144,0.262331,-2.6069881388808724,0.03000000000000025,0.009999999999999787,0.16000000000000014,0.25012638112038577,0.05754609376984465,1.824156776184216,1.1287984565649944,0.04472519238709616,0.19563116118137547,0.06098065534099195,-0.6918089632957258,-0.7206366130100728,2.3619039507890127,-0.5664715188087088,22926.59,-1.17026977,0,0.8619828206,-0.4139368672,0.4144903117,19200145966.0,0.1799764992,-2850.0,-6763.0,-0.5857784695,-1.4631392633,1.9175716997,-0.5307298573,0.982992331,1.0296700227
2024-10-29,2024-10-30,2024-10-29,2024-10-29,2024-10-29,2024-10-30,2024-10-29,2024-10-29,2024-10-29,2024-10-29,2024-10-29,2024-10-29,2024-10-29,2024-10-29,2024-10-29,2024-10-29,2024-10-29,2024-10-29,2024-10-29,2024-10-29,2024-10-29,2024-10-29,2024-10-29,22926.59,-1.17,264.37,387831403921,327,1391,109,-29169609759,-40874,76,1.160884,2.312119,0.161413,0.783967,-2.3232277888761477,0.0,-0.009999999999999787,0.16999999999999993,-0.15593671303683054,-0.0383444360087859,0.7722946112806106,0.20556023809326085,0.4940991035067066,-0.9966805235311793,2.4595132624329663,2.273001298220967,0.5194959474407845,3.9582303048599554,4.197186979060552,22820.43,-0.46304313,0,0.8863052749,-0.6193247963,0.2350826743,-17826759334.0,-1.274735824,-532.0,-5969.0,-1.146619686,-2.5869083335,0.2965158729,-1.1788236229,-0.2135021811,1.0626497372
2024-10-30,2024-11-01,2024-10-30,2024-10-30,2024-10-30,2024-11-01,2024-10-31,2024-10-31,2024-10-31,2024-10-31,2024-10-31,2024-10-31,2024-10-31,2024-10-31,2024-10-31,2024-10-31,2024-10-31,2024-10-31,2024-10-31,2024-10-31,2024-10-31,2024-10-31,2024-10-31,22820.43,-0.46,264.22,386147960050,624,1053,154,-2825018675,-38775,-201,-2.025917,-4.011655,-1.86147,-2.755703,13.808350925148428,-0.009999999999999787,0.009999999999999787,0.1200000000000001,-0.42964366675352084,-0.009611027061495747,-0.49937285007715104,-1.4511635927306865,-0.3106406125298111,0.04088207614409978,-3.8798663554027057,-3.590234666888714,-4.722263530923742,-3.048451274047226,-3.889263553513178,22780.08,-0.17681525,0,0.8958546335,-0.2558139535,0.5925925926,-12758501492.0,-0.1184487211,2099.0,-2680.0,-2.2614777426,-2.2041366614,-0.0103405412,-1.1983351064,-0.6750465838,1.0672840222
2024-11-01,2024-11-04,2024-11-01,2024-11-01,2024-11-01,2024-11-04,2024-11-01,2024-11-01,2024-11-01,2024-11-01,2024-11-01,2024-11-01,2024-11-01,2024-11-01,2024-11-01,2024-11-01,2024-11-01,2024-11-01,2024-11-01,2024-11-01,2024-11-01,2024-11-01,2024-11-01,22780.08,-0.18,264.94,464335694752,1165,511,152,-21337281281,-39276,14,1.264828,1.105376,0.409251,0.800046,-5.526773294813014,0.08999999999999986,0.04999999999999982,0.16000000000000014,-0.008469656393517155,0.28851261076947576,-2.629337917799457,-0.5394752048473728,0.9307306060780007,-0.026214572993599194,1.0629558245251802,1.2702778125027514,1.9885503908427138,-1.5339811213403554,-0.5006809696202041,22965.39,0.81347388,1,1.0736502071,0.3902147971,2.2798434442,-27410525432.0,-1.0101079398,-501.0,-3765.0,-1.8018309282,-1.7783319794,2.4996692845,-1.0195386223,-0.9703932729,0.8836826567
2024-11-04,2024-11-05,2024-11-04,2024-11-04,2024-11-04,2024-11-05,2024-11-04,2024-11-04,2024-11-04,2024-11-04,2024-11-04,2024-11-04,2024-11-04,2024-11-04,2024-11-01,2024-11-04,2024-11-04,2024-11-04,2024-11-04,2024-11-04,2024-11-04,2024-11-04,2024-11-04,22965.39,0.81,263.94,362522563455,512,1201,116,-1712738279,-39117,-188,-0.720394,-0.548447,-0.281208,-0.328617,0.45704015221827987,-0.0600000000000005,-0.040000000000000036,0.13999999999999968,0.18830568818823945,-0.3739925145893497,-2.629337917799457,1.8333305004740508,0.297905801648346,1.4071904504227017,-0.5757567603221103,-0.19611674261044154,0.4800658674847469,-0.8106540896211323,-0.21903570992076737,23106.79,0.61570912,1,0.8375687888,-0.4022183304,0.4263114072,-47038385654.0,-0.1361013278,159.0,-1625.0,0.1692358087,-1.6406228251,2.5680660319,0.1189199878,-0.2894336056,0.8861545763
2024-11-05,2024-11-06,2024-11-05,2024-11-05,2024-11-05,2024-11-06,2024-11-05,2024-11-05,2024-11-05,2024-11-05,2024-11-05,2024-11-05,2024-11-05,2024-11-05,2024-11-05,2024-11-05,2024-11-05,2024-11-05,2024-11-05,2024-11-05,2024-11-05,2024-11-05,2024-11-05,23106.79,0.62,263.74,380242628053,885,741,199,9314416880,-41306,113,2.192523,1.685365,1.226564,1.425686,-6.778888999770039,-0.04999999999999982,0.020000000000000462,0.0699999999999994,-0.03382976410999383,-0.45240275624638393,1.1069275098698927,-0.4669844775117893,2.1366269822051365,2.5301934299339024,1.1672963326306185,1.6539047838336263,2.837192593728277,0.6751452653783074,3.1741268156985525,23217.38,0.47860391,1,0.8871236715,0.0885608856,1.1943319838,-45730231114.0,0.3041700543,-2189.0,-964.0,1.2548405091,-0.3934810094,3.6053017772,0.8155984924,0.1496754338,0.8836559553
2024-11-06,2024-11-07,2024-11-06,2024-11-06,2024-11-06,2024-11-07,2024-11-06,2024-11-06,2024-11-06,2024-11-06,2024-11-06,2024-11-06,2024-11-06,2024-11-06,2024-11-06,2024-11-06,2024-11-06,2024-11-06,2024-11-06,2024-11-06,2024-11-06,2024-11-06,2024-11-06,23217.38,0.48,265.09,447573478211,838,816,176,-2007912778,-44625,-78,-1.297504,3.118724,2.529593,2.951872,-20.595409275225197,0.16000000000000014,0.07999999999999918,0.15000000000000036,-0.2810876692411757,1.6147729631722063,2.6141029043489583,-0.518839591090392,-2.2306397736837513,-0.5016612079792759,2.916122667819865,2.617695648144891,4.074045314163532,2.428351230041903,3.248999053235546,23408.82,0.82455471,1,1.0427579146,0.0133010883,1.0269607843,-18568534133.0,-0.2193071992,-3319.0,-3751.0,1.9196596325,1.2683525984,2.2676737778,1.0417175305,0.5168521643,0.8068931212
2024-11-07,2024-11-08,2024-11-07,2024-11-07,2024-11-07,2024-11-08,2024-11-07,2024-11-07,2024-11-07,2024-11-07,2024-11-07,2024-11-07,2024-11-07,2024-11-07,2024-11-07,2024-11-07,2024-11-07,2024-11-07,2024-11-07,2024-11-07,2024-11-07,2024-11-07,2024-11-07,23408.82,0.82,267.58,485037977080,1285,400,147,5435117757,-45946,216,4.124832,2.270517,0.743123,1.506522,-6.5765250054922735,-0.11000000000000032,-0.05999999999999961,0.09999999999999964,1.6098729025626257,-0.5519023902097464,-0.2514185145183756,0.04368514429859971,2.0204074859464294,3.017189786289287,2.084614978525834,2.4371066734342417,2.245727806300457,3.252929718924924,2.3725950623392222,23553.89,0.61972368,1,1.1216315347,0.5252225519,3.2125,-10308397701.0,0.0613850029,-1321.0,-7171.0,1.9308620494,2.5783475596,3.5266739462,1.3557853127,1.1710283259,0.8118472359
2024-11-08,2024-11-11,2024-11-08,2024-11-08,2024-11-08,2024-11-11,2024-11-08,2024-11-08,2024-11-08,2024-11-08,2024-11-08,2024-11-08,2024-11-08,2024-11-08,2024-11-08,2024-11-08,2024-11-08,2024-11-08,2024-11-08,2024-11-08,2024-11-08,2024-11-08,2024-11-08,23553.89,0.62,266.53,498439649074,473,1233,133,-12272057,-42828,-210,0.004968,-0.814966,0.375683,0.089875,-1.7105278430553206,-0.009999999999999787,0.04999999999999982,0.040000000000000036,-0.9296486058043341,0.46885260142930374,0.30207383897125073,-0.13569133277561152,-1.0745322335434682,-1.004664801185906,-0.7464630834850161,-0.6436260617930123,-0.8396023367838512,-1.2481713286328633,-0.09248581209034823,23529.64,-0.10295539,0,1.1509906118,-0.4454865182,0.3836171938,11016611523.0,-0.1747970168,3118.0,-3552.0,1.9349290836,3.3968713016,3.9490129343,1.3050755912,1.6015474876,0.8175767104
2024-11-11,2024-11-12,2024-11-11,2024-11-11,2024-11-11,2024-11-12,2024-11-11,2024-11-11,2024-11-11,2024-11-11,2024-11-11,2024-11-08,2024-11-11,2024-11-11,2024-11-11,2024-11-11,2024-11-11,2024-11-11,2024-11-11,2024-11-11,2024-11-11,2024-11-11,2024-11-11,23529.64,-0.1,265.55,413301636731,777,930,131,-172795792,-51698,-458,-3.553675,-2.535287,0.096906,0.062118,0.20080781451226049,-0.009999999999999787,0.04999999999999982,0.040000000000000036,0.627458984621776,0.514286586216528,0.08341496000581206,-1.1514355410196075,-1.4533819574848672,0.6598379506522978,-2.5025904524802134,-2.240301396096256,-1.6053717385282607,-0.4055362332561985,-2.5756892524830266,22981.77,-2.32842491,0,0.9568129494,-0.0896309315,0.835483871,12556554010.0,-0.1307762956,-8870.0,-12581.0,1.3449407297,2.4569580573,2.7421616967,0.7119540969,1.3596552547,0.794581991
2024-11-12,2024-11-13,2024-11-12,2024-11-12,2024-11-12,2024-11-13,2024-11-12,2024-11-12,2024-11-12,2024-11-12,2024-11-12,2024-11-12,2024-11-12,2024-11-12,2024-11-12,2024-11-12,2024-11-12,2024-11-12,2024-11-12,2024-11-12,2024-11-12,2024-11-12,2024-11-12,22981.77,-2.33,260.46,492245482068,293,1449,101,-47671175170,-49505,-40,-1.174954,-0.926035,-0.289266,-0.089951,-1.7368084451840793,0.1299999999999999,0.08000000000000007,0.08999999999999986,0.4336932611868294,0.4547998136964715,-0.39771632513316835,-1.9390378429264832,-2.8396280645150207,-1.0987282865873804,-1.0905734955850455,-0.6586984486988023,2.0859141497174383,-2.524602013310928,-1.5035506044070113,22860.23,-0.52885396,0,1.1248668973,-0.6636050517,0.2022084196,-44429038040.0,-2.114816616,2193.0,-8199.0,-1.8243123746,-0.5410530844,0.0282042142,-1.5276605408,-1.0018099378,0.9572955733
2024-11-13,2024-11-14,2024-11-13,2024-11-13,2024-11-13,2024-11-14,2024-11-13,2024-11-13,2024-11-13,2024-11-13,2024-11-13,2024-11-13,2024-11-13,2024-11-13,2024-11-13,2024-11-13,2024-11-13,2024-11-13,2024-11-13,2024-11-13,2024-11-13,2024-11-13,2024-11-13,22860.23,-0.53,260.03,439006263248,688,986,170,-42519495291,-44794,19,-2.664651,-2.00347,0.023223,-0.262842,-4.690683742990798,0.010000000000000675,-0.07000000000000028,0.17000000000000082,0.1235439255507842,0.4338867463049123,-1.6619976490730104,-2.637991614780666,-0.11806208134681473,0.6155591531641358,-2.124515028549623,-1.679502786186049,-1.3621883506152788,-3.0146916966183546,-1.4981269840884992,22715.38,-0.63363317,0,1.0104238756,-0.1780167264,0.6977687627,-84940620553.0,-1.6845257805,4711.0,-169.0,-2.944991252,-1.5382872658,-1.8538951504,-1.7477211159,-1.4336941517,0.9096225671
2024-11-14,2024-11-15,2024-11-14,2024-11-14,2024-11-14,2024-11-15,2024-11-14,2024-11-14,2024-11-14,2024-11-14,2024-11-14,2024-11-14,2024-11-14,2024-11-14,2024-11-14,2024-11-14,2024-11-14,2024-11-14,2024-11-14,2024-11-14,2024-11-14,2024-11-14,2024-11-14,22715.38,-0.63,256.17,459173962890,298,1471,70,-25427151819,-47248,16,0.985748,-0.033961,-0.604973,-0.639967,2.068473269502902,-0.010000000000000675,0.07000000000000028,0.08999999999999986,-0.020971256315938103,0.1784323873233129,-0.48025042508407223,0.07364378669059146,-1.9554552166852535,-1.7336882563379952,-0.05952723676788674,0.22210062679157705,0.3349902372753677,-0.3302273537612699,-1.843528583066123,22742.77,0.1205791,1,1.059738354,-0.6630864895,0.2025832767,-115802890129.0,-0.9831082327,-2454.0,-1302.0,-3.4605714325,-2.9623022433,-1.2846041325,-1.7848441352,-1.9957879819,0.8826010641
2024-11-15,2024-11-18,2024-11-15,2024-11-15,2024-11-15,2024-11-18,2024-11-15,2024-11-15,2024-11-15,2024-11-15,2024-11-15,2024-11-15,2024-11-15,2024-11-15,2024-11-15,2024-11-15,2024-11-15,2024-11-15,2024-11-15,2024-11-15,2024-11-15,2024-11-15,2024-11-15,22742.77,0.12,256.45,459038218589,1088,604,143,5128163032,-45184,-212,-1.320958,-3.416863,-1.320349,-2.237487,12.78825238553527,0.0,-0.03000000000000025,0.1200000000000001,0.3986669276656585,0.018753419709693908,0.27821199478283987,-0.08268357454254138,-0.04872810990906862,-1.7523934679230746,-3.2212236997570476,-3.316139886542191,-3.2570175512470656,-2.837800738497276,-3.2515602689014433,22546.54,-0.86282366,0,1.0569251045,0.2860520095,1.8013245033,-110662455040.0,0.3504800985,2064.0,-2356.0,-1.0399547119,-3.4436774563,-1.3493196795,-0.9718209883,-1.8117264527,0.8817978172
2024-11-18,2024-11-19,2024-11-18,2024-11-18,2024-11-18,2024-11-19,2024-11-18,2024-11-18,2024-11-18,2024-11-18,2024-11-18,2024-11-18,2024-11-18,2024-11-18,2024-11-18,2024-11-18,2024-11-18,2024-11-18,2024-11-18,2024-11-18,2024-11-18,2024-11-18,2024-11-18,22546.54,-0.86,251.78,389150882114,427,1285,127,-10703393837,-46583,49,0.790281,1.141598,0.391781,0.597916,-3.469637466662756,-0.009999999999999787,-0.019999999999999574,0.1299999999999999,-0.23173876056459264,-0.38429436004048245,-1.0922018865645367,2.1602392615596377,0.7735349657148394,-0.4648774311148296,1.2925503720273346,0.6626365318244121,-1.2889152599824594,2.9873973029155954,0.5035196854489943,22848.8,1.34060481,1,0.9132027132,-0.5011682243,0.3322957198,-121193053085.0,-0.2507178266,-1399.0,5115.0,-1.3722084161,-4.1781344721,-4.0052760495,-0.9785001215,-2.4608428339,0.7756878056
2024-11-19,2024-11-20,2024-11-19,2024-11-19,2024-11-19,2024-11-20,2024-11-19,2024-11-19,2024-11-19,2024-11-19,2024-11-19,2024-11-19,2024-11-19,2024-11-19,2024-11-19,2024-11-19,2024-11-19,2024-11-19,2024-11-19,2024-11-19,2024-11-19,2024-11-19,2024-11-19,22848.8,1.34,256.29,403373260340,1389,335,118,10652245301,-41369,10,1.168126,0.621632,0.396358,1.041199,4.942236595213734,-0.03000000000000025,-0.020000000000000462,0.1200000000000001,-0.06007286302424086,-0.06586346972922152,0.5064725590518515,0.11663835908932718,0.4447171888007251,0.6710749485376422,0.19164422615245424,1.0929864465637484,4.894756267644507,0.33110684381931765,-0.1931502800545548,22688.36,-0.7021813,0,0.9479940109,0.6113689095,4.1462686567,-62869632614.0,0.9949724238,5214.0,8136.0,0.5873553513,-0.5785890295,-2.9467096357,0.4663289531,-1.0046776555,0.841406041
2024-11-20,2024-11-21,2024-11-20,2024-11-20,2024-11-20,2024-11-21,2024-11-20,2024-11-20,2024-11-20,2024-11-20,2024-11-20,2024-11-20,2024-11-20,2024-11-20,2024-11-20,2024-11-20,2024-11-20,2024-11-20,2024-11-20,2024-11-20,2024-11-20,2024-11-20,2024-11-20,22688.36,-0.7,255.82,438646442498,520,1162,159,-32148813760,-41885,-33,-0.690672,-0.709677,0.002195,-0.112338,4.954125058372449,0.020000000000000462,0.040000000000000036,0.10000000000000053,-0.36001887929690835,0.4425206899110412,-0.1616315646362554,0.41829681404847996,0.21023463023051026,0.22329325661485377,-0.7651034956614122,-0.6716354487838805,-0.7618496422264864,-1.2841619154679074,-1.270036907165839,22555.66,-0.58488141,0,1.031537845,-0.3816884661,0.4475043029,-52498951083.0,-1.3078811296,-516.0,2909.0,-0.2392408664,-0.751829706,-3.5991269333,-0.0881172889,-1.5190899446,0.8494932997
2024-11-21,2024-11-22,2024-11-21,2024-11-21,2024-11-21,2024-11-22,2024-11-21,2024-11-21,2024-11-21,2024-11-21,2024-11-21,2024-11-21,2024-11-21,2024-11-21,2024-11-21,2024-11-21,2024-11-21,2024-11-21,2024-11-21,2024-11-21,2024-11-21,2024-11-21,2024-11-21,22555.66,-0.58,257.95,408552295744,998,630,213,-26352251633,-43707,226,1.52899,1.613345,0.534046,0.033108,-1.6899709251596895,0.019999999999999574,0.03000000000000025,0.08999999999999986,0.45165552347810056,0.2718418772944764,-0.850451289488019,-0.06688002706674023,-0.5272790618264578,0.08856580484013499,1.5843143297535223,1.4678044511953647,0.5346485588869188,-0.07994230048856688,0.4226661203101001,22904.32,1.54577609,1,0.9600562606,0.226044226,1.5841269841,-53424050897.0,-0.9125910812,-1822.0,3541.0,0.0404496654,-0.703135937,-3.3387958565,-0.5325618773,-1.9292608696,0.8408452671
2024-11-22,2024-11-25,2024-11-22,2024-11-22,2024-11-22,2024-11-25,2024-11-22,2024-11-22,2024-11-22,2024-11-22,2024-11-22,2024-11-22,2024-11-22,2024-11-22,2024-11-22,2024-11-22,2024-11-22,2024-11-22,2024-11-22,2024-11-22,2024-11-22,2024-11-22,2024-11-22,22904.32,1.55,259.58,409195363109,1159,504,172,8040908897,-38202,20,-0.60657,-0.14608,0.346796,0.16461,-9.66212796103989,-0.019999999999999574,0.03000000000000025,0.040000000000000036,0.10408579018676978,0.4861144593179212,0.677637728949021,0.8308416972913069,-1.893457481280958,-3.098290330218656,0.04164954513512509,-0.6013860014719374,-3.2181095518023284,0.6255004552998766,0.17688988765049984,22948.37,0.1923218,1,0.9658335015,0.3938665063,2.2996031746,-50511305032.0,0.9030900789,5505.0,6982.0,0.2429886909,0.7103356363,-1.2426420242,0.8612720673,-0.3508727965,0.9121948139
2024-11-25,2024-11-26,2024-11-25,2024-11-25,2024-11-25,2024-11-26,2024-11-25,2024-11-25,2024-11-25,2024-11-25,2024-11-25,2024-11-25,2024-11-25,2024-11-25,2024-11-25,2024-11-25,2024-11-25,2024-11-25,2024-11-25,2024-11-25,2024-11-25,2024-11-25,2024-11-25,22948.37,0.19,261.8,558402404444,1313,392,135,5215840041,-46343,-207,-2.630471,0.648132,0.302048,0.269366,-4.199471123755016,-0.14000000000000057,-0.16000000000000014,0.05999999999999961,0.194435698150075,-0.623312105554652,1.296340473188251,1.323347531043928,-0.4107154918190581,-0.4555413897530114,0.9760839284933986,-0.392441940250321,-4.177522228438968,2.009395487280896,0.35925933874987326,22678.76,-1.17485468,0,1.2887780464,0.5401759531,3.3494897959,-34592071154.0,0.8174929885,-8141.0,240.0,1.1460061459,1.7822246784,-1.7135184563,0.698877911,-0.0722578969,0.898872388
2024-11-26,2024-11-27,2024-11-26,2024-11-26,2024-11-26,2024-11-27,2024-11-26,2024-11-26,2024-11-26,2024-11-26,2024-11-26,2024-11-26,2024-11-26,2024-11-26,2024-11-26,2024-11-26,2024-11-26,2024-11-26,2024-11-26,2024-11-26,2024-11-26,2024-11-26,2024-11-26,22678.76,-1.17,259.72,369376563101,573,1071,193,-29254619095,-48462,17,-0.669984,-1.210121,0.572201,0.626932,-3.42465744476691,0.03000000000000025,0.0,0.08999999999999986,-0.7261611146034852,0.17787159890383375,-0.8719427509811917,-0.5516221179449388,0.04286454264001982,-0.20556057860734445,-1.2965007544809892,-0.9193160385363663,0.6616628938502345,-2.416214514369841,-0.04853890759591861,22334.78,-1.51674959,0,0.853892491,-0.302919708,0.5350140056,-74498935550.0,-0.9912500886,-2119.0,-7093.0,0.5457610196,-0.7441966318,-2.2385914001,-0.3354589526,-1.1344806531,0.9225888744
2024-11-27,2024-11-28,2024-11-27,2024-11-27,2024-11-27,2024-11-28,2024-11-27,2024-11-27,2024-11-27,2024-11-27,2024-11-27,2024-11-27,2024-11-27,2024-11-27,2024-11-27,2024-11-27,2024-11-27,2024-11-27,2024-11-27,2024-11-27,2024-11-27,2024-11-27,2024-11-27,22334.78,-1.52,255.4,422831358034,206,1535,97,-41060965873,-45338,-84,-1.441468,-1.512925,-0.380124,-0.593609,0.0,-0.04999999999999982,-0.019999999999999574,0.05999999999999961,0.22577646053867362,-0.8690779241288471,-0.7986869829873622,-0.6864117860451935,2.3170678249983867,1.7410670492544078,-1.3413782458036927,-1.3130636206562074,-1.153959868670995,-1.0746410938286988,-3.0775811309713297,22298.9,-0.16064631,0,0.9735262267,-0.763354394,0.1342019544,-83411087663.0,-1.5479232846,3124.0,-3453.0,-2.486605147,-1.5584202648,-2.5813258753,-1.5411398981,-2.5082621079,0.9453295206
2024-11-28,2024-11-29,2024-11-28,2024-11-28,2024-11-28,2024-11-29,2024-11-27,2024-11-27,2024-11-27,2024-11-27,2024-11-27,2024-11-27,2024-11-28,2024-11-27,2024-11-28,2024-11-28,2024-11-28,2024-11-28,2024-11-27,2024-11-27,2024-11-27,2024-11-27,2024-11-27,22298.9,-0.16,252.82,378970141068,398,1283,145,-9885475810,-47260,-53,-1.441468,-1.512925,-0.380124,-0.593609,0.0,-0.04999999999999982,-0.019999999999999574,0.05999999999999961,0.030242115860379393,-0.8690779241288471,0.5614003387638844,0.06431580719459262,-1.2047561359927017,-0.882765210736125,-1.3413782458036927,-1.3130636206562074,-1.153959868670995,-1.0746410938286988,-3.0775811309713297,22262.5,-0.16323675,0,0.8732618174,-0.5264723379,0.3102104443,-66944311840.0,0.1305144812,-1922.0,-3553.0,-2.830135648,-1.1383395565,-2.2853644739,-1.4762763053,-2.553961603,0.9422341844
2024-11-29,2024-12-02,2024-11-29,2024-11-29,2024-11-29,2024-12-02,2024-11-29,2024-11-29,2024-11-29,2024-11-29,2024-11-29,2024-11-29,2024-11-29,2024-11-29,2024-11-29,2024-11-29,2024-11-29,2024-11-29,2024-11-29,2024-11-29,2024-11-29,2024-11-29,2024-11-29,22262.5,-0.16,256.72,369756510593,1166,470,197,-26465086897,-44859,241,1.915117,1.51556,0.560779,0.827311,-4.184398132097011,-0.07000000000000028,-0.0600000000000005,0.04999999999999982,0.24526484448965657,-0.32051655487963515,-0.3677465599455032,-1.9467638965027012,0.29250039633379465,1.1369776695384193,1.3360916308383652,1.6285434975078728,2.1501431512117364,0.6899494603032297,1.5093653721717892,22736.93,2.13107243,1,0.8614176533,0.4254278729,2.4808510638,-101450307634.0,-0.7369705252,2401.0,-6657.0,-1.8354619036,-2.802178803,-2.2720727934,-1.0760525975,-2.6028819266,0.9421914608
2024-12-02,2024-12-03,2024-12-02,2024-12-02,2024-12-02,2024-12-03,2024-12-02,2024-12-02,2024-12-02,2024-12-02,2024-12-02,2024-12-02,2024-12-02,2024-12-02,2024-12-02,2024-12-02,2024-12-02,2024-12-02,2024-12-02,2024-12-02,2024-12-02,2024-12-02,2024-12-02,22736.93,2.13,257.84,392724270657,832,829,178,15038976308,-37509,280,5.274553,2.613584,0.244846,0.966686,-1.2583277084667777,0.010000000000000675,0.040000000000000036,0.020000000000000462,-0.170188817196526,0.6714574416649688,0.7982308202545862,-0.058224108041360356,0.6521943736319535,0.7927784972639795,2.6276712267825797,2.370623267922989,0.27486790800181904,3.5573736283440294,2.7332136141008156,23027.46,1.27778904,1,0.9117179396,0.0018061409,1.0036188179,-91627171367.0,1.3622916807,7350.0,8834.0,1.8005550088,-0.9213726291,-0.9948013075,1.2222928885,-0.4775424981,1.0449481671
2024-12-03,2024-12-04,2024-12-03,2024-12-03,2024-12-03,2024-12-04,2024-12-03,2024-12-03,2024-12-03,2024-12-03,2024-12-03,2024-12-03,2024-12-03,2024-12-03,2024-12-03,2024-12-03,2024-12-03,2024-12-03,2024-12-03,2024-12-03,2024-12-03,2024-12-03,2024-12-03,23027.46,1.28,259.11,445018153137,1136,517,189,28605096693,-38835,55,2.309674,-0.38494,0.045145,0.396625,-0.2998497855734139,0.040000000000000036,0.0,0.0600000000000005,0.4701136177487131,-0.07514720897460192,1.9106262056469703,1.8586469456062682,1.0027025655391153,0.10791309955811013,-0.5654573481430836,0.2218917426846101,1.1757841496155885,-0.05631552332083789,0.9849254962176479,23255.33,0.98955768,1,1.0254093857,0.3744706594,2.1972920696,-33767455579.0,1.8673971128,-1326.0,9627.0,3.2672463664,1.5375620184,-0.3433189984,2.1984000258,0.8116473543,1.0753838325
2024-12-04,2024-12-05,2024-12-04,2024-12-04,2024-12-04,2024-12-05,2024-12-04,2024-12-04,2024-12-04,2024-12-04,2024-12-04,2024-12-04,2024-12-04,2024-12-04,2024-12-04,2024-12-04,2024-12-04,2024-12-04,2024-12-04,2024-12-04,2024-12-04,2024-12-04,2024-12-04,23255.33,0.99,262.6,445729133483,1072,581,185,25859900365,-38787,31,0.905024,1.706162,0.605142,1.304913,1.127816664504766,-0.040000000000000036,-0.040000000000000036,0.0600000000000005,-0.39120209053116195,-0.028209464996342692,0.07014535056153459,-1.4439460920021796,-0.01954478069292609,-0.5397375575780461,1.3238722962697125,1.6947132859263858,3.479256433718647,1.4156992718060257,1.433246357173834,23267.94,0.05422413,1,1.0272659046,0.2970356927,1.8450946644,33153410659.0,1.5666395767,48.0,6551.0,4.459651881,4.1215986905,0.1634551358,2.3732201267,1.800780123,1.0926522211
2024-12-05,2024-12-06,2024-12-05,2024-12-05,2024-12-05,2024-12-06,2024-12-05,2024-12-05,2024-12-05,2024-12-05,2024-12-05,2024-12-05,2024-12-05,2024-12-05,2024-12-05,2024-12-05,2024-12-05,2024-12-05,2024-12-05,2024-12-05,2024-12-05,2024-12-05,2024-12-05,23267.94,0.05,263.39,480428550133,645,1024,172,4604695924,-38208,94,1.798794,-1.862823,-0.186978,-0.176636,0.6691461253842901,-0.020000000000000462,0.020000000000000462,0.019999999999999574,-0.4651336042930887,-0.5924367830671962,0.30351805652966135,-0.898940841872975,-0.921979711400911,-0.2282110073223098,-1.8902688087251374,-1.7139697373094065,-0.05512045706980162,-1.8265190516555396,-0.052765208242755435,23193.27,-0.32091367,0,1.1078256181,-0.2270820851,0.6298828125,47643582393.0,0.6244248236,579.0,9052.0,2.3354516199,4.3456852132,-0.6018244405,1.5622326499,1.8873979769,1.0768690042
2024-12-06,2024-12-09,2024-12-06,2024-12-06,2024-12-06,2024-12-09,2024-12-06,2024-12-06,2024-12-06,2024-12-06,2024-12-06,2024-12-06,2024-12-06,2024-12-06,2024-12-06,2024-12-06,2024-12-06,2024-12-06,2024-12-06,2024-12-06,2024-12-06,2024-12-06,2024-12-06,23193.27,-0.32,261.52,438457593168,802,833,205,2002383857,-36183,72,-0.626529,0.694929,0.249545,0.809684,-5.6868501200791455,-0.019999999999999574,-0.05000000000000071,0.05000000000000071,0.03032821885522452,0.2459579401024259,-0.7727504478311609,-0.5606480741801145,1.5613665377093966,1.3145128259753447,0.60409471301206,0.12484798823346743,-1.8061458439837752,-1.9595389505523864,5.314716662003183,23273.25,0.34484141,1,1.0180850497,-0.0189602446,0.962785114,76111053147.0,0.503091426,2025.0,8676.0,0.7200533624,4.1808871421,-1.5310422185,0.4203464589,1.6406782882,1.0682172181
2024-12-09,2024-12-10,2024-12-09,2024-12-09,2024-12-09,2024-12-10,2024-12-09,2024-12-09,2024-12-09,2024-12-09,2024-12-09,2024-12-09,2024-12-09,2024-12-09,2024-12-09,2024-12-09,2024-12-09,2024-12-09,2024-12-09,2024-12-09,2024-12-09,2024-12-09,2024-12-09,23273.25,0.34,260.47,431379329678,500,1183,152,4205394246,-37578,-31,-1.896368,-0.838914,-0.614421,-0.619746,11.119804790267839,0.04999999999999982,0.03000000000000025,0.07000000000000028,0.20171769247800952,0.1698596801946728,0.17734982522827902,-2.7831706489902297,2.7597119939752224,-0.16535597528348767,-0.4821896691828198,-1.0216778407533877,-2.548444833329544,-5.570388501837686,-0.32863384498539316,23125.08,-0.63665367,0,0.9995516881,-0.4058229352,0.4226542688,65277471085.0,0.588361136,-1395.0,-69.0,0.0770576036,2.3588056963,-1.0896469304,0.3008173354,2.0485076207,1.0720075993
2024-12-10,2024-12-11,2024-12-10,2024-12-10,2024-12-10,2024-12-11,2024-12-10,2024-12-10,2024-12-10,2024-12-10,2024-12-10,2024-12-10,2024-12-10,2024-12-10,2024-12-10,2024-12-10,2024-12-10,2024-12-10,2024-12-10,2024-12-10,2024-12-10,2024-12-10,2024-12-10,23125.08,-0.64,258.21,405062631723,555,1125,156,-7014665903,-37390,-228,-3.630063,-2.473473,-0.296388,-0.250545,-0.07046705780979767,0.019999999999999574,0.020000000000000462,0.0699999999999994,-0.05310753893845721,0.23551577617175745,0.528793363210367,2.425675379379899,-0.5036254256835071,0.7328705586379325,-2.3769240968547045,-2.515545274581299,-2.6943233917976928,-2.3916843968819657,-3.9845785098539976,22903.63,-0.95761831,0,0.9481499858,-0.3392857143,0.4933333333,29657708489.0,0.002845225,188.0,1445.0,-0.6139778597,0.4239286487,0.6235812124,-0.4215394635,1.3669632906,0.9484338009
2024-12-11,2024-12-12,2024-12-11,2024-12-11,2024-12-11,2024-12-12,2024-12-11,2024-12-11,2024-12-11,2024-12-11,2024-12-11,2024-12-11,2024-12-11,2024-12-11,2024-12-11,2024-12-11,2024-12-11,2024-12-11,2024-12-11,2024-12-11,2024-12-11,2024-12-11,2024-12-11,22903.63,-0.96,257.78,400888014707,611,1050,181,-17643684965,-39968,197,1.385852,2.71926,0.816579,1.765867,-4.2313143057600815,0.040000000000000036,0.0,0.10999999999999943,0.472647811741278,0.29135108472564397,0.011817703733840723,1.0203289290534823,-0.7691712242322235,-0.17043113584320757,2.5143957171080533,2.447054776430879,3.139105652224794,1.8866416729433677,6.6294159545424725,23046.8,0.62509742,1,0.9425833669,-0.2642986153,0.5819047619,-13845876841.0,-0.6101540822,-2578.0,-1181.0,-1.2488105386,-1.5123414718,0.1898493585,-1.0754888623,0.3867058837,0.9656393613
2024-12-12,2024-12-13,2024-12-12,2024-12-12,2024-12-12,2024-12-13,2024-12-12,2024-12-12,2024-12-12,2024-12-12,2024-12-12,2024-12-12,2024-12-12,2024-12-12,2024-12-12,2024-12-12,2024-12-12,2024-12-12,2024-12-12,2024-12-12,2024-12-12,2024-12-12,2024-12-12,23046.8,0.63,257.38,426517765545,631,993,212,-1720523768,-39415,-208,-1.613566,-0.907154,-0.541402,-0.659104,2.503683022813319,0.0600000000000005,0.02999999999999936,0.14000000000000057,-0.1168319802240636,0.2342798258315959,1.211285595385636,1.6216968308627733,1.2006915915346195,0.9945252391810877,-0.7764670363046844,-0.9684658729654072,-1.4141133122011151,0.3457642936112393,-1.3864592404171372,23020.48,-0.11420241,0,1.0067099117,-0.2229064039,0.635448137,-20171096533.0,0.1551803539,553.0,-1207.0,-0.9730054891,-0.9504064391,1.4590114715,-0.2665956276,0.9409064416,0.9623838819
2024-12-13,2024-12-16,2024-12-13,2024-12-13,2024-12-13,2024-12-16,2024-12-13,2024-12-13,2024-12-13,2024-12-13,2024-12-13,2024-12-13,2024-12-13,2024-12-13,2024-12-13,2024-12-13,2024-12-13,2024-12-13,2024-12-13,2024-12-13,2024-12-13,2024-12-13,2024-12-13,23020.48,-0.11,255.29,419724002480,306,1439,102,-4033620876,-42161,164,4.97754,3.363779,-0.002647,0.119987,-0.790227414327227,0.08000000000000007,0.07000000000000028,0.15000000000000036,-0.06095614844506825,0.03739801408912946,-0.9503322099559064,0.49714933876698897,-2.087608406929231,-2.366142940533078,2.7895403265327356,2.5146938812361297,-2.249888175538073,-2.825422870563643,24.432635057510588,23039.9,0.08435967,1,0.995292418,-0.6492836676,0.212647672,-26207101266.0,0.0571428649,-2746.0,-5978.0,-0.4523227595,-0.7450005972,1.2210913622,-0.2312921538,0.7643486185,0.9632130724
2024-12-16,2024-12-17,2024-12-16,2024-12-16,2024-12-16,2024-12-17,2024-12-16,2024-12-16,2024-12-16,2024-12-16,2024-12-16,2024-12-16,2024-12-16,2024-12-16,2024-12-16,2024-12-16,2024-12-16,2024-12-16,2024-12-16,2024-12-16,2024-12-16,2024-12-16,2024-12-16,23039.9,0.08,250.1,481545171432,307,1428,106,15162776576,-41070,147,0.611969,2.063783,0.379935,1.240394,6.372187791657047,-0.010000000000000675,0.0,0.13999999999999968,0.09948574552680611,-0.13084055107330794,-0.032817279307018055,-0.2200873263290104,-0.8800154519071568,-0.5425595604800826,1.8540077622340334,1.507072196901671,-1.6759776536312887,-0.173352150622319,11.209962903087757,23018.01,-0.09500909,0,1.1295155395,-0.6461095101,0.2149859944,-15249718936.0,0.9897608464,1091.0,-3492.0,0.5949711902,-1.0026532607,2.1881849721,0.0552477598,0.7405776325,0.9394048874
2024-12-17,2024-12-18,2024-12-17,2024-12-17,2024-12-17,2024-12-18,2024-12-17,2024-12-17,2024-12-17,2024-12-17,2024-12-17,2024-12-17,2024-12-17,2024-12-17,2024-12-17,2024-12-17,2024-12-17,2024-12-17,2024-12-17,2024-12-17,2024-12-17,2024-12-17,2024-12-17,23018.01,-0.1,253.83,460715872096,1056,600,178,3431441524,-39762,-69,-0.771436,-1.641344,-0.386399,-0.321356,8.032677596203118,0.010000000000000675,0.0,0.15000000000000036,-0.2501633362811728,0.09357895709332098,-0.23521161075552577,-1.2920972325065838,-0.47995661890714025,0.260489722925894,-1.5696479449073486,-1.2991088987691302,-1.219697432084521,-1.318182781717303,-3.9080017089843766,23168.67,0.65453095,1,1.0734391467,0.2753623188,1.76,-4803611509.0,0.4009587428,1308.0,-2372.0,-0.1249197286,-0.4630038037,0.7405640559,0.0532301383,0.6076471088,0.8967143407
2024-12-18,2024-12-19,2024-12-18,2024-12-18,2024-12-18,2024-12-19,2024-12-18,2024-12-18,2024-12-18,2024-12-18,2024-12-18,2024-12-18,2024-12-18,2024-12-18,2024-12-18,2024-12-18,2024-12-18,2024-12-18,2024-12-18,2024-12-18,2024-12-18,2024-12-18,2024-12-18,23168.67,0.65,255.12,461301586656,956,668,212,10424341480,-34718,-481,-2.541616,-3.845612,-2.949285,-3.562429,74.03907396600702,0.09999999999999964,0.09999999999999964,0.15000000000000036,0.03948023999278405,1.00037369482322,-0.7188392036881042,1.124216866104999,0.8328239139154814,0.5063669358189582,-3.6985746012825893,-3.188510564342595,-1.1350530979882478,-2.8875324571185246,-6.914207595120669,22932.25,-1.02042974,0,1.0719746123,0.1773399015,1.4311377246,23264414936.0,0.6899677595,5044.0,5250.0,0.6437311472,1.1571964793,2.1169886232,0.4765995344,1.1599702083,0.8892204269
2024-12-19,2024-12-20,2024-12-19,2024-12-19,2024-12-19,2024-12-20,2024-12-19,2024-12-19,2024-12-19,2024-12-19,2024-12-19,2024-12-19,2024-12-19,2024-12-19,2024-12-19,2024-12-19,2024-12-19,2024-12-19,2024-12-19,2024-12-19,2024-12-19,2024-12-19,2024-12-19,22932.25,-1.02,254.73,462511711905,438,1272,123,-33299867299,-38603,-44,-0.470443,-1.559245,-0.086511,-0.102719,-12.780595870334821,0.07000000000000028,-0.02999999999999936,0.25,0.7653556048109023,0.35175866620977825,-0.6860825845849017,-1.9521580939886873,-0.5640249148284537,0.09056742975233067,-1.6791108950685918,-1.2893137341015937,1.3730424043049805,-2.083853333645014,-2.37008671348522,22510.25,-1.84020321,0,1.0680902547,-0.4877192982,0.3443396226,-8314928595.0,-1.662641818,-3885.0,812.0,-0.4672329307,-0.4970321259,1.6696031063,-0.4497856429,0.0454523017,0.9110073571
2024-12-20,2024-12-23,2024-12-20,2024-12-20,2024-12-20,2024-12-23,2024-12-20,2024-12-20,2024-12-20,2024-12-20,2024-12-20,2024-12-20,2024-12-20,2024-12-20,2024-12-20,2024-12-20,2024-12-20,2024-12-20,2024-12-20,2024-12-20,2024-12-20,2024-12-20,2024-12-20,22510.25,-1.84,252.39,541109950401,525,1165,158,-48677001842,-36563,262,1.32039,1.459903,1.086912,1.0315,-23.785801186974165,-0.05000000000000071,-0.020000000000000462,0.21999999999999975,-0.14688883539788478,-0.7287158830744156,-0.28773355329502204,-1.3046364299760804,-0.16104559497730486,-0.4491230649547484,1.3445327579859834,1.6075738582385757,3.076220154400078,0.27759239458191587,1.1313603330206812,23104.54,2.64008618,1,1.2308512563,-0.3786982249,0.4506437768,-52958309561.0,-2.0731815081,2040.0,5598.0,-2.2059248389,-2.2164177289,-1.7205051274,-1.8469058965,-1.7110986368,0.9383836644
2024-12-23,2024-12-24,2024-12-23,2024-12-23,2024-12-23,2024-12-24,2024-12-23,2024-12-23,2024-12-23,2024-12-23,2024-12-23,2024-12-23,2024-12-23,2024-12-23,2024-12-23,2024-12-23,2024-12-23,2024-12-23,2024-12-23,2024-12-23,2024-12-23,2024-12-23,2024-12-23,23104.54,2.64,254.18,410563975515,1362,352,136,39427819503,-32946,211,5.146795,3.098542,0.728727,0.9824,-8.605663786390261,0.07000000000000028,0.0,0.29000000000000004,-0.042905113412716744,0.3902603217120326,1.1871288613708675,1.5747814803463767,0.8236606563653881,0.14843340291097462,3.0257889295152163,2.682211003566337,3.6896817619177957,4.521432288435023,5.235750336928358,23120.24,0.06795201,1,0.9498725031,0.5892648775,3.8693181818,-28693266634.0,1.8642519899,3617.0,8124.0,-0.276796208,0.2805567732,0.6805276366,0.6876618312,0.8494283692,1.1101316781
2024-12-24,2024-12-25,2024-12-24,2024-12-24,2024-12-24,2024-12-25,2024-12-24,2024-12-24,2024-12-24,2024-12-24,2024-12-24,2024-12-24,2024-12-24,2024-12-24,2024-12-24,2024-12-24,2024-12-24,2024-12-24,2024-12-24,2024-12-24,2024-12-24,2024-12-24,2024-12-24,23120.24,0.07,255.3,417678964617,810,841,202,14252231871,-36050,151,-0.49672,1.07077,1.104276,1.347086,-14.958284422952605,0.0,-0.009999999999999787,0.2999999999999998,-0.024526060488960777,0.20362941395672962,-0.31788565392986134,-0.06101491101250245,1.0821143040637082,1.2741573729682987,1.030181955469045,0.8626891445122853,0.3937875413247527,1.3563422649296886,3.1547176155442003,23220.13,0.43204569,1,0.9609641407,-0.0187764991,0.9631391201,-17872476287.0,0.6914080516,-3104.0,3712.0,0.8197625615,0.4441304874,1.9466672781,0.6663853959,0.8208155146,1.0746022148
2024-12-25,2024-12-26,2024-12-25,2024-12-25,2024-12-25,2024-12-26,2024-12-24,2024-12-24,2024-12-24,2024-12-24,2024-12-24,2024-12-24,2024-12-25,2024-12-24,2024-12-25,2024-12-24,2024-12-24,2024-12-25,2024-12-24,2024-12-24,2024-12-24,2024-12-24,2024-12-24,23220.13,0.43,256.41,383019704867,1087,548,207,11115777484,-36873,1,-0.49672,1.07077,1.104276,1.347086,-14.958284422952605,0.0,-0.009999999999999787,0.2999999999999998,0.018390283940372676,0.20362941395672962,0.23971739844381723,-0.06101491101250245,1.0821143040637082,0.04869709828785318,1.030181955469045,0.8626891445122853,0.3937875413247527,1.3563422649296886,3.1547176155442003,23246.94,0.11546016,1,0.8852771159,0.3296636086,1.9835766423,-17181040283.0,0.4745075195,-823.0,-2155.0,3.1535855888,0.2221102895,3.963996959,1.0560251989,1.0613207239,1.009785577
2024-12-26,2024-12-27,2024-12-26,2024-12-26,2024-12-26,2024-12-27,2024-12-26,2024-12-26,2024-12-26,2024-12-26,2024-12-26,2024-12-26,2024-12-26,2024-12-26,2024-12-26,2024-12-26,2024-12-24,2024-12-26,2024-12-26,2024-12-26,2024-12-26,2024-12-26,2024-12-26,23246.94,0.12,257.18,399360626850,912,710,223,3458815716,-38683,-71,-1.584842,0.033826,-0.040566,-0.053774,3.2235393813347057,-0.009999999999999787,0.009999999999999787,0.28000000000000025,0.2879211150416561,-0.12008579368851802,1.118385128261945,-0.444581383042042,1.0821143040637082,0.04641920375567654,-0.031309178134075744,-0.17504175118479015,-0.20682394979116836,-0.9739514989443365,2.369829818149971,23275.68,0.12362917,1,0.9208760598,0.1245376079,1.2845070423,19577642732.0,0.0739042421,-1810.0,-80.0,0.6163290851,1.3722595908,4.2515101642,0.8963378272,0.9696972856,1.0066481717
2024-12-27,2024-12-30,2024-12-27,2024-12-27,2024-12-27,2024-12-30,2024-12-27,2024-12-27,2024-12-27,2024-12-27,2024-12-27,2024-12-27,2024-12-27,2024-12-27,2024-12-27,2024-12-27,2024-12-27,2024-12-27,2024-12-27,2024-12-27,2024-12-27,2024-12-27,2024-12-27,23275.68,0.12,256.1,371465102544,550,1104,189,5475499214,-36465,-158,-0.704222,-1.011337,-1.105574,-1.490133,8.282418906603617,0.040000000000000036,0.009999999999999787,0.3100000000000005,0.041578320025936755,-0.12022311728474566,1.802215190342027,-1.0248265461727635,-0.038949210928640454,-0.16175507346664064,-0.8455238222922046,-1.0082488555147706,-2.086756465221129,0.10395401035538931,-1.4713077116772943,23190.2,-0.36725028,0,0.8563837425,-0.3349455865,0.4981884058,73730143788.0,0.0993601503,2218.0,98.0,0.6723113601,3.4003620573,4.5510612016,0.3542974486,0.8725753747,1.003216783
2024-12-30,2024-12-31,2024-12-30,2024-12-30,2024-12-30,2024-12-31,2024-12-30,2024-12-30,2024-12-30,2024-12-30,2024-12-30,2024-12-30,2024-12-30,2024-12-30,2024-12-30,2024-12-30,2024-12-30,2024-12-30,2024-12-30,2024-12-30,2024-12-30,2024-12-30,2024-12-30,23190.2,-0.37,254.32,326789580992,527,1154,162,-6485892249,-39253,-125,-0.614991,-1.882901,-1.0702,-1.192779,9.090908003791021,-0.07000000000000028,-0.0699999999999994,0.3099999999999996,0.26587407296438936,0.1203678272388542,-0.9598062524770912,-0.21956483380910496,-0.24410099786940087,0.4526471641419061,-1.9671542241283646,-1.505632176437799,0.3503474239641591,-2.1966610323273295,-2.552222613834665,23035.1,-0.668817,0,0.7591576959,-0.3729922665,0.4566724437,27816432036.0,-0.4593098561,-2788.0,-6307.0,-0.1288967805,0.3707496449,1.9935409046,-0.0880544516,0.4035047405,0.9096246582
2024-12-31,2025-01-02,2024-12-31,2024-12-31,2024-12-31,2025-01-02,2024-12-31,2024-12-31,2024-12-31,2024-12-31,2024-12-31,2024-12-31,2024-12-31,2024-12-31,2024-12-30,2024-12-30,2024-12-31,2024-12-31,2024-12-31,2024-12-31,2024-12-31,2024-12-31,2024-12-31,23035.1,-0.67,255.84,315765915338,744,945,153,-18450459113,-41764,-58,-1.447175,-0.926679,-0.42848,-0.903176,-0.2873519434293592,0.03000000000000025,0.009999999999999787,0.33000000000000007,-0.14782773801352844,0.3329331540699476,-0.9598062524770912,-0.21956483380910496,0.0924550104095978,-1.6038843209163045,-0.8238187114272821,-1.0177411329572728,-2.32745078127905,-1.3476000432689594,-1.587573420534305,22832.06,-0.88143746,0,0.7447295989,-0.1190053286,0.7873015873,-4886258948.0,-0.9762190162,-2511.0,-5714.0,-0.9112597185,-0.3682487725,0.0331777799,-0.683420994,-0.2696604025,0.8824375868
2025-01-02,2025-01-03,2025-01-02,2025-01-02,2025-01-02,2025-01-03,2025-01-02,2025-01-02,2025-01-02,2025-01-02,2025-01-02,2025-01-02,2025-01-02,2025-01-02,2024-12-30,2025-01-02,2025-01-02,2025-01-02,2025-01-02,2025-01-02,2025-01-02,2025-01-02,2025-01-02,22832.06,-0.88,252.69,416386923362,569,1105,179,-27397601102,-43256,4,2.070989,0.834747,-0.222389,-0.155354,3.342938968033171,-0.009999999999999787,0.0,0.3200000000000003,0.1251537494249222,0.8295709683846075,-0.9598062524770912,-0.022923572524313762,-2.1766201972330257,-2.910104991558493,0.6171988478123946,1.0818826184074704,2.9935248145373627,-0.13246432725939616,0.06038621111967846,22908.3,0.33391643,1,0.9854526962,-0.3201911589,0.5149321267,-43399637534.0,-1.3112763202,-1492.0,-6383.0,-1.9059378716,-1.6712654064,-1.8200988763,-1.2283096086,-1.0580631898,0.8722759838
2025-01-03,2025-01-06,2025-01-03,2025-01-03,2025-01-03,2025-01-06,2025-01-03,2025-01-03,2025-01-03,2025-01-03,2025-01-03,2025-01-03,2025-01-03,2025-01-03,2024-12-30,2025-01-03,2025-01-03,2025-01-03,2025-01-03,2025-01-03,2025-01-03,2025-01-03,2025-01-03,22908.3,0.33,252.35,389761409750,506,1176,168,9168129140,-39974,249,3.487449,2.830825,1.259603,1.768033,-10.039046925668938,0.02999999999999936,0.03000000000000025,0.3199999999999994,0.20975544231986998,-0.40223278531975604,-0.9598062524770912,1.7916238638119086,0.6978901458524422,-1.1841689715943349,2.6058452659471376,2.8963649622687937,4.453766011744564,3.9293754464789776,0.24571399892956425,23547.71,2.79117176,1,0.9324429133,-0.3983353151,0.4302721088,-37690324110.0,0.6034131294,3282.0,-1291.0,-1.215599693,-1.4567078506,-1.5456460692,-0.6072820743,-0.6502621471,0.8766752773
2025-01-06,2025-01-07,2025-01-06,2025-01-06,2025-01-06,2025-01-07,2025-01-06,2025-01-06,2025-01-06,2025-01-06,2025-01-06,2025-01-06,2025-01-06,2025-01-06,2025-01-06,2025-01-06,2025-01-06,2025-01-06,2025-01-06,2025-01-06,2025-01-06,2025-01-06,2025-01-06,23547.71,2.79,255.31,460676323024,1269,418,160,52006412324,-32862,268,5.46474,2.836951,0.553805,1.239959,-0.5579556721748813,0.020000000000000462,0.0,0.33999999999999986,0.12929662335154912,-0.6333132917291429,-1.4726032561239055,1.9132474527359333,-0.36426865856341584,-0.16396501208849612,2.8947734103787814,3.315073027491988,3.433232791007512,3.3341311426985154,1.6598583357113394,23651.27,0.43978799,1,1.0991743768,0.5044457617,3.0358851675,8840589000.0,2.3100491885,7112.0,3603.0,2.2253430634,1.1687306236,1.528201931,1.9263397821,2.0443308948,1.0732048155
2025-01-07,2025-01-08,2025-01-07,2025-01-07,2025-01-07,2025-01-08,2025-01-07,2025-01-07,2025-01-07,2025-01-07,2025-01-07,2025-01-07,2025-01-07,2025-01-07,2025-01-07,2025-01-07,2025-01-07,2025-01-07,2025-01-07,2025-01-07,2025-01-07,2025-01-07,2025-01-07,23651.27,0.44,256.88,497720192907,564,1147,140,11320248188,-30346,-265,-3.904366,-1.843457,-1.110391,-1.889258,11.097248614080613,0.04999999999999982,0.019999999999999574,0.3700000000000001,-0.5362688493261603,0.2586354828854942,1.9748365358672082,0.1390400068906894,-1.2225998084997358,0.7200942679224109,-1.3629855952394077,-2.3786717284197123,-6.216953584605567,-1.7136249852623964,-3.286664757032143,23407.33,-1.03140339,0,1.178235991,-0.3407364115,0.491717524,26646729437.0,0.4785390213,2516.0,8907.0,3.5879811108,1.9882105372,1.6242682049,1.967597343,2.4092285115,1.0745680156
2025-01-08,2025-01-09,2025-01-08,2025-01-08,2025-01-08,2025-01-09,2025-01-08,2025-01-08,2025-01-08,2025-01-08,2025-01-08,2025-01-08,2025-01-08,2025-01-08,2025-01-08,2025-01-08,2025-01-08,2025-01-08,2025-01-08,2025-01-08,2025-01-08,2025-01-08,2025-01-08,23407.33,-1.03,256.08,433930523207,808,842,198,-15943442097,-37452,-111,-2.033868,-0.957358,0.156036,-0.055408,-0.6733946910202238,0.0,-0.019999999999999574,0.3899999999999997,-0.034527787352645056,0.5067214093643857,-0.2550742715974774,1.1616688751427517,-0.8625249707220783,-0.18150518619780565,-0.9965012032879028,-0.712485280439723,-0.02140629329779875,-4.311635446647022,0.2930362888094118,23081.13,-1.39358056,0,1.0237309028,-0.0206060606,0.9596199525,29153746453.0,-0.703113811,-7106.0,4312.0,2.1783807616,1.6159252619,1.2205363181,0.5930380302,1.2910806579,1.0911634232
2025-01-09,2025-01-10,2025-01-09,2025-01-09,2025-01-09,2025-01-10,2025-01-08,2025-01-08,2025-01-08,2025-01-08,2025-01-08,2025-01-09,2025-01-09,2025-01-09,2025-01-09,2025-01-09,2025-01-09,2025-01-09,2025-01-08,2025-01-08,2025-01-08,2025-01-08,2025-01-08,23081.13,-1.39,250.81,473645861391,260,1495,95,-29143635670,-41000,56,-2.033868,-0.957358,0.156036,-0.055408,-0.6733946910202238,0.009999999999999787,-0.010000000000000675,0.41000000000000014,0.5983308797275377,0.08250432698373444,-0.9403671719156903,0.03371029924694735,-0.2020204476056664,-0.24649104466986094,-0.9965012032879028,-0.712485280439723,-0.02140629329779875,-4.311635446647022,0.2930362888094118,23011.86,-0.30011529,0,1.1079187641,-0.7037037037,0.1739130435,27407711885.0,-1.2260459725,-3548.0,2256.0,-1.981424096,1.0908783526,0.7749863231,-1.0206976687,-0.1588361409,1.1154895506
2025-01-10,2025-01-13,2025-01-10,2025-01-10,2025-01-10,2025-01-13,2025-01-10,2025-01-10,2025-01-10,2025-01-10,2025-01-10,2025-01-10,2025-01-10,2025-01-10,2025-01-10,2025-01-10,2025-01-10,2025-01-10,2025-01-10,2025-01-10,2025-01-10,2025-01-10,2025-01-10,23011.86,-0.3,250.14,404214455383,634,1035,177,-17192952317,-41948,-130,0.603515,-2.419051,-1.541164,-1.628687,10.39548063998117,0.08999999999999986,0.13000000000000078,0.3699999999999992,-0.27125588031043923,0.4304828900800528,-1.047065939973979,-0.24266914960373587,-0.917845051676236,-1.2540055190452537,-2.388832646628647,-2.0021421469684664,-2.9976425165555876,-4.760337817376936,-2.1804544299131146,22488.33,-2.27504426,0,0.9479825773,-0.2402636309,0.6125603865,1046630428.0,-0.6733571568,-948.0,-1974.0,-2.7034911867,0.452063226,-0.1516045612,-1.4053211973,-0.4509518852,1.1096335415
2025-01-13,2025-01-14,2025-01-13,2025-01-13,2025-01-13,2025-01-14,2025-01-13,2025-01-13,2025-01-13,2025-01-13,2025-01-13,2025-01-13,2025-01-13,2025-01-13,2025-01-10,2025-01-13,2025-01-13,2025-01-13,2025-01-13,2025-01-13,2025-01-13,2025-01-13,2025-01-13,22488.33,-2.28,242.35,499436707334,256,1525,74,-54435782755,-43359,-63,-3.364205,-0.34601,0.157544,-0.383742,-1.7911994118260277,0.020000000000000462,0.0,0.3899999999999997,0.8080683673291622,0.2827155077791632,-1.047065939973979,-1.042220321243792,-0.997406390957567,-0.26711384268088834,-0.307056910318948,-1.027588543326985,-1.9718989495675188,1.103066846947609,0.43689346806001783,22797.52,1.37489089,1,1.1604551207,-0.7125210556,0.1678688525,-105395564651.0,-1.9227208922,-1411.0,-10497.0,-3.9261205785,-4.4988663441,-2.3116372899,-2.7657144695,-2.6036299191,1.2154973868
2025-01-14,2025-01-15,2025-01-14,2025-01-14,2025-01-14,2025-01-15,2025-01-14,2025-01-14,2025-01-14,2025-01-14,2025-01-14,2025-01-14,2025-01-14,2025-01-14,2025-01-14,2025-01-14,2025-01-14,2025-01-14,2025-01-14,2025-01-14,2025-01-14,2025-01-14,2025-01-14,22797.52,1.37,245.5,322765909125,1394,323,133,-12995034073,-42434,-65,0.044694,0.516134,0.114628,-0.228986,-2.501310246099653,-0.009999999999999787,-0.03000000000000025,0.41000000000000014,-0.12629097569892833,-0.6275031349137983,-1.827227292399225,0.3149088017755375,1.8312816394786102,2.6334389710088946,0.6573842424470344,0.3270123666422986,-1.1033560518228458,-1.048417456642614,-0.2618830642607817,22514.57,-1.24114377,0,0.7640495586,0.6237623762,4.3157894737,-129710846912.0,-0.2994464841,925.0,-12088.0,-1.2287526651,-3.6097427326,-1.0520010938,-0.6957022784,-1.2126855324,1.2576025673
2025-01-15,2025-01-16,2025-01-15,2025-01-15,2025-01-15,2025-01-16,2025-01-15,2025-01-15,2025-01-15,2025-01-15,2025-01-15,2025-01-15,2025-01-15,2025-01-15,2025-01-15,2025-01-15,2025-01-15,2025-01-15,2025-01-15,2025-01-15,2025-01-15,2025-01-15,2025-01-15,22514.57,-1.24,244.74,352716081235,698,976,173,-29583200863,-39417,458,2.655749,2.134776,1.831279,2.451325,-13.842856076827314,-0.1200000000000001,-0.10000000000000053,0.39000000000000057,-0.308884934043574,-0.1647298533043462,-0.07725327204513022,-0.023618313969120397,0.3449103894537453,-0.6415325978795239,1.9409937293040969,2.3508817695022666,3.4001299127981444,3.3336229379472337,1.4686262112046045,23025.1,2.26755386,1,0.8457586125,-0.1660692951,0.7151639344,-143350605678.0,-0.8584368989,3017.0,-1965.0,-2.1610161021,-3.8140189419,-2.1871569263,-1.1594700694,-2.3322455415,1.2844041978
2025-01-16,2025-01-17,2025-01-16,2025-01-16,2025-01-16,2025-01-17,2025-01-16,2025-01-16,2025-01-16,2025-01-16,2025-01-16,2025-01-16,2025-01-16,2025-01-16,2025-01-16,2025-01-16,2025-01-16,2025-01-16,2025-01-16,2025-01-16,2025-01-16,2025-01-16,2025-01-16,23025.1,2.27,249.57,400830798001,1305,363,186,25352315094,-36211,248,3.863632,0.180261,-0.211269,-0.886369,2.9776644990494594,-0.04999999999999982,-0.03999999999999915,0.3799999999999999,-0.47462027715259314,-0.11916514600964767,0.3330077835260514,1.2287651411459155,1.2279345074590386,0.1145895443938505,0.14783681839525276,0.4299138344022069,-1.9597754413473556,-1.2670862409694283,0.618422658819906,23148.08,0.53411277,1,0.9681493252,0.5647482014,3.5950413223,-88854654914.0,1.1579781176,3206.0,4789.0,2.3868824408,-0.2427524129,-0.6196730326,1.1315439621,-0.0864633454,1.3767206954
2025-01-17,2025-01-20,2025-01-17,2025-01-17,2025-01-17,2025-01-20,2025-01-17,2025-01-17,2025-01-17,2025-01-17,2025-01-17,2025-01-17,2025-01-17,2025-01-17,2025-01-17,2025-01-17,2025-01-17,2025-01-17,2025-01-17,2025-01-17,2025-01-17,2025-01-17,2025-01-17,23148.08,0.53,248.05,393253827543,755,910,186,13211785391,-31863,57,-1.531726,2.842948,0.999106,1.509493,-3.7951813250810207,0.0,0.03999999999999915,0.34000000000000075,0.14330122044485805,0.3579289582648526,-0.31405873623461256,-0.15588356121974956,0.31332410271596167,0.3147107775255842,2.773558375791474,2.3623634993353404,3.0994977634457133,2.5498113650921583,3.500282747531802,23266.82,0.51295831,1,0.9578598989,-0.0930930931,0.8296703297,-58449917206.0,0.6357174002,4348.0,10085.0,1.5377111195,0.5919556264,0.9411636451,1.5501835513,0.4001723296,1.3619410389
2025-01-20,2025-01-21,2025-01-20,2025-01-20,2025-01-20,2025-01-21,2025-01-17,2025-01-17,2025-01-17,2025-01-17,2025-01-17,2025-01-17,2025-01-20,2025-01-17,2025-01-20,2025-01-20,2025-01-20,2025-01-20,2025-01-17,2025-01-17,2025-01-17,2025-01-17,2025-01-17,23266.82,0.51,251.55,330251937138,1156,522,169,9159647837,-34721,-11,-1.531726,2.842948,0.999106,1.509493,-3.7951813250810207,0.0,0.03999999999999915,0.34000000000000075,0.2040049502909147,0.3579289582648526,1.173008909162454,-0.13869350447894835,1.7450415820662535,0.45483465142781565,2.773558375791474,2.3623634993353404,3.0994977634457133,2.5498113650921583,3.500282747531802,23300.01,0.14264949,1,0.8256056092,0.3778307509,2.214559387,5145513386.0,0.4055723271,-2858.0,8638.0,3.3411697403,3.4617510504,3.3610022101,1.3786328423,0.7498794419,1.2929355058
2025-01-21,2025-01-22,2025-01-21,2025-01-21,2025-01-21,2025-01-22,2025-01-21,2025-01-21,2025-01-21,2025-01-21,2025-01-21,2025-01-21,2025-01-21,2025-01-21,2025-01-21,2025-01-21,2025-01-21,2025-01-21,2025-01-21,2025-01-21,2025-01-21,2025-01-21,2025-01-21,23300.01,0.14,251.04,315198173056,809,802,233,259149175,-33695,213,3.404254,1.294974,0.876823,0.644823,-5.6981830444353125,-0.040000000000000036,0.020000000000000462,0.28000000000000025,-1.8049163113836197,-1.1796990704418087,0.3225511695906347,-0.08015791322039112,0.9070659080583576,0.07651228910909857,1.1795905764260706,1.6031034456679638,2.265627016975036,0.675119134698754,1.2087243462254094,23525.41,0.96738156,1,0.7974785473,0.0043451273,1.0087281796,18399696634.0,0.1349474114,1026.0,8739.0,1.1939578981,2.2041432577,0.8460242013,1.0806251691,0.8509173469,1.1627527979
2025-01-22,2025-02-03,2025-01-22,2025-01-22,2025-01-22,2025-02-03,2025-01-31,2025-01-31,2025-01-31,2025-01-31,2025-01-31,2025-01-31,2025-01-31,2025-01-31,2025-01-31,2025-01-31,2025-01-28,2025-01-27,2025-01-31,2025-01-31,2025-01-31,2025-01-31,2025-01-31,23525.41,0.97,252.95,417536010494,1201,450,198,15618985734,-32126,113,0.562101,-0.291812,-0.504683,-0.275944,3.724748402174094,0.0600000000000005,0.040000000000000036,0.3600000000000003,0.6893228711458477,0.5287566592651727,0.1480983386413115,-0.765922866076918,0.13536070756574592,-0.41170376310679657,-0.2788701632224444,-0.6322156313309235,-3.6742894303966933,-2.4482615237812366,2.60131712653644,22694.71,-3.53107555,0,1.056421202,0.4548758328,2.6688888889,63601883231.0,0.798445008,1569.0,7291.0,1.6300703989,4.4897148824,1.7524472064,1.1711392777,1.7373209776,1.1798885069
2025-02-03,2025-02-04,2025-02-03,2025-02-03,2025-02-03,2025-02-04,2025-02-03,2025-02-03,2025-02-03,2025-02-03,2025-02-03,2025-02-03,2025-02-03,2025-02-03,2025-02-03,2025-02-03,2025-02-03,2025-01-27,2025-02-03,2025-02-03,2025-02-03,2025-02-03,2025-02-03,22694.71,-3.53,246.17,540785975653,559,1179,108,-74379746765,-36490,199,-4.548062,-1.815047,-0.76086,-1.199741,13.32927871807601,-0.040000000000000036,0.040000000000000036,0.28000000000000025,-0.3354747105550504,0.5721095335185389,-2.6594194179056507,-2.5193024093922434,-0.03881120853024278,-0.41170376310679657,-1.8016814957124594,-1.9866991359073216,-2.8400066972448235,-1.4489006894288226,-1.5998592111757248,22793.96,0.43732658,1,1.3414858662,-0.3567318757,0.4741306192,-36130178628.0,-2.4437803221,-4364.0,-279.0,-2.4589092966,-1.4349123348,-2.2627780292,-2.1231546669,-1.743470636,1.4156807103
2025-02-04,2025-02-05,2025-02-04,2025-02-04,2025-02-04,2025-02-05,2025-02-04,2025-02-04,2025-02-04,2025-02-04,2025-02-04,2025-02-04,2025-02-04,2025-02-04,2025-02-04,2025-02-04,2025-02-04,2025-01-27,2025-02-04,2025-02-04,2025-02-04,2025-02-04,2025-02-04,22793.96,0.44,246.04,475090123927,785,909,154,-15256468538,-34065,257,2.127127,1.051407,0.722488,1.351377,-7.572511768043466,-0.020000000000000462,-0.04999999999999982,0.3099999999999996,0.4843438559004598,-0.94503972794302,0.7224314666159914,1.1304220047816393,2.8327339041700927,-0.41170376310679657,1.027076087575196,1.126561041610774,1.7058098759651141,4.576882393083492,2.1586354845308575,23161.58,1.61279567,1,1.1675526516,-0.0731995277,0.8635863586,-64598432557.0,-0.2644608956,2425.0,-2202.0,-2.1718874799,-1.5298029037,-1.9485575306,-1.393923962,-1.2169033629,1.4199108041
2025-02-05,2025-02-06,2025-02-05,2025-02-05,2025-02-05,2025-02-06,2025-02-05,2025-02-05,2025-02-05,2025-02-05,2025-02-05,2025-02-05,2025-02-05,2025-02-05,2025-02-05,2025-02-05,2025-02-05,2025-02-05,2025-02-05,2025-02-05,2025-02-05,2025-02-05,2025-02-05,23161.58,1.61,250.25,408461168601,1464,246,143,25403258523,-31808,181,2.215145,2.309014,0.390867,0.194925,-8.367220821110855,-0.08999999999999986,-0.040000000000000036,0.2599999999999998,-0.2891986256126744,-0.351979674546532,0.08533702335078441,1.111342624428402,-0.9277126317351891,-0.5763567844981332,1.9362303879779885,2.348117008440709,5.208596903243912,-6.267780639137688,4.302480618325699,23316.6,0.66929804,1,0.9992667443,0.7122807018,5.9512195122,-48354821871.0,1.1439482277,2257.0,2913.0,-1.5465405279,-0.452317936,-0.4902112419,0.2877056266,0.4010892948,1.4673213766
2025-02-06,2025-02-07,2025-02-06,2025-02-06,2025-02-06,2025-02-07,2025-02-06,2025-02-06,2025-02-06,2025-02-06,2025-02-06,2025-02-06,2025-02-06,2025-02-06,2025-02-06,2025-02-06,2025-02-06,2025-02-06,2025-02-06,2025-02-06,2025-02-06,2025-02-06,2025-02-06,23316.6,0.67,252.48,399491603268,1306,398,148,2896083966,-30996,38,0.925345,0.021405,0.36443,0.506086,-1.7121144573635672,0.020000000000000462,0.040000000000000036,0.2400000000000002,-0.21221627178528157,0.10225005435890999,0.605309863061132,1.0951384368703243,1.4299558777929544,1.2582079697140758,-0.13146257352877333,0.4896037536843423,3.084187125092863,-1.6516368528152192,-0.27586180588294873,23478.27,0.69336867,1,0.9687087342,0.5328638498,3.2814070352,-45717887080.0,0.3315498455,812.0,2699.0,2.7402421093,0.0712016862,0.5450578262,0.9444269252,1.0453894081,1.4722184688
2025-02-07,2025-02-10,2025-02-07,2025-02-07,2025-02-07,2025-02-10,2025-02-07,2025-02-07,2025-02-07,2025-02-07,2025-02-07,2025-02-07,2025-02-07,2025-02-07,2025-02-07,2025-02-07,2025-02-07,2025-02-07,2025-02-07,2025-02-07,2025-02-07,2025-02-07,2025-02-07,23478.27,0.69,255.54,429800524596,1011,663,181,14166329151,-29862,-182,-2.080762,-1.634728,-0.946477,-1.357063,6.709683325982874,0.040000000000000036,0.08000000000000007,0.20000000000000018,-0.07860262820782449,0.3250055401489371,-0.7154761628599959,-0.5846093673006814,1.1579759340173412,1.2977381781920316,-1.5569713513641892,-1.3489051826796827,0.9014638857122836,-2.3602088027253054,-2.8051545107377063,23252.14,-0.96314592,0,1.0279905807,0.2078853047,1.5248868778,-47170543663.0,0.6662135517,1134.0,2264.0,3.0021549568,-0.2003790795,1.9238900634,1.6858486526,1.648396965,1.4694474764
2025-02-10,2025-02-11,2025-02-10,2025-02-10,2025-02-10,2025-02-11,2025-02-10,2025-02-10,2025-02-10,2025-02-10,2025-02-10,2025-02-10,2025-02-10,2025-02-10,2025-02-10,2025-02-10,2025-02-10,2025-02-10,2025-02-10,2025-02-10,2025-02-10,2025-02-10,2025-02-10,23252.14,-0.96,253.57,402514804060,748,960,149,-18890820754,-30961,166,0.887833,1.463867,0.671254,0.977643,-4.413545680190001,0.019999999999999574,-0.009999999999999787,0.22999999999999954,0.09726337705842081,0.2591621408035705,0.03648731952348161,-0.025770141950698378,1.8380329253005367,0.21476372509414698,1.3049300939604214,1.8857122927296022,2.87277502428549,2.7147693051491117,4.522612349257793,23384.05,0.56730262,1,0.9643287747,-0.1241217799,0.7791666667,8318382348.0,-0.5093627022,-1099.0,5529.0,0.3909923244,2.4562111611,1.8398690263,0.2225382114,0.5779129171,1.4722984081
2025-02-11,2025-02-12,2025-02-11,2025-02-11,2025-02-11,2025-02-12,2025-02-11,2025-02-11,2025-02-11,2025-02-11,2025-02-11,2025-02-11,2025-02-11,2025-02-11,2025-02-10,2025-02-11,2025-02-11,2025-02-11,2025-02-11,2025-02-11,2025-02-11,2025-02-11,2025-02-11,23384.05,0.57,254.01,436198152011,776,891,185,9301893384,-31339,74,0.379903,-0.053116,0.033958,-0.357153,1.3282734508116123,0.03000000000000025,0.009999999999999787,0.25,0.11422745347031693,-0.332349161157508,0.03648731952348161,0.7052013135895985,-1.0552982987777626,-0.45936657591693075,0.09103183933556469,0.10015223335078094,-0.5764799208192617,0.5611831085707397,0.0,23289.75,-0.40326633,0,1.0392451172,-0.0689862028,0.8709315376,32876744270.0,0.4856626713,-378.0,2726.0,0.2892788829,2.58879984,2.0767582055,0.2809868616,1.0445256737,1.4750120362
2025-02-12,2025-02-13,2025-02-12,2025-02-12,2025-02-12,2025-02-13,2025-02-12,2025-02-12,2025-02-12,2025-02-12,2025-02-12,2025-02-12,2025-02-12,2025-02-12,2025-02-12,2025-02-12,2025-02-12,2025-02-12,2025-02-12,2025-02-12,2025-02-12,2025-02-12,2025-02-12,23289.75,-0.4,253.12,454918694411,753,896,198,2633148447,-31214,68,-1.130593,0.21299,-0.272387,0.031001,-0.8114863341212808,0.08000000000000007,0.07000000000000028,0.2599999999999998,-0.18895087172872138,-0.01852227050387345,0.4188722553885471,0.3678479577159388,2.6441148868821873,0.9456320364335413,0.10914301947504423,-0.5442832820778398,-1.2500027288872895,0.5580582854161298,0.5573574092933242,23399.41,0.47085091,1,1.0845908377,-0.0867192238,0.8404017857,10106634194.0,0.3779553541,125.0,594.0,-0.8029552433,0.5533733018,-1.0954780741,-0.2330861138,0.693166836,1.34353518
2025-02-13,2025-02-14,2025-02-13,2025-02-13,2025-02-13,2025-02-14,2025-02-13,2025-02-13,2025-02-13,2025-02-13,2025-02-13,2025-02-13,2025-02-13,2025-02-13,2025-02-13,2025-02-13,2025-02-13,2025-02-13,2025-02-13,2025-02-13,2025-02-13,2025-02-13,2025-02-13,23399.41,0.47,255.08,442825630171,1323,401,134,1077795016,-31464,-31,-2.204672,1.288603,1.042629,1.504795,-4.971679954588537,-0.10000000000000053,-0.05000000000000071,0.20999999999999996,0.16004999541816556,-0.5836620979830842,1.277521234458323,1.3647844624626648,-0.19924485681007686,-0.37552908625179127,1.2264908493359261,1.3721796859222701,3.1645523225554806,0.08055526038961425,-0.23270701821641593,23152.61,-1.05472745,0,1.0627134613,0.5348027842,3.2992518703,8288345244.0,0.3403694068,-250.0,-468.0,0.6333610584,0.3551546967,-1.0648899615,0.1656027442,1.2223928699,1.3441136526
2025-02-14,2025-02-17,2025-02-14,2025-02-14,2025-02-14,2025-02-17,2025-02-14,2025-02-14,2025-02-14,2025-02-14,2025-02-14,2025-02-14,2025-02-14,2025-02-14,2025-02-14,2025-02-14,2025-02-14,2025-02-14,2025-02-14,2025-02-14,2025-02-14,2025-02-14,2025-02-14,23152.61,-1.05,254.81,472729978111,874,807,178,-24592652980,-35307,129,1.025612,0.088236,-0.007194,0.40675,-2.1854299031079605,-0.04999999999999982,-0.04999999999999982,0.20999999999999996,-0.7319906963362488,-0.6895889298343061,-0.7907436605486207,0.30505646904579464,3.694633258951585,0.8673214819236552,0.10321799951000799,0.2619893882607638,2.6313940380302325,1.1537438008182743,-1.1704875868976061,23505.33,1.52345675,1,1.1292220534,0.0398572278,1.083023544,-30470636887.0,-0.662734607,-3843.0,-5445.0,-0.9897344558,-1.387069831,-1.0882061303,-0.6137727687,0.2099822518,1.3449793348
2025-02-17,2025-02-18,2025-02-17,2025-02-17,2025-02-17,2025-02-18,2025-02-14,2025-02-14,2025-02-14,2025-02-14,2025-02-14,2025-02-14,2025-02-17,2025-02-14,2025-02-17,2025-02-17,2025-02-17,2025-02-17,2025-02-14,2025-02-14,2025-02-14,2025-02-14,2025-02-14,23505.33,1.52,257.63,431588619670,1101,578,180,24746848628,-29484,13,1.025612,0.088236,-0.007194,0.40675,-2.1854299031079605,-0.04999999999999982,-0.04999999999999982,0.20999999999999996,0.15391983887540484,-0.6895889298343061,0.06339891206110781,0.7475684638216684,-0.018123561242655573,0.21299495450188832,0.10321799951000799,0.2619893882607638,2.6313940380302325,1.1537438008182743,-1.1704875868976061,23666.11,0.68401507,1,1.0361514042,0.3114949375,1.9048442907,13167032495.0,1.1646750161,5823.0,1477.0,0.9256432551,1.0888890227,1.8378649572,0.6814804789,1.6433274795,1.349049787
2025-02-18,2025-02-19,2025-02-18,2025-02-18,2025-02-18,2025-02-19,2025-02-18,2025-02-18,2025-02-18,2025-02-18,2025-02-18,2025-02-18,2025-02-18,2025-02-18,2025-02-18,2025-02-18,2025-02-18,2025-02-18,2025-02-18,2025-02-18,2025-02-18,2025-02-18,2025-02-18,23666.11,0.68,260.75,415892468979,886,749,216,8167386780,-28912,-64,-0.568901,1.684188,0.244499,0.072354,3.926878170143766,0.08000000000000007,0.03000000000000025,0.2599999999999998,0.12581943498035653,0.45041133368504127,0.2454378513947253,0.6278735685934178,1.594342074923727,-0.8770297893131995,1.654183467728143,1.4411273114500744,0.3961021021192668,1.0433247755045505,-1.9352877775354438,23604.08,-0.26210476,0,0.9970706106,0.0837920489,1.1829105474,12032525891.0,0.4699554363,572.0,2427.0,1.1397723276,1.2062067948,2.8430991671,1.1258045139,2.1940219582,1.3514941388
2025-02-19,2025-02-20,2025-02-19,2025-02-19,2025-02-19,2025-02-20,2025-02-19,2025-02-19,2025-02-19,2025-02-19,2025-02-19,2025-02-19,2025-02-19,2025-02-19,2025-02-19,2025-02-19,2025-02-19,2025-02-19,2025-02-19,2025-02-19,2025-02-19,2025-02-19,2025-02-19,23604.08,-0.26,261.66,476532281012,1117,539,200,-2577155686,-24751,-44,-0.882908,1.178196,0.237697,0.074797,-0.5211721284556381,-0.019999999999999574,-0.009999999999999787,0.25,0.04493902906270719,0.11209258642381759,-0.26938627238113355,1.7020629562167544,-0.14175297495513384,0.6997552279323971,1.6625526388197587,0.43712243847144894,-0.12194991132606914,0.3587711467351262,0.08751452733142262,23487.46,-0.49406713,0,1.1455952796,0.3490338164,2.0723562152,6822221758.0,-0.0550850256,4161.0,6463.0,1.9499745385,1.3496495239,4.961462234,0.5905348395,1.6812172395,1.2373201782
2025-02-20,2025-02-21,2025-02-20,2025-02-20,2025-02-20,2025-02-21,2025-02-20,2025-02-20,2025-02-20,2025-02-20,2025-02-20,2025-02-20,2025-02-20,2025-02-20,2025-02-20,2025-02-20,2025-02-20,2025-02-20,2025-02-20,2025-02-20,2025-02-20,2025-02-20,2025-02-20,23487.46,-0.49,261.64,452563987295,792,861,203,-16797318303,-24533,6,-0.422986,0.017702,-0.433419,-0.468136,2.5540234312838583,-0.03000000000000025,0.0,0.21999999999999975,0.07610438798688612,-0.7744721892653739,-1.2423724384459045,-0.6535590528931712,-1.6006621351304262,-0.28577545116936776,0.23424653961798825,0.17874852787134188,0.6320512172783399,-0.4533998268302475,-0.8700171693901693,23730.25,1.03370054,1,1.0712612167,-0.0417422868,0.9198606272,-11052891561.0,-0.6637044807,218.0,6931.0,-0.07602531,0.376291539,3.026381817,0.0184898786,1.0287095155,1.2192886739
2025-02-21,2025-02-24,2025-02-21,2025-02-21,2025-02-21,2025-02-24,2025-02-21,2025-02-21,2025-02-21,2025-02-21,2025-02-21,2025-02-21,2025-02-21,2025-02-21,2025-02-21,2025-02-21,2025-02-21,2025-02-21,2025-02-21,2025-02-21,2025-02-21,2025-02-21,2025-02-21,23730.25,1.03,263.43,457865148480,1112,565,183,17886537125,-25255,-255,-0.929536,-3.277201,-1.706413,-2.195881,16.28352019097845,-0.08000000000000007,-0.08999999999999986,0.22999999999999954,-0.16155224353523456,0.2539066031213899,0.2557067166465865,0.01959335959886843,3.9905223569291604,1.2609137492392453,-3.068339192429914,-3.0294734948074,-4.053963250179782,-2.916704812526183,-3.5635536893811603,23565.31,-0.69506221,0,1.0704874689,0.3261776983,1.9681415929,31426298544.0,0.7574906568,-722.0,10052.0,0.2710204592,2.4949238984,5.3995257293,0.5576760633,1.8068640313,1.189323738
2025-02-24,2025-02-25,2025-02-24,2025-02-24,2025-02-24,2025-02-25,2025-02-24,2025-02-24,2025-02-24,2025-02-24,2025-02-24,2025-02-24,2025-02-24,2025-02-24,2025-02-21,2025-02-24,2025-02-24,2025-02-24,2025-02-24,2025-02-24,2025-02-24,2025-02-24,2025-02-24,23565.31,-0.7,264.03,429612957408,834,848,176,-19528331322,-31679,-287,-3.324259,-2.590236,-0.496911,-1.2143,4.228448635234905,-0.019999999999999574,-0.0600000000000005,0.27000000000000046,0.24378228572174976,-0.009381986842893486,0.2557067166465865,-0.35071681093629126,-0.5805903901563103,-0.21918065451662638,-2.3484215586977997,-2.6281079962608422,-3.0871041602251292,-2.463005970531429,-4.907166745917091,23285.72,-1.18644737,0,1.001065707,-0.0083234245,0.983490566,-12848881406.0,-0.8196948001,-6424.0,-2195.0,-0.164251265,0.2551761664,2.3461787354,-0.1919981676,0.982225091,1.1134309996
2025-02-25,2025-02-26,2025-02-25,2025-02-25,2025-02-25,2025-02-26,2025-02-25,2025-02-25,2025-02-25,2025-02-25,2025-02-25,2025-02-25,2025-02-25,2025-02-25,2025-02-25,2025-02-25,2025-02-25,2025-02-25,2025-02-25,2025-02-25,2025-02-25,2025-02-25,2025-02-25,23285.72,-1.19,262.51,469302224507,481,1212,158,-51338521546,-35332,-168,-1.189668,-2.291581,-0.467973,-1.350858,2.3709208313628327,-0.10000000000000053,-0.05999999999999961,0.22999999999999954,-0.2236579215236012,-0.2720458908803347,-1.3903941987108315,-0.5662930573493763,-1.3177747892544334,-1.1101555949693198,-2.061994550871027,-2.123900340085072,-2.8016591649361766,-3.8386842127920096,-2.592218332856333,23402.55,0.5017238,1,1.0839439378,-0.431777909,0.3968646865,-72354789732.0,-1.9172165947,-3653.0,-6420.0,-0.8589264229,-1.6073194961,0.5946065505,-1.0573554709,-0.2452943131,1.1443283049
2025-02-26,2025-02-27,2025-02-26,2025-02-26,2025-02-26,2025-02-27,2025-02-26,2025-02-26,2025-02-26,2025-02-26,2025-02-26,2025-02-26,2025-02-26,2025-02-26,2025-02-26,2025-02-26,2025-02-26,2025-02-26,2025-02-26,2025-02-26,2025-02-26,2025-02-26,2025-02-26,23402.55,0.5,262.22,430199683548,765,890,200,-3791490804,-35013,-1,2.77235,2.085139,0.013602,0.256849,-1.6984041097423352,-0.04999999999999982,-0.020000000000000462,0.20000000000000018,0.2403748003681816,0.10347155759355964,-0.24953840451925613,0.41060296270498675,3.273029074353162,0.8734869363166586,1.7412798705157773,2.3378834519281133,3.672116897051736,0.7502874049307051,5.134792880426886,23053.18,-1.4928715,0,0.9822910581,-0.0755287009,0.8595505618,-73569124850.0,0.0603232046,319.0,-10262.0,-1.3809378325,-0.8537930731,0.5833629177,-0.3903421849,0.2260600861,1.1440969006
2025-02-27,2025-03-03,2025-02-27,2025-02-27,2025-02-27,2025-03-03,2025-02-28,2025-02-28,2025-02-28,2025-02-28,2025-02-28,2025-02-28,2025-02-28,2025-02-28,2025-02-28,2025-02-28,2025-02-28,2025-02-28,2025-02-28,2025-02-28,2025-02-28,2025-02-28,2025-02-28,23053.18,-1.49,259.92,623509464491,507,1204,147,-45109309697,-36719,-579,-0.309237,1.70694,1.585414,1.633156,-7.098911782188544,-0.04999999999999982,-0.08000000000000007,0.25,0.4622788151135149,0.34502308276065374,-2.87710928996342,-3.3935337352198003,-3.2758212363152017,-1.9674320850627147,1.5931811315278654,1.7395913733650792,3.9700346088127114,0.3517219039367969,0.8240594534252521,22756.25,-1.28802187,0,1.3752743312,-0.4073641146,0.4210963455,-101881116244.0,-1.4663835874,-1706.0,-12186.0,-2.1732368469,-1.8489866507,-1.0593557685,-1.5132905395,-1.217975043,1.1910183908
2025-03-03,2025-03-04,2025-03-03,2025-03-03,2025-03-03,2025-03-04,2025-03-03,2025-03-03,2025-03-03,2025-03-03,2025-03-03,2025-03-03,2025-03-03,2025-03-03,2025-03-03,2025-02-28,2025-03-03,2025-03-03,2025-03-03,2025-03-03,2025-03-03,2025-03-03,2025-03-03,22756.25,-1.29,256.01,468022250900,446,1298,110,-57039511508,-46555,-531,-4.187668,-4.014892,-1.759674,-2.637462,16.046875499488777,-0.08000000000000007,-0.03000000000000025,0.20000000000000018,0.010029005274558855,-0.7991827947901986,1.6954925919446584,-3.3935337352198003,0.2831102040566025,-0.04061845233780392,-3.534438051491018,-4.192984313477421,-8.693564496906403,-1.6322824388697255,-6.047233616560376,22596.88,-0.70033507,0,1.0266003273,-0.4885321101,0.343605547,-176807164877.0,-1.6870962239,-9836.0,-21300.0,-2.273796988,-4.1044658189,-3.2694860578,-1.96596659,-2.3293565903,1.196484035
2025-03-04,2025-03-05,2025-03-04,2025-03-04,2025-03-04,2025-03-05,2025-03-04,2025-03-04,2025-03-04,2025-03-04,2025-03-04,2025-03-04,2025-03-04,2025-03-04,2025-03-04,2025-03-04,2025-03-04,2025-03-04,2025-03-04,2025-03-04,2025-03-04,2025-03-04,2025-03-04,22596.88,-0.7,256.89,456977147342,1002,682,168,-52465267919,-44023,-36,4.064288,0.636881,-1.223483,-0.354379,3.2045633021612785,0.05999999999999961,0.0,0.2599999999999998,-0.048922726206168665,-0.9461378325343994,-1.202285104640921,-0.15240594829495357,-0.28035836019563165,-0.08358043200761278,0.5568035843704466,0.9954716270059727,1.6920921852416448,2.5654042114908737,0.0587076977200951,22871.9,1.21707068,1,1.0116720061,0.190023753,1.4692082111,-209744101474.0,-1.6976594896,2532.0,-12344.0,-3.4426590265,-4.1095576506,-0.4310696193,-1.8334312528,-2.9930122358,0.9260700169
2025-03-05,2025-03-06,2025-03-05,2025-03-05,2025-03-05,2025-03-06,2025-03-05,2025-03-05,2025-03-05,2025-03-05,2025-03-05,2025-03-05,2025-03-05,2025-03-05,2025-03-05,2025-03-05,2025-03-05,2025-03-05,2025-03-05,2025-03-05,2025-03-05,2025-03-05,2025-03-05,22871.9,1.22,259.99,422942047816,1138,534,184,-14069586394,-40914,111,2.377777,2.090999,1.115928,1.463319,-6.720544059225652,0.0600000000000005,0.03000000000000025,0.29000000000000004,-0.28611765666530786,0.0,0.23320611477797293,1.1550370055151138,2.8439018418404016,0.446566675428417,2.155534937586978,1.8514399716056396,1.129412201151081,0.9131495473402529,2.1869032413858625,22715.43,-0.68411457,0,0.9417600913,0.3612440191,2.1310861423,-172475166322.0,-0.163135439,3109.0,-5582.0,-0.7863557219,-1.7771406682,0.3419326874,-0.2801341742,-1.828792262,0.9601748686
2025-03-06,2025-03-07,2025-03-06,2025-03-06,2025-03-06,2025-03-07,2025-03-06,2025-03-06,2025-03-06,2025-03-06,2025-03-06,2025-03-06,2025-03-06,2025-03-06,2025-03-06,2025-03-06,2025-03-06,2025-03-06,2025-03-06,2025-03-06,2025-03-06,2025-03-06,2025-03-06,22715.43,-0.68,260.31,433806865285,552,1128,179,-26122240322,-40485,-343,-4.574557,-4.529876,-1.781901,-2.605927,13.406294998380531,0.009999999999999787,-0.03000000000000025,0.33000000000000007,0.019216094991714172,-1.588803044369469,0.7661809305267608,0.704812895467688,3.286823204447331,1.3752455672772168,-4.157194692780175,-4.193546370157475,-5.7374281175116675,-2.7736793012804184,-6.3315611060017485,22576.07,-0.61350368,0,0.963234551,-0.3428571429,0.4893617021,-194805915840.0,-0.5689285586,429.0,-5472.0,-0.1793792914,-2.9360902979,-1.9262502817,-0.3653624886,-2.4069517415,0.8983709499
2025-03-07,2025-03-10,2025-03-07,2025-03-07,2025-03-07,2025-03-10,2025-03-07,2025-03-07,2025-03-07,2025-03-07,2025-03-07,2025-03-07,2025-03-07,2025-03-07,2025-03-07,2025-03-07,2025-03-07,2025-03-07,2025-03-07,2025-03-07,2025-03-07,2025-03-07,2025-03-07,22576.07,-0.61,257.23,430309658726,412,1276,168,-29502032163,-40458,43,0.710833,3.158299,0.552062,0.702635,-6.0313628845307115,0.03000000000000025,0.03000000000000025,0.33000000000000007,0.17315585352613017,-0.21141766852267319,-2.1688352671059508,-0.4922028163322545,-0.5679597784519319,-0.3091314100999609,2.9337573289998975,2.4160513186306964,1.9173399226130927,1.4769844279308497,8.6430816547177,22459.15,-0.5178935,0,0.9522113262,-0.5118483412,0.3228840125,-179198638306.0,-0.6429674861,27.0,-3739.0,-0.0920923597,-2.0696060153,-3.1759776297,-0.560429393,-2.8511460708,0.8873702958
2025-03-10,2025-03-11,2025-03-10,2025-03-10,2025-03-10,2025-03-11,2025-03-10,2025-03-10,2025-03-10,2025-03-10,2025-03-10,2025-03-10,2025-03-10,2025-03-10,2025-03-10,2025-03-10,2025-03-10,2025-03-10,2025-03-10,2025-03-10,2025-03-10,2025-03-10,2025-03-10,22459.15,-0.52,255.29,414757666625,674,1003,182,-28718490139,-42626,-426,-3.642017,-4.849242,-2.697309,-4.000283,19.212664141545012,-0.10000000000000053,-0.10000000000000009,0.3299999999999996,-0.09403841713142569,0.067418457904167,0.3825114506694538,0.2695520215496794,-1.8480664778075528,-0.3856471180306076,-4.625954207615635,-4.6914557423252905,-5.066997036797116,-3.6686276490298986,-5.390854228400799,22071.09,-1.72784812,0,0.9193271891,-0.1961836613,0.6719840479,-150877616937.0,-0.5364688818,-2168.0,3929.0,-1.8046161447,-1.3055753914,-4.3406946082,-0.8158316996,-3.1418902317,0.8683758362
2025-03-11,2025-03-12,2025-03-11,2025-03-11,2025-03-11,2025-03-12,2025-03-11,2025-03-11,2025-03-11,2025-03-11,2025-03-11,2025-03-11,2025-03-11,2025-03-11,2025-03-11,2025-03-11,2025-03-11,2025-03-11,2025-03-11,2025-03-11,2025-03-11,2025-03-11,2025-03-11,22071.09,-1.73,251.52,473758583162,402,1359,100,-46061876346,-45697,-9,0.187523,-0.704186,-0.756787,-0.184452,-3.374014764767641,0.0600000000000005,0.04999999999999982,0.3400000000000003,0.12063354165599005,-0.45231566176386906,-0.6350827603529674,-1.2756739752421975,-0.005674564000912596,0.3212144392698013,-1.183007444408668,-0.14450079725804033,1.663861210919948,0.13453884560459262,3.0577389444094383,22278.36,0.93910178,1,1.0418787139,-0.5434412266,0.2958057395,-144474225364.0,-1.1832650745,-3071.0,-1674.0,-2.836574082,-2.3268256503,-5.0793174306,-2.074819839,-4.5724240723,0.9158844895
2025-03-12,2025-03-13,2025-03-12,2025-03-12,2025-03-12,2025-03-13,2025-03-12,2025-03-12,2025-03-12,2025-03-12,2025-03-12,2025-03-12,2025-03-12,2025-03-12,2025-03-12,2025-03-12,2025-03-12,2025-03-12,2025-03-12,2025-03-12,2025-03-12,2025-03-12,2025-03-12,22278.36,0.94,252.11,422710698020,990,692,185,-17210260037,-43409,152,3.626365,2.445096,0.488687,1.217873,-9.992572535044165,0.040000000000000036,0.06999999999999984,0.3100000000000005,0.006697012528866786,0.1643447070117876,0.0706123216855703,1.466739016029428,-0.7645656503008746,-0.3600210504720702,2.061215289669205,2.940903284407681,6.417796607613213,4.164942838284524,2.1779154450029425,21961.68,-1.42146908,0,0.930996135,0.1771700357,1.4306358382,-147614899007.0,0.0781564192,2288.0,-2495.0,-1.3186971869,-2.5950620631,-4.7283939266,-0.6318460019,-3.4454671277,0.9359619912
2025-03-13,2025-03-14,2025-03-13,2025-03-13,2025-03-13,2025-03-14,2025-03-13,2025-03-13,2025-03-13,2025-03-13,2025-03-13,2025-03-13,2025-03-13,2025-03-13,2025-03-13,2025-03-13,2025-03-13,2025-03-13,2025-03-13,2025-03-13,2025-03-13,2025-03-13,2025-03-13,21961.68,-1.42,249.3,446354964028,369,1389,99,-23575285776,-41732,79,-3.149518,-0.619943,-1.389098,-1.957336,1.7746608060236646,-0.05000000000000071,-0.06999999999999984,0.3299999999999996,0.11408531144070366,0.21233589364648697,-0.0789226291940337,-0.04583527197696835,-0.5832980713392666,-0.39849722123689313,-0.49979381802711664,-0.43986994463534046,-0.13823745953681632,-2.6589942264430566,-1.4776271329447255,21968.05,0.02900507,1,0.9839992452,-0.5802047782,0.2656587473,-145067944461.0,-0.1433192231,1677.0,-1247.0,-2.2149992319,-3.3182290628,-5.7023798023,-1.3812307274,-4.5432419721,0.9706422983
2025-03-14,2025-03-17,2025-03-14,2025-03-14,2025-03-14,2025-03-17,2025-03-14,2025-03-14,2025-03-14,2025-03-14,2025-03-14,2025-03-14,2025-03-14,2025-03-14,2025-03-14,2025-03-14,2025-03-14,2025-03-14,2025-03-14,2025-03-14,2025-03-14,2025-03-14,2025-03-14,21968.05,0.03,249.96,401203581949,1122,576,164,-10485385086,-41877,238,1.456961,3.268402,2.126587,2.606946,-11.719381214642311,0.040000000000000036,0.07999999999999963,0.29000000000000004,0.18871601352579148,-0.10594299182480338,0.7150586818270188,-0.282859508715394,2.119667087243138,2.4281742562273667,3.085591402020671,3.1974512297346713,5.2690744431657555,2.9150959051668757,2.1843607140724197,22118.63,0.68545001,1,0.8885385081,0.3215547703,1.9479166667,-126051297384.0,0.4689859475,-145.0,-1419.0,-0.4668550579,-2.6932056819,-6.1170773109,-0.8109929055,-4.2176030885,0.9580560503
2025-03-17,2025-03-18,2025-03-17,2025-03-17,2025-03-17,2025-03-18,2025-03-17,2025-03-17,2025-03-17,2025-03-17,2025-03-17,2025-03-17,2025-03-17,2025-03-17,2025-03-17,2025-03-17,2025-03-17,2025-03-17,2025-03-17,2025-03-17,2025-03-17,2025-03-17,2025-03-17,22118.63,0.69,250.78,366289726532,932,743,194,-10305668561,-39562,230,1.234999,1.417333,0.641613,0.307368,-5.78778228014456,0.0,0.040000000000000036,0.25,-0.12860909638311435,-0.33744549749507025,0.9268265118663077,1.7273427005108921,0.7745826170102887,-0.24385056977479502,1.6507594494939548,1.0548613286790243,-1.758855446580132,3.585218454414796,-0.5318570736631889,22271.67,0.69190542,1,0.8208908932,0.1128358209,1.2543741588,-107638475806.0,0.4429488693,2315.0,3064.0,-0.7169737808,-1.516174922,-4.4659327825,0.1769419158,-3.3431869376,0.9655083447
2025-03-18,2025-03-19,2025-03-18,2025-03-18,2025-03-18,2025-03-19,2025-03-18,2025-03-18,2025-03-18,2025-03-18,2025-03-18,2025-03-18,2025-03-18,2025-03-18,2025-03-18,2025-03-18,2025-03-18,2025-03-18,2025-03-18,2025-03-18,2025-03-18,2025-03-18,2025-03-18,22271.67,0.69,253.3,353640410530,1119,549,195,-4575583122,-39200,-80,-1.764639,-1.606795,-1.065351,-1.710073,5.802050320710772,-0.019999999999999574,-0.019999999999999574,0.25,0.09233778296404704,-0.125766546733308,1.2003853550458965,0.06320729467728103,2.464220112837734,0.2734677462113755,-1.452749552551169,-1.5461252800127,-3.4300999882811323,-1.0325979916579242,-2.9974302473288916,21960.83,-1.39567442,0,0.7995259865,0.3417266187,2.0382513661,-66152182582.0,0.8463701441,362.0,6497.0,1.4115040379,0.9087906397,-5.2484266334,0.6871347766,-2.4113627948,0.9054182652
2025-03-19,2025-03-20,2025-03-19,2025-03-19,2025-03-19,2025-03-20,2025-03-19,2025-03-19,2025-03-19,2025-03-19,2025-03-19,2025-03-19,2025-03-19,2025-03-19,2025-03-19,2025-03-19,2025-03-19,2025-03-19,2025-03-19,2025-03-19,2025-03-19,2025-03-19,2025-03-19,21960.83,-1.4,250.62,387995569197,478,1213,172,-34245694358,-36396,152,0.363882,0.991495,1.07985,1.409211,-8.29493585771356,-0.040000000000000036,-0.04999999999999982,0.2599999999999998,0.0691720867479928,0.1840395634809866,-0.2471711613070804,0.6231971622814525,0.12356349151965151,0.06113079730580839,0.8140166673508364,0.8827990015653375,1.8106179783115905,2.6277665583692267,3.6571840898067975,22377.26,1.89623981,1,0.8799726771,-0.4346540509,0.3940643034,-83187616903.0,-0.5466400229,2804.0,7013.0,-0.0328659121,-1.4252844464,-7.205577934,-0.4322690266,-3.4125272296,0.9098575968
2025-03-20,2025-03-21,2025-03-20,2025-03-20,2025-03-20,2025-03-21,2025-03-20,2025-03-20,2025-03-20,2025-03-20,2025-03-20,2025-03-20,2025-03-20,2025-03-20,2025-03-19,2025-03-20,2025-03-20,2025-03-20,2025-03-20,2025-03-20,2025-03-20,2025-03-20,2025-03-20,22377.26,1.9,254.45,350837708931,1364,342,158,22039023316,-33162,-65,2.135133,-0.715492,-0.218489,-0.333271,-0.5025144893802347,-0.009999999999999787,-0.040000000000000036,0.29000000000000004,0.07308017918177256,0.40606996781018534,-0.2471711613070804,0.3226019771096933,-2.2251353484050607,-0.8772678546293711,-0.7975949546154104,-0.15830464999527782,0.8594300247455555,0.8566280748925958,-2.571976197631931,22209.1,-0.75147717,0,0.8072044576,0.5990621336,3.9883040936,-37573307811.0,2.1080450532,3234.0,8570.0,1.1692858012,1.8922960356,-5.1974912812,1.0748855157,-1.314756009,1.0354731624
2025-03-21,2025-03-24,2025-03-21,2025-03-21,2025-03-21,2025-03-24,2025-03-21,2025-03-21,2025-03-21,2025-03-21,2025-03-21,2025-03-21,2025-03-21,2025-03-21,2025-03-21,2025-03-21,2025-03-21,2025-03-21,2025-03-21,2025-03-21,2025-03-21,2025-03-21,2025-03-21,22209.1,-0.75,253.89,423747444493,639,1070,162,-17684809866,-35588,20,-0.416975,-0.94363,0.082465,0.522393,-2.626255406322109,0.009999999999999787,-0.010000000000000231,0.31000000000000005,-0.04847648711218122,0.23110049811829736,-0.19818963894698838,0.22865211531444274,-2.1892222433502084,-1.5167343618630147,-1.047198646497205,-1.0041835492850093,-0.70024621581255,-0.6533479113588814,0.5878085522416532,22106.64,-0.46134242,0,0.9781973318,-0.2521942657,0.5971962617,-44772732591.0,0.2322677028,-2426.0,6289.0,-0.2809398667,1.0972753613,-5.4427341228,0.0973611355,-1.7794864093,1.0398785477
2025-03-24,2025-03-25,2025-03-24,2025-03-24,2025-03-24,2025-03-25,2025-03-24,2025-03-24,2025-03-24,2025-03-24,2025-03-24,2025-03-24,2025-03-24,2025-03-24,2025-03-24,2025-03-24,2025-03-24,2025-03-24,2025-03-24,2025-03-24,2025-03-24,2025-03-24,2025-03-24,22106.64,-0.46,251.22,336129807004,523,1191,152,-11472387248,-36061,184,2.506653,2.989722,1.7646,2.27473,-9.336105188294773,0.08999999999999986,0.10000000000000009,0.2999999999999998,-0.0372943476917964,0.16332577992219655,-0.18199486652966668,-0.41843628362887575,0.9111118128189988,0.5147302918667718,2.969203542965526,2.607109711689204,3.152087349244903,6.961664658730116,-0.21392239083549702,22273.19,0.75339355,1,0.7869949406,-0.3897316219,0.4391267842,-45939451278.0,0.6554164015,-473.0,3501.0,0.6639548687,-0.0542076973,-6.8419422467,-0.3536607904,-1.8803466223,0.9959951992
2025-03-25,2025-03-26,2025-03-25,2025-03-25,2025-03-25,2025-03-26,2025-03-25,2025-03-25,2025-03-25,2025-03-25,2025-03-25,2025-03-25,2025-03-25,2025-03-25,2025-03-25,2025-03-25,2025-03-25,2025-03-25,2025-03-25,2025-03-25,2025-03-25,2025-03-25,2025-03-25,22273.19,0.75,251.54,343549627336,592,1080,195,6409097691,-31880,68,-0.143525,-0.700444,0.157433,0.457812,-1.8878714665219953,-0.03000000000000025,-0.08000000000000007,0.34999999999999964,0.1100854006351959,-0.07673300346776601,0.45747858824674026,-0.6177650800823886,-2.3480334032509265,-0.06480675921158863,-0.5406724763037274,-0.4249277915187477,-0.5930328630142645,0.8432139634071856,-1.563401565053102,22260.29,-0.05791716,0,0.8125539115,-0.2918660287,0.5481481481,-34954770465.0,1.4360542732,4181.0,7320.0,-0.4650703437,0.0068248138,-5.4831445035,0.3956925914,-0.8568246639,1.0205414628
2025-03-26,2025-03-27,2025-03-26,2025-03-26,2025-03-26,2025-03-27,2025-03-26,2025-03-26,2025-03-26,2025-03-26,2025-03-26,2025-03-26,2025-03-26,2025-03-26,2025-03-26,2025-03-26,2025-03-26,2025-03-26,2025-03-26,2025-03-26,2025-03-26,2025-03-26,2025-03-26,22260.29,-0.06,252.11,300338828382,1034,601,223,-226128246,-33016,-259,-4.090655,-3.273728,-1.115693,-2.040514,6.880468404796991,0.040000000000000036,0.020000000000000018,0.36999999999999966,0.10299623953369252,0.35515717555978377,0.653114026752788,1.075379411440247,0.5957369052336237,-0.32906800716049345,-2.80131306739394,-3.326801477335195,-5.741983731038724,-4.024035550414206,-4.775305692494625,21951.76,-1.38601069,0,0.7248361679,0.2648318043,1.7204658902,-935204353.0,1.0109105626,-1136.0,3380.0,0.230491105,1.3636096632,-4.4036860359,0.0674030141,-0.687593383,0.9996465994
2025-03-27,2025-03-28,2025-03-27,2025-03-27,2025-03-27,2025-03-28,2025-03-27,2025-03-27,2025-03-27,2025-03-27,2025-03-27,2025-03-27,2025-03-27,2025-03-27,2025-03-27,2025-03-27,2025-03-27,2025-03-27,2025-03-27,2025-03-27,2025-03-27,2025-03-27,2025-03-27,21951.76,-1.39,248.71,325091126467,358,1328,138,-38787163277,-36414,-144,-3.031697,-2.073533,-0.330698,-0.530701,1.9639967913255507,0.03000000000000025,-0.009999999999999787,0.4099999999999997,0.1307340140583202,-0.45911367089674915,-0.5977820615253093,-1.3914854299955204,0.4065884529079078,0.33295753209277024,-1.970072876535811,-1.918830058213783,-2.0481731604263254,-3.2126334849749583,-4.060912927871896,21602.89,-1.58925754,0,0.7946521442,-0.5753262159,0.2695783133,-61761390946.0,-0.8503996097,-3398.0,-3252.0,-0.7006039814,-1.9014839172,-6.1992817022,-0.9405873486,-1.7460959681,1.0160377315
2025-03-28,2025-03-31,2025-03-28,2025-03-28,2025-03-28,2025-03-31,2025-03-28,2025-03-28,2025-03-28,2025-03-28,2025-03-28,2025-03-28,2025-03-30,2025-03-28,2025-03-28,2025-03-28,2025-03-28,2025-03-28,2025-03-28,2025-03-28,2025-03-28,2025-03-28,2025-03-28,21602.89,-1.59,242.96,375414714346,142,1687,40,-33668569880,-36697,-458,-1.777226,-2.952038,-1.973722,-2.701855,15.837340823392898,-0.11000000000000032,-0.08000000000000007,0.37999999999999945,0.22469010496022346,-0.028825578346158842,-1.7979925578642142,-1.8859645097812683,-0.6455000544218992,-0.43840776062755715,-3.022206494961366,-2.5625725974992797,-1.5794688426907566,-3.21612776005773,-1.668707648300316,20695.9,-4.19846604,0,0.946358626,-0.8447238928,0.0841730883,-77745150960.0,-0.6373378722,-283.0,-1109.0,-3.0094476813,-2.7295568033,-6.2910626647,-1.9786056997,-2.9927493188,1.0218285531
2025-03-31,2025-04-01,2025-03-31,2025-03-31,2025-03-31,2025-04-01,2025-03-31,2025-03-31,2025-03-31,2025-03-31,2025-03-31,2025-03-31,2025-03-31,2025-03-31,2025-03-31,2025-03-31,2025-03-31,2025-03-31,2025-03-31,2025-03-31,2025-03-31,2025-03-31,2025-03-31,20695.9,-4.2,230.4,467718115965,66,1788,17,-37854717204,-29313,324,0.453858,-0.33793,0.553852,-0.136819,2.9099357007656312,-0.03999999999999915,0.0,0.3400000000000003,0.1606192017939545,0.16339693142000122,-4.048373511649828,-3.004709335808231,-1.310559519389809,-0.7115875897388269,-0.2702960179314262,-0.32992268194526053,-1.1762568952906505,-0.4650294044341807,-0.9992919171001646,21280.17,2.82311956,1,1.1790854884,-0.928802589,0.0369127517,-104127480916.0,-0.9736021115,7384.0,6748.0,-7.0277161708,-6.38152157,-9.0539961549,-4.8762028765,-6.6336553509,1.3147168024
2025-04-01,2025-04-02,2025-04-01,2025-04-01,2025-04-01,2025-04-02,2025-04-01,2025-04-01,2025-04-01,2025-04-01,2025-04-01,2025-04-01,2025-04-01,2025-04-01,2025-04-01,2025-04-01,2025-04-01,2025-04-01,2025-04-01,2025-04-01,2025-04-01,2025-04-01,2025-04-01,21280.17,2.82,235.78,324116350128,1591,184,77,-4386891595,-29385,147,1.590361,0.2817,0.378124,0.870565,-2.289049430718948,-0.0600000000000005,-0.020000000000000018,0.2999999999999998,-0.10711050560909818,0.047982969194038105,0.01943388394176626,1.6230481995475943,0.3774279867114094,0.009514884104944166,0.05314667826368247,0.482339937850762,1.6331466297440977,0.038934121431832835,0.6510252907855341,21298.22,0.08482075,1,0.8309915506,0.7926760563,8.6467391304,-114923470202.0,0.8207637287,-72.0,2495.0,-3.0593902266,-4.4583645181,-5.8269548716,-1.289680837,-3.7118295452,1.495038468
2025-04-02,2025-04-07,2025-04-02,2025-04-02,2025-04-02,2025-04-07,2025-04-04,2025-04-04,2025-04-04,2025-04-04,2025-04-04,2025-04-04,2025-04-06,2025-04-04,2025-04-04,2025-04-04,2025-04-03,2025-04-03,2025-04-04,2025-04-04,2025-04-04,2025-04-04,2025-04-04,21298.22,0.08,237.38,284877203524,1140,546,178,-1049361618,-24285,-437,-6.722583,-7.602815,-5.974961,-5.817425,50.932713798720464,-0.04999999999999982,-0.029999999999999805,0.3299999999999996,0.39779856690886906,0.9307308230455114,-2.7503267397613107,-0.8557537987985531,-1.520173708163386,-0.589278965581197,-7.4724088294970015,-7.55228497178252,-7.357569026158028,-8.57142926860137,-5.012662486888453,19232.35,-9.69973078,0,0.7435476074,0.3523131673,2.0879120879,-115746703574.0,0.9597616487,5100.0,8731.0,-1.4103205636,-4.3219113498,-6.8804078367,-0.3162438942,-3.2858275695,1.4579328091
2025-04-07,2025-04-08,2025-04-07,2025-04-07,2025-04-07,2025-04-08,2025-04-07,2025-04-07,2025-04-07,2025-04-07,2025-04-07,2025-04-07,2025-04-07,2025-04-07,2025-04-07,2025-04-07,2025-04-07,2025-04-07,2025-04-07,2025-04-07,2025-04-07,2025-04-07,2025-04-07,19232.35,-9.7,214.38,119438873206,4,1873,3,16821023092,-25151,-761,-0.429159,2.704259,-0.233147,0.099243,3.685716438600095,0.14000000000000057,0.04999999999999982,0.4200000000000004,-0.5500181172965579,0.2329698126428914,-7.826976901020699,-5.565784939336682,-13.22334712327945,-7.04545017723035,2.309204641815832,2.2676940130099688,3.530910738265902,-2.4720180664342672,5.36605814736868,18459.95,-4.01614987,0,0.3250797806,-0.9957378796,0.0021356113,-60138517205.0,1.7397282717,-866.0,11263.0,-7.0716905281,-12.3881183103,-15.3335420021,-7.6340561714,-11.9706842814,2.5084012467
2025-04-08,2025-04-09,2025-04-08,2025-04-08,2025-04-08,2025-04-09,2025-04-08,2025-04-08,2025-04-08,2025-04-08,2025-04-08,2025-04-08,2025-04-08,2025-04-08,2025-04-08,2025-04-08,2025-04-08,2025-04-08,2025-04-08,2025-04-08,2025-04-08,2025-04-08,2025-04-08,18459.95,-4.02,200.03,526055480106,263,1582,33,-34183001627,-30077,-119,-3.28385,-3.572714,-1.570052,-2.149228,11.387829589075583,0.10999999999999943,-0.020000000000000018,0.5499999999999998,0.3050360677505859,-0.29053171174838743,6.025061333543769,0.2589996316183951,1.5098565911058737,1.70834640947779,-3.974702977796085,-2.677121206944677,-1.3723846233787307,-6.492109450980954,1.2261576470301794,17391.76,-5.78652705,0,1.4133627319,-0.7149051491,0.1662452592,-60652948952.0,-1.0049459854,-4926.0,6620.0,-13.2528076608,-14.5487015858,-18.2322255379,-8.5838691789,-14.7025678339,2.6038387872
2025-04-09,2025-04-10,2025-04-09,2025-04-09,2025-04-09,2025-04-10,2025-04-09,2025-04-09,2025-04-09,2025-04-09,2025-04-09,2025-04-09,2025-04-09,2025-04-09,2025-04-09,2025-04-09,2025-04-09,2025-04-09,2025-04-09,2025-04-09,2025-04-09,2025-04-09,2025-04-09,17391.76,-5.79,185.14,560849550105,57,1802,17,-35641379997,-27871,1718,12.293984,18.734816,9.515388,12.163161,-35.753873962348436,0.08000000000000007,0.20000000000000018,0.4299999999999997,-1.489084234874749,-0.0582726875750339,-3.9334971755557224,-1.7363340217546153,0.6797134543032435,0.986918592306707,18.571609449492342,17.160325316201195,18.722739572091605,23.82048008119291,18.663074629884147,19000.03,9.24731022,1,1.4778413807,-0.9386767079,0.0316315205,-58439611745.0,-1.047502699,2206.0,1442.0,-18.3417205757,-15.9651911731,-22.5626971635,-10.9598417816,-18.6863569772,2.8039987464
2025-04-10,2025-04-11,2025-04-10,2025-04-10,2025-04-10,2025-04-11,2025-04-10,2025-04-10,2025-04-10,2025-04-10,2025-04-10,2025-04-10,2025-04-10,2025-04-10,2025-04-10,2025-04-10,2025-04-10,2025-04-10,2025-04-10,2025-04-10,2025-04-10,2025-04-10,2025-04-10,19000.03,9.25,202.06,212791754119,1851,18,4,-5686895685,-22650,-64,-4.799997,-7.969604,-3.460758,-4.307512,21.118389394369697,0.0600000000000005,-0.07000000000000028,0.5600000000000005,0.6081981557515048,-1.9727879000918547,9.12835980576665,6.598949759951966,2.0592132230997207,1.3108985760764913,-8.174488021991532,-6.934494611873598,-5.912710599112659,-8.405617201023684,-6.940313944547505,19528.77,2.78283771,1,0.5806722732,0.9807383628,102.8333333333,-59739615835.0,0.4573452254,5221.0,6735.0,-1.2079647053,-10.714858011,-13.9144011465,-0.4006612966,-10.5246676862,3.6106744291
2025-04-11,2025-04-14,2025-04-11,2025-04-11,2025-04-11,2025-04-14,2025-04-11,2025-04-11,2025-04-11,2025-04-11,2025-04-11,2025-04-11,2025-04-13,2025-04-11,2025-04-11,2025-04-11,2025-04-11,2025-04-11,2025-04-11,2025-04-11,2025-04-11,2025-04-11,2025-04-11,19528.77,2.78,204.94,544877490810,946,828,86,30516668815,-23548,-16,3.937006,2.506867,1.80921,2.057387,-7.760313734483592,0.08000000000000007,0.1200000000000001,0.5200000000000005,-1.2941415741642648,-1.080602694166266,-2.957097503539541,-0.5046946739509672,1.1261611146057948,0.4123000562387791,2.1647552833590877,2.5992511442924915,3.123548033730472,5.298765207826617,5.594892175801447,19513.09,-0.0802918,0,1.4624995655,0.0665163472,1.1425120773,-28173585402.0,2.0812472431,-898.0,737.0,5.7899398427,-8.3079712765,-12.3419766985,4.3060216299,-7.4354316731,3.673837942
2025-04-14,2025-04-15,2025-04-14,2025-04-14,2025-04-14,2025-04-15,2025-04-14,2025-04-14,2025-04-14,2025-04-14,2025-04-14,2025-04-14,2025-04-14,2025-04-14,2025-04-14,2025-04-14,2025-04-14,2025-04-14,2025-04-14,2025-04-14,2025-04-14,2025-04-14,2025-04-14,19513.09,-0.08,208.61,502992434069,1297,472,102,-18627027929,-23883,7,-0.78941,0.308704,0.794471,0.639898,-17.758258093104406,-0.10000000000000053,-0.1200000000000001,0.54,-0.01606647441906306,-0.14030806911322635,1.1814036623792656,0.9524286458791664,2.4036261146822113,0.22983141009742525,0.6617899837464636,0.14902541125434432,-0.19832436680599086,1.17772853977558,-1.9676826332942543,19857.67,1.76589151,1,1.3398918365,0.4663651781,2.7478813559,-63621636423.0,-0.373237695,-335.0,1268.0,12.19732793,1.4597280104,-11.1493747291,3.9106499272,-6.9698955103,3.6702601864
2025-04-15,2025-04-16,2025-04-15,2025-04-15,2025-04-15,2025-04-16,2025-04-15,2025-04-15,2025-04-15,2025-04-15,2025-04-15,2025-04-15,2025-04-15,2025-04-15,2025-04-15,2025-04-15,2025-04-15,2025-04-15,2025-04-15,2025-04-15,2025-04-15,2025-04-15,2025-04-15,19857.67,1.77,216.48,348481046925,1756,78,42,-489664693,-22398,24,0.956112,0.466373,-0.172778,-0.049375,-2.4927114458703215,-0.03000000000000025,0.0,0.5099999999999998,0.45493231013253865,0.5820973851942357,0.8391991984811886,0.8762615781874095,0.22817494062628008,0.055600162546531884,0.4094617871157835,0.6497681437567016,1.3458566309197062,0.8359798047908429,0.3307896029780544,19468,-1.96231481,0,0.9348628934,0.9149400218,22.5128205128,-29928299489.0,0.5043567489,1485.0,7679.0,4.5138876097,7.5716348094,-9.606587749,4.1945373409,-4.8484059891,3.7026628742
2025-04-16,2025-04-17,2025-04-16,2025-04-16,2025-04-16,2025-04-17,2025-04-16,2025-04-16,2025-04-16,2025-04-16,2025-04-16,2025-04-16,2025-04-16,2025-04-16,2025-04-16,2025-04-16,2025-04-16,2025-04-16,2025-04-16,2025-04-16,2025-04-16,2025-04-16,2025-04-16,19468,-1.96,212.87,348678479473,341,1430,98,-21007789335,-28725,-201,-3.597536,-4.095586,-2.240837,-3.067256,8.366528818726216,-0.05999999999999961,-0.06999999999999984,0.52,-0.3851900465324021,-0.8381600050426208,-1.0130305078717705,-1.2101340324106369,-1.9066613409664313,0.30814621681762855,-3.859629657771413,-4.2233353749069895,-6.871657124936714,-7.345996361365725,-2.4252564469983695,19338.73,-0.66401274,0,0.9376074201,-0.6149068323,0.2384615385,-15294708827.0,-0.4841024696,-6327.0,-854.0,-0.3111819126,11.9380672226,-11.9836988096,-0.0283051152,-6.1193924264,3.7075810682
2025-04-17,2025-04-18,2025-04-17,2025-04-17,2025-04-17,2025-04-18,2025-04-17,2025-04-17,2025-04-17,2025-04-17,2025-04-17,2025-04-17,2025-04-16,2025-04-17,2025-04-17,2025-04-17,2025-04-17,2025-04-17,2025-04-17,2025-04-17,2025-04-17,2025-04-17,2025-04-17,19338.73,-0.66,212.08,306379251556,696,957,184,-13620816803,-29870,-2,0.046158,-0.640365,0.132684,-0.126999,-9.160538685752616,0.04999999999999982,0.040000000000000036,0.5299999999999998,-0.3851900465324021,0.0,1.3478707387309052,0.938943345084664,1.60592900179517,-0.015905811710525963,-0.5018199061792794,-0.9364585886605936,-2.871088201103511,-0.8947795982958362,-2.0731888806676313,19395.03,0.29112563,1,0.8291320479,-0.1578947368,0.7272727273,-23228629945.0,-0.0978071431,-1145.0,-7220.0,-0.8935540194,1.7826287643,-13.1689271617,-1.0363819063,-6.0785815477,3.6963214085
2025-04-18,2025-04-21,2025-04-18,2025-04-18,2025-04-18,2025-04-21,2025-04-17,2025-04-17,2025-04-17,2025-04-17,2025-04-17,2025-04-17,2025-04-16,2025-04-17,2025-04-18,2025-04-18,2025-04-17,2025-04-18,2025-04-17,2025-04-17,2025-04-17,2025-04-17,2025-04-17,19395.03,0.29,212.13,243979566833,900,764,185,-15199414766,-29062,34,0.046158,-0.640365,0.132684,-0.126999,-9.160538685752616,0.04999999999999982,0.040000000000000036,0.5299999999999998,-0.3851900465324021,0.0,1.0258996307779489,0.5266336449612163,1.60592900179517,0.007954171030721824,-0.5018199061792794,-0.9364585886605936,-2.871088201103511,-0.8947795982958362,-2.0731888806676313,19106.2,-1.48919594,0,0.6733865742,0.0817307692,1.1780104712,-68944713526.0,-0.2303077958,808.0,-5514.0,-2.3297798785,-0.6848357577,-11.6835292655,-0.6122318046,-5.2145827102,3.6972415965
2025-04-21,2025-04-22,2025-04-21,2025-04-21,2025-04-21,2025-04-22,2025-04-21,2025-04-21,2025-04-21,2025-04-21,2025-04-21,2025-04-21,2025-04-21,2025-04-21,2025-04-21,2025-04-21,2025-04-17,2025-04-21,2025-04-21,2025-04-21,2025-04-21,2025-04-21,2025-04-21,19106.2,-1.49,206.22,242692205841,196,1596,66,-1950534812,-26570,-229,-2.557009,-2.10204,-2.356749,-2.551506,14.064081382610993,0.08000000000000007,-0.06000000000000005,0.6699999999999999,0.19087153159529358,-1.1068610429884718,-1.2967340280320983,0.20133526174763716,1.60592900179517,0.3276288321138132,-1.7472252229290275,-2.4411764286301874,-4.51275425959502,-2.217145647321428,-2.795484312378693,18793.43,-1.63700788,0,0.6799815862,-0.78125,0.1228070175,-52268220409.0,0.5453121975,2492.0,-2687.0,-1.8584343538,-2.0852156168,-14.6177860918,-1.6823129742,-5.8737727595,3.6586464991
2025-04-22,2025-04-23,2025-04-22,2025-04-22,2025-04-22,2025-04-23,2025-04-22,2025-04-22,2025-04-22,2025-04-22,2025-04-22,2025-04-22,2025-04-22,2025-04-22,2025-04-22,2025-04-22,2025-04-22,2025-04-22,2025-04-22,2025-04-22,2025-04-22,2025-04-22,2025-04-22,18793.43,-1.64,203.68,284246864305,438,1263,144,-5243129009,-27131,253,2.394152,2.135982,2.51172,2.706334,-9.609698490025053,-0.009999999999999787,0.009999999999999787,0.6500000000000004,0.40997828226332356,0.6512000382556504,-0.17304681357299678,-0.07153251270926031,0.7813909262398333,-0.02456964737105327,1.9432950051523123,2.16684875991775,2.0431283177354986,0.818144690989886,2.0275524824380664,19639.14,4.50003006,1,0.8122848936,-0.4850088183,0.3467933492,-57021684725.0,0.330458005,-561.0,-4733.0,-2.8197301477,-5.3593397413,-15.3795966518,-2.2208211557,-6.62903992,3.6641172373
2025-04-23,2025-04-24,2025-04-23,2025-04-23,2025-04-23,2025-04-24,2025-04-23,2025-04-23,2025-04-23,2025-04-23,2025-04-23,2025-04-23,2025-04-23,2025-04-23,2025-04-23,2025-04-23,2025-04-23,2025-04-23,2025-04-23,2025-04-23,2025-04-23,2025-04-23,2025-04-23,19639.14,4.5,211.5,314283888447,1687,118,62,26370251674,-27745,90,4.23382,3.96315,1.666114,2.500738,-6.93490007539549,-0.009999999999999787,0.050000000000000266,0.5900000000000003,-0.12526095055448438,0.9300426465577161,1.893676072778705,1.565170981604136,2.366622982727762,0.07743050723272304,3.746553006590503,3.652949446890741,3.86287766043214,4.787847381333776,4.322444717483398,19478.81,-0.81637994,0,0.9009331144,0.8692520776,14.2966101695,-9643643716.0,1.78820824,-614.0,980.0,1.2586214097,0.8790836244,-11.161804779,1.9976311,-1.8255474059,3.8399389095
2025-04-24,2025-04-25,2025-04-24,2025-04-24,2025-04-24,2025-04-25,2025-04-24,2025-04-24,2025-04-24,2025-04-24,2025-04-24,2025-04-24,2025-04-24,2025-04-24,2025-04-24,2025-04-24,2025-04-24,2025-04-24,2025-04-24,2025-04-24,2025-04-24,2025-04-24,2025-04-24,19478.81,-0.82,212.75,301953574617,838,815,185,-6208837316,-27358,485,4.036497,5.629381,2.025911,2.741123,-6.959583115949231,-0.08000000000000007,-0.040000000000000036,0.5500000000000003,-0.2987707483269153,-0.5508768454897783,0.4890342310518436,-0.1278916515075279,-0.7378343909366647,-0.06653961753741999,5.754891681734131,5.057562401779836,3.6218491421109444,4.513775703733369,6.353507434120509,19872.73,2.02230013,1,0.8707783529,0.0139140956,1.0282208589,-2231664229.0,0.192972107,387.0,2512.0,1.9502046456,0.7243495307,-12.5459352702,1.0179581281,-1.9421448984,3.8292201148
2025-04-25,2025-04-28,2025-04-25,2025-04-25,2025-04-25,2025-04-28,2025-04-25,2025-04-25,2025-04-25,2025-04-25,2025-04-25,2025-04-25,2025-04-27,2025-04-25,2025-04-25,2025-04-25,2025-04-25,2025-04-25,2025-04-25,2025-04-25,2025-04-25,2025-04-25,2025-04-25,19872.73,2.02,216.92,352320568237,1471,270,127,14568194329,-23698,179,0.560369,1.031796,0.737313,1.263544,-6.157911609556576,-0.03000000000000025,-0.029999999999999805,0.5499999999999998,0.25712712450653985,0.18128744437106992,1.9024145091282918,0.9503106239348025,0.32396735294817347,0.06949346092466335,0.9725175059653646,1.4356127589967072,4.30329965040126,2.3076111749832817,2.211003878319606,20034.41,0.8135772,1,1.0084686998,0.6898334291,5.4481481481,27535944866.0,1.1741142406,3660.0,5364.0,5.7429644296,2.4630021196,-10.7256464314,2.5527217324,0.6457179294,3.8704101893
2025-04-28,2025-04-29,2025-04-28,2025-04-28,2025-04-28,2025-04-29,2025-04-28,2025-04-28,2025-04-28,2025-04-28,2025-04-28,2025-04-28,2025-04-28,2025-04-28,2025-04-28,2025-04-28,2025-04-28,2025-04-28,2025-04-28,2025-04-28,2025-04-28,2025-04-28,2025-04-28,20034.41,0.81,219.41,279134776505,1353,380,129,5866675290,-24770,5,-1.029686,-0.376087,0.064071,-0.096696,1.247984959895776,-0.05999999999999961,-0.07000000000000028,0.5600000000000005,-0.2862987748134538,-0.4624500641676077,0.3759899849781201,0.10054033478608115,-0.03994086086905879,-0.14179792026708382,-0.17856275927391474,-0.6227330832745293,-2.053867881651672,-0.26901410463077147,0.08320090694224902,20232.63,0.98939774,1,0.8042743946,0.5614541258,3.5605263158,35353154968.0,0.6661876736,-1072.0,1800.0,2.0126645057,4.8581612252,-8.7343793846,2.4060167747,1.9595850532,3.8746471416
2025-04-29,2025-04-30,2025-04-29,2025-04-29,2025-04-29,2025-04-30,2025-04-29,2025-04-29,2025-04-29,2025-04-29,2025-04-29,2025-04-29,2025-04-29,2025-04-29,2025-04-28,2025-04-29,2025-04-29,2025-04-29,2025-04-29,2025-04-29,2025-04-29,2025-04-29,2025-04-29,20232.63,0.99,222.51,313308144670,1525,242,97,9381548288,-25366,-1,0.660956,-0.917696,0.580241,0.548133,-3.8966185172991996,-0.040000000000000036,-0.020000000000000018,0.5400000000000005,-0.32134330087744134,0.2322954475070249,0.3759899849781201,0.6496949128320217,0.16452076172366326,-0.17294278271832164,-1.0678671218166347,-0.17089989118559412,0.2667095347921977,-0.34236106768782415,-0.675431518425107,20235.03,0.01186203,1,0.9108886355,0.7260894171,6.3016528926,49977832265.0,0.7641761093,-596.0,1765.0,3.8699489343,7.6579953739,-6.3429476334,1.9196793962,3.3286551233,3.8751801799
2025-04-30,2025-05-02,2025-04-30,2025-04-30,2025-04-30,2025-05-02,2025-05-01,2025-05-01,2025-05-01,2025-05-01,2025-05-01,2025-05-01,2025-05-01,2025-05-01,2025-05-01,2025-04-30,2025-04-30,2025-04-30,2025-05-01,2025-05-01,2025-05-01,2025-05-01,2025-05-01,20235.03,0.01,219.98,345249931876,498,1238,128,-1656896976,-22730,276,3.617493,0.415365,0.62991,1.515506,-0.40485983150158056,0.08000000000000007,0.10000000000000009,0.5499999999999998,0.248493598366184,0.7841547901122681,1.1289155152408359,-0.3434063319616709,0.5057262273352459,-0.119467923124561,-0.13598781820062245,0.48277370236375905,2.469704816955476,-0.7190518327827911,2.52506914299786,20787.64,2.73095716,1,1.0219472581,-0.4262672811,0.4022617124,21950683615.0,0.0828837368,2636.0,5015.0,1.8231013052,3.0341959984,-2.2268661909,1.3234774386,3.4626708541,3.7679222628
2025-05-02,2025-05-05,2025-05-02,2025-05-02,2025-05-02,2025-05-05,2025-05-02,2025-05-02,2025-05-02,2025-05-02,2025-05-02,2025-05-02,2025-05-04,2025-05-02,2025-05-02,2025-05-02,2025-05-02,2025-04-30,2025-05-02,2025-05-02,2025-05-02,2025-05-02,2025-05-02,20787.64,2.73,223.89,388859195186,1463,291,119,38773013562,-22913,158,3.798053,3.516987,1.472657,1.507505,-7.804878237889012,0.08000000000000007,0.1299999999999999,0.5,-4.382525588739094,-0.24937655860348684,1.0380431876460205,0.12438078185617041,1.7417712702485488,-0.119467923124561,3.5078177296510527,3.1700403348078776,2.589373151011709,2.2245230128663973,3.1976878832627342,20532.99,-1.22500678,0,1.140107101,0.6681870011,5.0274914089,66932534493.0,2.0520202833,-183.0,4445.0,3.759681468,6.7192503033,-2.3145021868,2.7438642247,6.4221951355,3.7644714811
2025-05-05,2025-05-06,2025-05-05,2025-05-05,2025-05-05,2025-05-06,2025-05-05,2025-05-05,2025-05-05,2025-05-05,2025-05-05,2025-05-05,2025-05-05,2025-05-05,2025-05-02,2025-05-02,2025-05-02,2025-04-30,2025-05-05,2025-05-05,2025-05-05,2025-05-05,2025-05-05,20532.99,-1.23,219.39,445222016489,389,1403,76,24440856662,-26159,-225,-1.606428,-0.929478,-0.63816,-0.742531,4.232800139132165,0.03000000000000025,0.0,0.5300000000000002,-5.0295889599485495,-0.16999816894531783,1.0380431876460205,0.12438078185617041,1.7417712702485488,-0.119467923124561,-0.7682952504639906,-0.6483121841114325,-0.5938867294111638,1.8117340393148496,-1.433902071153581,20522.59,-0.0506502,0,1.2753797857,-0.5658482143,0.2772630078,76805196826.0,1.197184122,-3246.0,-2461.0,1.4845326584,3.322442362,-3.5929293622,0.8271731156,5.3248257835,3.7730172569
2025-05-06,2025-05-07,2025-05-06,2025-05-06,2025-05-06,2025-05-07,2025-05-06,2025-05-06,2025-05-06,2025-05-06,2025-05-06,2025-05-06,2025-05-06,2025-05-06,2025-05-02,2025-05-02,2025-05-06,2025-05-06,2025-05-06,2025-05-06,2025-05-06,2025-05-06,2025-05-06,20522.59,-0.05,221.42,353958871829,1263,482,114,15753975154,-31157,-98,-2.335598,-1.032556,-0.769324,-0.866274,4.737736328892761,-0.0600000000000005,-0.050000000000000266,0.52,2.8038417507629143,-0.5910086712045071,1.0380431876460205,0.12438078185617041,0.7022150601315946,1.0070087550354545,-0.9545542672981799,-0.928268124992071,-0.24600138819856898,-1.9584388736740954,-0.31387249849593735,20546.49,0.11645704,1,0.9809961658,0.4475644699,2.6203319502,86692496690.0,0.7695670769,-4998.0,-6387.0,1.421099944,2.4367076445,6.7086965451,0.2952471917,4.9242663316,3.0669130443
2025-05-07,2025-05-08,2025-05-07,2025-05-07,2025-05-07,2025-05-08,2025-05-07,2025-05-07,2025-05-07,2025-05-07,2025-05-07,2025-05-07,2025-05-07,2025-05-07,2025-05-07,2025-05-07,2025-05-07,2025-05-07,2025-05-07,2025-05-07,2025-05-07,2025-05-07,2025-05-07,20546.49,0.12,219.55,333752591878,667,1028,168,13645290933,-30643,135,1.311815,1.743358,0.434636,0.274171,-4.886918338594592,-0.040000000000000036,0.0,0.48,1.3780265518076762,0.3728363105065302,-0.13855631825402392,0.5473108947152472,0.12871329451911162,0.6062649601468628,1.750810589960472,2.054830005946684,3.1002260125796877,1.764345787173327,2.3589391309360996,20543.4,-0.01503907,0,0.9503189408,-0.212979351,0.6488326848,90956239335.0,0.5879976281,514.0,-5277.0,-1.1600643459,1.5512565593,11.3030642011,0.1049551989,4.4891290747,2.8989627006
2025-05-08,2025-05-09,2025-05-08,2025-05-08,2025-05-08,2025-05-09,2025-05-08,2025-05-08,2025-05-08,2025-05-08,2025-05-08,2025-05-08,2025-05-08,2025-05-08,2025-05-08,2025-05-08,2025-05-08,2025-05-08,2025-05-08,2025-05-08,2025-05-08,2025-05-08,2025-05-08,20543.4,-0.02,222.69,309822396943,1355,376,136,1484409718,-30020,102,0.3896,1.004935,0.579978,1.071027,-4.543523267467309,0.11000000000000032,0.1200000000000001,0.4700000000000002,-0.40045240590582676,1.034031495819332,0.4050302514138071,0.22068270778108356,0.3703485974600573,0.5551167566225645,0.8945549711063316,0.8771896365347143,0.2648258965092687,1.335189647012025,1.4452452268695293,20915.04,1.80904816,1,0.9148769549,0.5655690352,3.6037234043,94097546029.0,-0.1870115968,623.0,-7290.0,0.0506988997,1.5239414026,18.1214552179,-0.2099518804,3.6428388887,2.5125532286
2025-05-09,2025-05-12,2025-05-09,2025-05-09,2025-05-09,2025-05-12,2025-05-09,2025-05-09,2025-05-09,2025-05-09,2025-05-09,2025-05-09,2025-05-11,2025-05-09,2025-05-09,2025-05-09,2025-05-09,2025-05-09,2025-05-09,2025-05-09,2025-05-09,2025-05-09,2025-05-09,20915.04,1.81,223.55,380112085214,1051,643,168,22732275401,-33271,-51,0.741926,0.813916,-0.071148,0.004347,-2.5800708875297285,0.0,-0.020000000000000018,0.4900000000000002,-0.07465812307537734,-0.29809524401553933,1.556243044411354,-0.0856746690896304,0.40314644947365696,-0.1749329181968906,1.1473854621959045,0.6532989268660971,-0.613445687871117,1.1209433862899854,0.206956089396515,21129.54,1.02557777,1,1.0953756767,0.240850059,1.634525661,78056807868.0,1.0032638493,-3251.0,-10358.0,1.9122830013,0.6128641828,10.0789840858,1.4697093969,5.0105158429,1.6453552586
2025-05-12,2025-05-13,2025-05-12,2025-05-12,2025-05-12,2025-05-13,2025-05-12,2025-05-12,2025-05-12,2025-05-12,2025-05-12,2025-05-12,2025-05-12,2025-05-12,2025-05-12,2025-05-12,2025-05-12,2025-05-12,2025-05-12,2025-05-12,2025-05-12,2025-05-12,2025-05-12,21129.54,1.03,226.06,354137594430,1251,482,141,16618482149,-36747,412,5.925669,7.039744,3.255878,4.347278,-16.027398584573106,0.08000000000000007,0.10000000000000009,0.4700000000000002,0.48501607250679424,1.4450913200693138,0.37578956534274344,1.1663527052247824,2.9811459118301187,1.1557032554094127,7.182629937312601,6.271266852458712,5.443633425681815,5.13419544604361,6.426515407749367,21330.14,0.94938177,1,1.0493641263,0.4437391806,2.5954356846,70234433355.0,0.7113393696,-3476.0,-10588.0,2.8377109667,2.9053245533,8.1969832201,1.9204094733,5.6628652627,1.5658171116
2025-05-13,2025-05-14,2025-05-13,2025-05-13,2025-05-13,2025-05-14,2025-05-13,2025-05-13,2025-05-13,2025-05-13,2025-05-13,2025-05-13,2025-05-13,2025-05-13,2025-05-13,2025-05-13,2025-05-13,2025-05-13,2025-05-13,2025-05-13,2025-05-13,2025-05-13,2025-05-13,21330.14,0.95,228.18,486317982315,926,773,171,15156583067,-36513,322,3.749069,3.146248,0.72482,1.612917,-0.9244158887228515,0.040000000000000036,0.03999999999999959,0.47000000000000064,0.10495309053717428,-0.7761085651064481,1.4318251318806707,0.041799224392180534,-1.8734671142618398,0.1452189293646322,2.8335014807346015,3.4328772043168643,5.634140386814024,4.014054964522118,4.892136586475737,21782.87,2.12248959,1,1.4446037516,0.0900529723,1.1979301423,69637041268.0,0.5427840428,234.0,-5356.0,3.8296484516,3.9349321894,9.3119541805,2.0926608542,6.183587779,1.5658824385
2025-05-14,2025-05-15,2025-05-14,2025-05-14,2025-05-14,2025-05-15,2025-05-14,2025-05-14,2025-05-14,2025-05-14,2025-05-14,2025-05-14,2025-05-14,2025-05-14,2025-05-14,2025-05-14,2025-05-14,2025-05-14,2025-05-14,2025-05-14,2025-05-14,2025-05-14,2025-05-14,21782.87,2.12,231.47,502441348876,1289,444,136,44692333399,-36283,46,0.396922,0.595778,0.102442,0.719201,2.1953981391520827,0.040000000000000036,0.03000000000000025,0.4800000000000004,-0.2803567472373425,0.03960486685876674,-0.1443900023683109,1.2325525585337838,2.303854291880425,1.205000463372552,0.4818482437151994,0.9895780903770746,4.163783550430233,4.677220504225232,-0.1290779855956048,21730.25,-0.24156596,0,1.4591322635,0.487593768,2.9031531532,100684083734.0,2.0799088172,230.0,-5640.0,4.1493107352,6.0174754909,9.6949944278,3.0400472124,7.9201785234,1.5826106528
2025-05-15,2025-05-16,2025-05-15,2025-05-15,2025-05-15,2025-05-16,2025-05-15,2025-05-15,2025-05-15,2025-05-15,2025-05-15,2025-05-15,2025-05-15,2025-05-15,2025-05-15,2025-05-15,2025-05-15,2025-05-15,2025-05-15,2025-05-15,2025-05-15,2025-05-15,2025-05-15,21730.25,-0.24,230.13,411754931116,619,1087,161,7510831566,-37208,80,-0.277261,-0.570073,0.413233,-0.180136,-4.242754457146781,-0.08000000000000007,-0.08999999999999986,0.4900000000000002,-0.5692240792755765,-0.15835675045484665,-0.9772763526272099,-0.7274929443336187,-0.7930840788092364,-0.9132156319939799,-0.6424832008747661,-0.3467884153804168,-0.37682467905694184,-2.3190650090253895,0.2240239028948876,21843.69,0.52203725,1,1.1849185883,-0.2743259086,0.5694572217,106710505582.0,-0.2017044256,-925.0,-7188.0,2.8429866433,5.7772812679,11.6203513458,1.6497760643,7.05951852,1.4918806196
2025-05-16,2025-05-19,2025-05-16,2025-05-16,2025-05-16,2025-05-19,2025-05-16,2025-05-16,2025-05-16,2025-05-16,2025-05-16,2025-05-16,2025-05-18,2025-05-16,2025-05-16,2025-05-16,2025-05-16,2025-05-16,2025-05-16,2025-05-16,2025-05-16,2025-05-16,2025-05-16,21843.69,0.52,230.92,399270647529,918,774,174,15689717026,-37207,5,0.0,-0.208015,0.700527,0.516836,-3.309030595134499,-0.020000000000000462,0.020000000000000018,0.44999999999999973,0.1180119416830605,0.20816721866587784,-0.004748892726857967,0.21019659794259127,-0.46095866944902975,-0.46349978264660363,-0.13120227472569468,-0.28730089420095917,0.42274868923009024,1.895817328180538,-1.7322897136648585,21523.83,-1.46431304,0,1.1338375646,0.085106383,1.1860465116,99667947207.0,0.2446464829,1.0,-3936.0,2.4076260165,4.4401062585,12.9530739609,1.3003205725,6.9584055215,1.4652971182
2025-05-19,2025-05-20,2025-05-19,2025-05-19,2025-05-19,2025-05-20,2025-05-19,2025-05-19,2025-05-19,2025-05-19,2025-05-19,2025-05-19,2025-05-19,2025-05-19,2025-05-19,2025-05-19,2025-05-19,2025-05-19,2025-05-19,2025-05-19,2025-05-19,2025-05-19,2025-05-19,21523.83,-1.46,227.08,379742078700,418,1333,113,-13050015446,-37713,212,-0.370714,-0.497339,0.087611,0.022702,5.220415490016572,0.03000000000000025,-0.009999999999999787,0.48999999999999977,-0.18806606512049573,-0.6528796682401916,-0.6756681254081798,-0.8927047880695094,-0.05281666868295343,-0.307017458506631,-0.6005718340787669,-0.16638408617642986,0.1255638370739831,-2.0739099967143515,0.8836027588766227,21526.03,0.01022123,1,1.0579863679,-0.522558538,0.3135783946,69999449612.0,-1.7565665128,-506.0,-966.0,-1.1891913233,1.8660605011,10.9760077711,-0.5467385042,4.8457569319,1.5334470543
2025-05-20,2025-05-21,2025-05-20,2025-05-20,2025-05-20,2025-05-21,2025-05-20,2025-05-20,2025-05-20,2025-05-20,2025-05-20,2025-05-20,2025-05-20,2025-05-20,2025-05-20,2025-05-20,2025-05-20,2025-05-20,2025-05-20,2025-05-20,2025-05-20,2025-05-20,2025-05-20,21526.03,0.01,227.74,331906895225,901,774,190,5354952291,-37844,32,-0.025841,-0.141498,-0.388023,-0.378601,-0.27562976153725494,0.020000000000000462,0.0,0.5100000000000002,0.0016576947628355043,-0.3086702754672488,0.08229467556575276,-0.06222096686224754,1.4947239546663216,0.5421513240574827,-0.14633599643670836,-0.19104964481029274,-0.8777770724466616,-1.0719851406999603,0.4552693798459906,21803.91,1.29090222,1,0.9133632195,0.0758208955,1.1640826873,60197818836.0,-0.5128067506,-131.0,-1331.0,-0.9397959066,0.9183718438,12.6651558133,-0.7163027884,4.2421043956,1.4679699118
2025-05-21,2025-05-22,2025-05-21,2025-05-21,2025-05-21,2025-05-22,2025-05-21,2025-05-21,2025-05-21,2025-05-21,2025-05-21,2025-05-21,2025-05-21,2025-05-21,2025-05-21,2025-05-21,2025-05-21,2025-05-21,2025-05-21,2025-05-21,2025-05-21,2025-05-21,2025-05-21,21803.91,1.29,230.26,359409678644,1302,398,171,30231924243,-38846,-205,-0.873612,-1.800732,-1.613513,-1.410826,15.36761007847649,0.09999999999999964,0.029999999999999805,0.5800000000000001,-0.41198726278828257,-0.5593339718594881,-0.6142045177183086,0.9139837362823311,0.617777373834616,0.467141281741279,-1.8294389902683172,-1.6575678816960981,-1.9199298536300868,-1.2774245003506213,-0.8416768861742252,21670.96,-0.60975302,0,0.9789232622,0.5317647059,3.2713567839,45737409680.0,1.1337956549,-1002.0,-2563.0,-0.1821120882,0.0965896597,16.0187895451,0.5458383286,4.8236782879,1.3800807867
2025-05-22,2025-05-23,2025-05-22,2025-05-22,2025-05-22,2025-05-23,2025-05-22,2025-05-22,2025-05-22,2025-05-22,2025-05-22,2025-05-22,2025-05-22,2025-05-22,2025-05-22,2025-05-22,2025-05-22,2025-05-22,2025-05-22,2025-05-22,2025-05-22,2025-05-22,2025-05-22,21670.96,-0.61,228.98,355072869593,491,1223,144,2440725883,-40656,32,2.310184,-0.567174,-0.044487,0.281358,-2.827025054444432,-0.040000000000000036,0.0,0.54,0.08260363716483532,0.4017693206987971,-0.8394582668615591,-1.2153564279322238,-1.1896566040343393,-0.0640838146476641,-0.9245428737295724,-0.2733273941992187,0.7814861573959053,-1.2047104261404318,0.3482362193166111,21652.24,-0.08638288,0,0.9617686328,-0.4270711785,0.4014717907,40667303997.0,-0.7699023095,-1810.0,-3448.0,0.6835679338,-0.2728454574,10.3457687047,-0.0125682371,3.6781433335,1.1096153005
2025-05-23,2025-05-26,2025-05-23,2025-05-23,2025-05-23,2025-05-26,2025-05-23,2025-05-23,2025-05-23,2025-05-23,2025-05-23,2025-05-23,2025-05-25,2025-05-23,2025-05-23,2025-05-23,2025-05-23,2025-05-23,2025-05-23,2025-05-23,2025-05-23,2025-05-23,2025-05-23,21652.24,-0.09,228.79,379538196950,772,859,228,-3032049629,-40117,-216,-2.145882,-1.530537,-0.67083,-0.996153,9.911243396581494,-0.03000000000000025,0.0,0.5099999999999998,-0.25093902970623194,-0.8503386173531191,0.4720658215874973,-0.06091114258798269,0.24188102105016096,-0.807387488856115,-1.5504264599787376,-1.3994415312294173,-1.159383063835684,-0.3613056898082889,-0.7851462144528032,21536.57,-0.53421724,0,1.0173469191,-0.0533415083,0.8987194412,21945537342.0,-1.1915024129,539.0,-2910.0,0.5863134075,-0.8764544818,11.1579198113,0.0778631533,3.052805577,1.0772624252
2025-05-26,2025-05-27,2025-05-26,2025-05-26,2025-05-26,2025-05-27,2025-05-23,2025-05-23,2025-05-23,2025-05-23,2025-05-23,2025-05-23,2025-05-26,2025-05-26,2025-05-26,2025-05-26,2025-05-26,2025-05-26,2025-05-23,2025-05-23,2025-05-23,2025-05-23,2025-05-23,21536.57,-0.53,227.67,345751634393,702,990,167,13266356179,-41757,18,-2.145882,-1.530537,-0.67083,-0.996153,9.911243396581494,-0.03000000000000025,0.0,0.5099999999999998,-0.1885106866633124,-0.1816166926317031,0.9985409562413006,2.018055417807396,-1.3513248473478456,-0.5707978063836605,-1.5504264599787376,-1.3994415312294173,-1.159383063835684,-0.3613056898082889,-0.7851462144528032,21336.54,-0.92879228,0,0.9275991581,-0.170212766,0.7090909091,48261908967.0,9.51779e-05,-1640.0,-4044.0,-1.2261103628,0.0591902092,8.3724782654,-0.4684918741,2.0980242616,1.0445036506
2025-05-27,2025-05-28,2025-05-27,2025-05-27,2025-05-27,2025-05-28,2025-05-27,2025-05-27,2025-05-27,2025-05-27,2025-05-27,2025-05-27,2025-05-27,2025-05-27,2025-05-27,2025-05-27,2025-05-27,2025-05-27,2025-05-27,2025-05-27,2025-05-27,2025-05-27,2025-05-27,21336.54,-0.93,226.26,368175500675,390,1345,127,-10270949809,-43507,183,2.969058,3.375099,2.045906,2.465411,-14.939442325168272,-0.08000000000000007,-0.08000000000000007,0.5099999999999998,0.16646820635146664,0.5963775761352652,0.5131102264845699,-0.27151459332083183,0.4280506114104021,-0.5365185059955979,3.322470284683088,3.171326946543074,3.2066470631100685,3.852778618495134,3.0299023429499528,21357.72,0.09926633,1,0.9761003116,-0.5504322767,0.2899628253,32636006867.0,-1.5580776472,-1750.0,-5663.0,-1.5431711378,-0.8802830805,6.4994676659,-1.2199234409,0.8385084464,1.0791513694
2025-05-28,2025-05-29,2025-05-28,2025-05-28,2025-05-28,2025-05-29,2025-05-28,2025-05-28,2025-05-28,2025-05-28,2025-05-28,2025-05-28,2025-05-28,2025-05-28,2025-05-28,2025-05-28,2025-05-28,2025-05-28,2025-05-28,2025-05-28,2025-05-28,2025-05-28,2025-05-28,21357.72,0.1,225.84,387502694219,573,1112,172,-786893672,-43204,65,-0.779033,-0.548641,-0.557123,-0.511589,1.8459936622906348,0.040000000000000036,0.040000000000000036,0.5099999999999998,-0.049388342657963324,0.361736959902359,-0.0045353953435745,1.2486607869818922,-0.5289527805814043,-0.08230223966630978,-0.5016903945012086,-1.0654368279159665,-0.5092268940267486,-1.483935915215684,1.6040733618509329,21347.3,-0.04878798,0,1.0173345704,-0.3198813056,0.5152877698,1617188952.0,-0.8570551866,303.0,-4358.0,-1.36022878,-2.0463760858,5.5607699049,-0.7116702182,0.6709591985,1.0689803459
2025-05-29,2025-06-02,2025-05-29,2025-05-29,2025-05-29,2025-06-02,2025-05-30,2025-05-30,2025-05-30,2025-05-30,2025-05-30,2025-05-30,2025-06-01,2025-05-30,2025-05-30,2025-05-30,2025-05-30,2025-05-30,2025-05-30,2025-05-30,2025-05-30,2025-05-30,2025-05-30,21347.3,-0.05,227.27,537345509272,857,819,183,-20665895205,-47014,-257,-1.942676,-2.107198,-0.008119,-0.323842,-3.180399377715093,-0.019999999999999574,-0.029999999999999805,0.52,0.07001895010041448,0.050365685306830166,-1.2173890771506324,-0.8442855949362116,-1.2030999279096122,-0.4786578624107807,-1.984788353899991,-1.7740092586740475,-2.91687440719951,-2.034853974345574,0.041329959503699776,21002.71,-1.61420882,0,1.3760281497,0.022673031,1.0463980464,-21489432136.0,-1.9493158695,-3810.0,-6358.0,-0.8788307516,-1.493519438,5.496754885,-0.4605691466,0.3587656746,1.0698128278
2025-06-02,2025-06-03,2025-06-02,2025-06-02,2025-06-02,2025-06-03,2025-06-02,2025-06-02,2025-06-02,2025-06-02,2025-06-02,2025-06-02,2025-06-02,2025-06-02,2025-06-02,2025-06-02,2025-06-02,2025-05-30,2025-06-02,2025-06-02,2025-06-02,2025-06-02,2025-06-02,21002.71,-1.61,222.04,386907582139,258,1509,83,-53869463620,-45393,212,0.786255,1.570598,0.410204,0.674068,-1.130851308151537,0.04999999999999982,0.04999999999999982,0.52,0.38934277980975374,-0.6342543755149088,-1.3023267873682465,0.04819154551056748,-0.5659086834163496,-0.4786578624107807,1.5077565634235235,1.4807103448416292,1.6650632122386488,3.522075118080603,2.74300788563,21126.93,0.59144748,1,0.9910360936,-0.7079796265,0.1709741551,-72326846127.0,-2.9595821108,1621.0,-5276.0,-1.5645929471,-2.9998281933,1.0346051788,-1.4705175902,-1.3111263151,0.9866891727
2025-06-03,2025-06-04,2025-06-03,2025-06-03,2025-06-03,2025-06-04,2025-06-03,2025-06-03,2025-06-03,2025-06-03,2025-06-03,2025-06-03,2025-06-03,2025-06-03,2025-06-03,2025-06-02,2025-06-03,2025-06-03,2025-06-03,2025-06-03,2025-06-03,2025-06-03,2025-06-03,21126.93,0.59,222.5,407420787909,807,846,203,-13246218371,-39470,243,1.421682,2.723481,0.580029,0.812528,-3.6492377669976372,0.0,0.020000000000000018,0.5,-0.0713650479945871,0.557247283448481,-0.06368522381879904,0.04819154551056748,1.5308747722103222,0.3067532245929927,2.6871106910985265,2.256469447395393,2.795163925904798,2.3379572270694426,3.2728877688517066,21618.09,2.32480536,1,1.0486560162,-0.0235934664,0.9539007092,-98839420677.0,-0.8717571708,5923.0,2287.0,-1.0805928723,-1.9020670422,2.8926133018,-0.5053630363,-0.8657675016,0.9473819266
2025-06-04,2025-06-05,2025-06-04,2025-06-04,2025-06-04,2025-06-05,2025-06-04,2025-06-04,2025-06-04,2025-06-04,2025-06-04,2025-06-04,2025-06-04,2025-06-04,2025-06-04,2025-06-04,2025-06-04,2025-06-04,2025-06-04,2025-06-04,2025-06-04,2025-06-04,2025-06-04,21618.09,2.32,226.24,469084870296,1395,330,140,20337523472,-37165,69,2.423963,1.388683,0.007369,0.317178,-0.45223245500776166,-0.08999999999999986,-0.08999999999999986,0.5,-0.07976061250243305,-0.46347514808328105,0.8028471217976563,2.6628720574011,0.6019739342329355,0.4343181981961708,1.4886284089772772,1.1897611615202308,0.4956783332328518,1.0826053182948936,1.6468679650508689,21674.43,0.26061507,1,1.189745181,0.6173913043,4.2272727273,-68230947396.0,0.7626629931,2305.0,6342.0,1.2684976554,1.3195672775,5.3380202012,1.5384290213,1.178858911,1.057628022
2025-06-05,2025-06-06,2025-06-05,2025-06-05,2025-06-05,2025-06-06,2025-06-05,2025-06-05,2025-06-05,2025-06-05,2025-06-05,2025-06-05,2025-06-05,2025-06-05,2025-06-05,2025-06-05,2025-06-05,2025-06-05,2025-06-05,2025-06-05,2025-06-05,2025-06-05,2025-06-05,21674.43,0.26,227.23,429542496399,755,896,207,66325434,-37098,-24,0.464428,-0.445631,-0.527738,-0.832667,4.940368550432428,0.03000000000000025,0.04999999999999982,0.4800000000000004,0.011020349999935064,-0.05061549883026428,-0.5111893425745806,1.4872731601365041,1.0693375030334407,0.2279829707253267,-0.41974338067335415,-0.17874754647156932,-1.359915939037526,-2.437172664043241,-0.44047569926086716,21660.66,-0.06353108,0,1.0763779549,-0.0854027862,0.8426339286,-67377728290.0,-0.1943932656,67.0,6106.0,3.1982539396,1.4828830044,5.4896967803,1.5010753075,1.1754893819,1.0570758734
2025-06-06,2025-06-09,2025-06-06,2025-06-06,2025-06-06,2025-06-09,2025-06-06,2025-06-06,2025-06-06,2025-06-06,2025-06-06,2025-06-06,2025-06-08,2025-06-06,2025-06-06,2025-06-05,2025-06-06,2025-06-06,2025-06-06,2025-06-06,2025-06-06,2025-06-06,2025-06-06,21660.66,-0.06,227.31,364339831024,817,855,190,-13673476019,-38541,94,0.904887,0.54162,1.028068,1.199578,-9.25324202830431,0.10999999999999943,0.1200000000000001,0.46999999999999975,-0.09216583404251244,0.4557469995670749,0.49826559304610996,1.4872731601365041,-0.47865387064720544,-0.09232811538445462,0.6716369226650309,0.5690380654260085,1.2357994568573227,0.4321894627439704,-5.001346657296024,21790.29,0.59845822,1,0.9067944816,-0.0227272727,0.9555555556,-60385309104.0,-0.8162279751,-1443.0,8473.0,2.5263017391,1.4679139751,5.4385350039,1.1397533236,0.8482330389,1.0577894493
2025-06-09,2025-06-10,2025-06-09,2025-06-09,2025-06-09,2025-06-10,2025-06-09,2025-06-09,2025-06-09,2025-06-09,2025-06-09,2025-06-09,2025-06-09,2025-06-09,2025-06-09,2025-06-09,2025-06-09,2025-06-09,2025-06-09,2025-06-09,2025-06-09,2025-06-09,2025-06-09,21790.29,0.6,227.9,372508465171,635,1042,174,-69101436,-38587,127,0.88703,1.957104,0.091995,0.313831,2.32557769232431,-0.019999999999999574,-0.03000000000000025,0.4800000000000004,-0.013037526208137251,-0.2520415302415979,0.9193061537270397,1.5547365780827604,1.634506615617748,0.29091579171987014,2.3557607721758966,1.6737212832066417,0.6421137837080648,4.768053015853169,-1.073176193693004,22242.14,2.07363004,1,0.9280032465,-0.2426952892,0.6094049904,-6584946920.0,-0.1086586465,-46.0,6806.0,0.7965551073,3.7498970371,4.1847875978,1.002174832,1.2454793845,1.0011501737
2025-06-10,2025-06-11,2025-06-10,2025-06-10,2025-06-10,2025-06-11,2025-06-10,2025-06-10,2025-06-10,2025-06-10,2025-06-10,2025-06-10,2025-06-10,2025-06-10,2025-06-10,2025-06-10,2025-06-10,2025-06-10,2025-06-10,2025-06-10,2025-06-10,2025-06-10,2025-06-10,22242.14,2.07,230.82,474325784313,1158,528,163,39925702068,-37131,196,2.637684,2.06048,0.548299,0.63166,-1.2237708994171426,-0.020000000000000462,0.0,0.45999999999999996,-0.08323425859342315,0.11117910616256221,0.3227776869578536,0.5630732872403899,-0.07675537433005086,-0.5091057022553191,2.1846626196512675,1.9886426054905648,0.9324838992661011,1.2404456298324096,0.14328070462774622,22470.1,1.02490138,1,1.1642239588,0.3736654804,2.1931818182,46586973519.0,1.6874984891,1456.0,2339.0,2.6192614985,5.2786183321,5.2656139225,2.041636506,3.0785019741,1.0676769184
2025-06-11,2025-06-12,2025-06-11,2025-06-11,2025-06-11,2025-06-12,2025-06-11,2025-06-11,2025-06-11,2025-06-11,2025-06-11,2025-06-11,2025-06-11,2025-06-11,2025-06-11,2025-06-11,2025-06-11,2025-06-11,2025-06-11,2025-06-11,2025-06-11,2025-06-11,2025-06-11,22470.1,1.02,234.01,501375978600,901,765,205,7929868757,-35730,9,0.77191,-0.190181,-0.274389,-0.502711,1.828905321468688,-0.05999999999999961,-0.06999999999999984,0.4700000000000002,-0.2723416236173337,-0.42403410943901987,0.548734342266588,1.225340467281666,0.8445615928817762,0.7543691279555009,-0.3343347444736855,-0.07250064337624984,-0.7849436163604007,-1.7039910017220605,3.3847028631109,22287.82,-0.81121134,0,1.2283482043,0.0816326531,1.1777777778,34179318804.0,0.2314481667,1401.0,1435.0,3.7369129103,3.9411899941,5.3443624843,2.2878135925,3.8606068363,1.0702296793
2025-06-12,2025-06-13,2025-06-12,2025-06-12,2025-06-12,2025-06-13,2025-06-12,2025-06-12,2025-06-12,2025-06-12,2025-06-12,2025-06-12,2025-06-12,2025-06-12,2025-06-12,2025-06-12,2025-06-12,2025-06-12,2025-06-12,2025-06-12,2025-06-12,2025-06-12,2025-06-12,22287.82,-0.81,234.77,433551738754,811,821,224,354421187,-38976,56,0.621199,0.317631,0.382242,0.23761,4.403245763636199,-0.04999999999999982,-0.040000000000000036,0.4600000000000004,-0.9470802353383045,-0.7198612027215168,-0.6457414604265521,0.4468459346904652,-1.3606903500861245,-0.06239185015625148,0.13682801992156435,0.48495073697596425,1.519287363387467,-2.179296188665847,1.249457758235284,22072.95,-0.96406916,0,1.0712217676,-0.006127451,0.987819732,34467414557.0,-0.0190378965,-3246.0,-1878.0,2.2832647018,2.8300167525,2.3181059245,0.8945957126,2.897997681,1.0048246277
2025-06-13,2025-06-16,2025-06-13,2025-06-13,2025-06-13,2025-06-16,2025-06-13,2025-06-13,2025-06-13,2025-06-13,2025-06-13,2025-06-13,2025-06-15,2025-06-13,2025-06-13,2025-06-13,2025-06-13,2025-06-13,2025-06-13,2025-06-13,2025-06-13,2025-06-13,2025-06-13,22072.95,-0.96,231.18,436610003022,264,1493,85,-796594999,-42000,51,-2.009927,-2.608226,-1.129638,-1.300243,15.538286159444613,0.04999999999999982,0.06000000000000005,0.4500000000000002,-0.06841860324496851,0.2655250623900818,-0.8876406000586812,-0.8701935204239564,-0.5942086515524969,-0.719901851979976,-2.6050110329784104,-2.340871672044398,-2.089654330549573,-1.9746804539161444,-2.8781232339502916,22049.9,-0.10442646,0,1.0754757842,-0.6994877632,0.1768251842,47344295577.0,-0.0572982865,-3024.0,-3459.0,-0.7606732086,1.9034046054,1.5770642307,-0.4496979614,1.8254371848,1.0298387737
2025-06-16,2025-06-17,2025-06-16,2025-06-16,2025-06-16,2025-06-17,2025-06-16,2025-06-16,2025-06-16,2025-06-16,2025-06-16,2025-06-16,2025-06-16,2025-06-16,2025-06-16,2025-06-16,2025-06-16,2025-06-16,2025-06-16,2025-06-16,2025-06-16,2025-06-16,2025-06-16,22049.9,-0.1,231.2,346508441887,874,793,183,12914479,-41036,189,2.169581,3.033104,0.939266,1.516893,-8.213252207192667,0.04999999999999982,0.010000000000000231,0.48999999999999977,-1.694628077349214,-0.1833370387209987,1.2609688972293531,1.797810863431648,0.704946157485109,0.2489562431792658,2.932655471870227,2.486483867566136,1.9158985682296903,8.806814226088067,1.3671126646539689,22211.59,0.73329131,1,0.859116699,0.0485902819,1.1021437579,47426311492.0,0.0258774463,964.0,-2449.0,-1.8700406318,1.1914022255,0.9440254829,-0.7859855362,1.6707461182,1.0255437666
2025-06-17,2025-06-18,2025-06-17,2025-06-17,2025-06-17,2025-06-18,2025-06-17,2025-06-17,2025-06-17,2025-06-17,2025-06-17,2025-06-17,2025-06-17,2025-06-17,2025-06-17,2025-06-17,2025-06-17,2025-06-17,2025-06-17,2025-06-17,2025-06-17,2025-06-17,2025-06-17,22211.59,0.73,231.15,445374474252,838,785,227,6218412461,-41401,-93,-0.825296,-0.828696,-0.835218,-0.914264,13.0298257016767,-0.07000000000000028,-0.03000000000000025,0.44999999999999973,2.213760753044025,0.8367343824736917,0.588364244420192,0.12353433471541386,-0.3353538334832207,-0.08828968900084222,-0.7914188499982711,-0.6796296270547675,-0.3939507323248437,0.561752581613506,-1.0829079413854248,22356.73,0.65344264,1,1.0953285653,0.0326555761,1.0675159236,13719021885.0,0.3055899557,-365.0,-4270.0,-0.3420253753,-0.1373518915,3.1953420929,-0.0309742272,2.2541536798,0.9735830456
2025-06-18,2025-06-19,2025-06-18,2025-06-18,2025-06-18,2025-06-19,2025-06-18,2025-06-18,2025-06-18,2025-06-18,2025-06-18,2025-06-18,2025-06-18,2025-06-18,2025-06-18,2025-06-18,2025-06-18,2025-06-18,2025-06-18,2025-06-18,2025-06-18,2025-06-18,2025-06-18,22356.73,0.65,231.79,440718630251,947,707,212,11611435415,-45050,-78,-0.187,0.523965,-0.030924,0.128987,-6.759263731651588,-0.009999999999999787,0.0,0.43999999999999995,-0.3555156620861588,0.09107869617801523,0.9040987166771153,0.7419547915751723,-1.1243033629328214,0.11859528081490378,0.40772831565054624,0.38227761535205573,0.9436585181991752,-0.24390052109786176,0.7579097031141568,22003.5,-1.57997167,0,1.0695671525,0.1451027811,1.3394625177,17400588543.0,0.5724541624,-3649.0,-9320.0,1.2856460056,-0.5045371405,3.8590487888,0.725056157,2.7259014976,0.9786453006
2025-06-19,2025-06-20,2025-06-19,2025-06-19,2025-06-19,2025-06-20,2025-06-18,2025-06-18,2025-06-18,2025-06-18,2025-06-18,2025-06-18,2025-06-19,2025-06-18,2025-06-19,2025-06-19,2025-06-19,2025-06-19,2025-06-18,2025-06-18,2025-06-18,2025-06-18,2025-06-18,22003.5,-1.58,228.56,389572203400,233,1524,93,-21298548282,-45386,-131,-0.187,0.523965,-0.030924,0.128987,-6.759263731651588,-0.009999999999999787,0.0,0.43999999999999995,0.1001978324495223,0.09107869617801523,-1.0204631065965697,0.18673264285051783,-1.994666665788014,-0.8227130288371076,0.40772831565054624,0.38227761535205573,0.9436585181991752,-0.24390052109786176,0.7579097031141568,22045.74,0.19196946,1,0.9419936626,-0.734775185,0.1528871391,-4252380926.0,-1.0726654368,-336.0,-6410.0,-0.2104317933,-1.2756743369,0.915386277,-0.6117458049,1.0565225547,1.0170585553
2025-06-20,2025-06-23,2025-06-20,2025-06-20,2025-06-20,2025-06-23,2025-06-20,2025-06-20,2025-06-20,2025-06-20,2025-06-20,2025-06-20,2025-06-22,2025-06-20,2025-06-20,2025-06-20,2025-06-20,2025-06-20,2025-06-20,2025-06-20,2025-06-20,2025-06-20,2025-06-20,22045.74,0.19,226.55,522306881958,425,1312,123,-4914746317,-44461,-190,-1.868855,-0.752997,-0.217866,-0.505771,2.3833240522920462,0.0,-0.040000000000000036,0.48,-0.1295159830334014,-0.20220864445619213,-0.22113028347160446,1.4809922223188776,1.25976205699192,0.0923685005117525,-0.6400057220459554,-0.8835094088022521,-1.1204218256069765,1.1436269162919066,-0.5054481578591785,21732.02,-1.42304137,0,1.2379196594,-0.5106505469,0.3239329268,-8370532244.0,-0.1523133556,925.0,-2461.0,-0.7466822501,-0.1232730559,1.7294111567,-0.3964670374,1.1634554065,1.005975707
2025-06-23,2025-06-24,2025-06-23,2025-06-23,2025-06-23,2025-06-24,2025-06-23,2025-06-23,2025-06-23,2025-06-23,2025-06-23,2025-06-23,2025-06-23,2025-06-23,2025-06-23,2025-06-23,2025-06-23,2025-06-23,2025-06-23,2025-06-23,2025-06-23,2025-06-23,2025-06-23,21732.02,-1.42,226.34,358339420564,484,1237,126,-14882763941,-43797,140,0.386623,0.62976,0.96065,0.943882,-3.831236097838653,-0.040000000000000036,-0.06000000000000005,0.5,0.4770922482972173,-0.2937908197924055,-0.12795961277264345,-0.24389501009779435,0.6742335365216956,0.2927232618616271,0.6219154603031907,0.6339664516510357,0.22244841977929752,1.0449128824796095,1.5120599608932084,22188.76,2.10169142,1,0.8514392947,-0.4375363161,0.3912691997,-23266210664.0,-0.6602324335,664.0,-2761.0,-2.7942816324,-1.4416391911,0.3684607228,-1.5310253107,-0.2943932417,1.0585547247
2025-06-24,2025-06-25,2025-06-24,2025-06-24,2025-06-24,2025-06-25,2025-06-24,2025-06-24,2025-06-24,2025-06-24,2025-06-24,2025-06-24,2025-06-24,2025-06-24,2025-06-24,2025-06-24,2025-06-24,2025-06-24,2025-06-24,2025-06-24,2025-06-24,2025-06-24,2025-06-24,22188.76,2.1,231.31,472603295420,1565,228,61,29265439747,-43493,196,4.645297,3.767334,1.112172,1.434257,-11.850733184624907,-0.040000000000000036,-0.08999999999999986,0.5499999999999998,-0.727242575527054,-0.5689875726602511,1.1379979339312118,2.9580630340199088,2.0597608921219646,1.1957315669361979,3.7923322612682497,3.6728751618828603,2.587220486170838,6.8297505168005035,3.9405700330423787,22430.61,1.08996627,1,1.1062662853,0.7456776352,6.8640350877,-219183378.0,1.6088528348,304.0,-2092.0,0.8419569614,-0.1027841771,3.0282909488,0.5592931905,1.649032773,1.1416801195
2025-06-25,2025-06-26,2025-06-25,2025-06-25,2025-06-25,2025-06-26,2025-06-25,2025-06-25,2025-06-25,2025-06-25,2025-06-25,2025-06-25,2025-06-25,2025-06-25,2025-06-25,2025-06-25,2025-06-25,2025-06-25,2025-06-25,2025-06-25,2025-06-25,2025-06-25,2025-06-25,22430.61,1.09,233.17,480344451190,887,761,208,35596556474,-45816,12,1.204057,0.945074,-0.000329,0.306448,-4.118989314700972,-0.009999999999999787,-0.009999999999999787,0.5499999999999998,-0.3944568587657682,-0.18393654614052846,0.39058916458709625,0.14853873456450728,1.2309167551253442,1.435440778937691,0.8974906659179327,1.3478690236926383,4.334012120781927,3.5902632981737126,0.3336258556567273,22492.34,0.27520429,1,1.1098168145,0.0764563107,1.1655716163,23765937681.0,1.6841406715,-2323.0,-766.0,1.7457794567,0.3304597765,5.1276823702,1.5873278984,2.5001051591,1.1305160785
2025-06-26,2025-06-27,2025-06-26,2025-06-26,2025-06-26,2025-06-27,2025-06-26,2025-06-26,2025-06-26,2025-06-26,2025-06-26,2025-06-26,2025-06-26,2025-06-26,2025-06-26,2025-06-26,2025-06-26,2025-06-26,2025-06-26,2025-06-26,2025-06-26,2025-06-26,2025-06-26,22492.34,0.28,233.22,475012064803,1069,592,171,33851794801,-48788,57,0.570167,0.876707,0.802012,0.973084,-1.0143202504316884,-0.03000000000000025,-0.040000000000000036,0.5599999999999996,-1.7820919230510768,-0.5425867911967974,1.6499066622396752,-0.9230255419046096,-0.6098939504658452,-0.3547929351145451,0.784115575948352,0.7267441538103547,0.46011711820395096,0.19525717657908892,2.0857810914626684,22580.08,0.39008836,1,1.0865126145,0.2871763998,1.8057432432,78916280764.0,1.4336489472,-2972.0,-3402.0,3.4986163274,2.2216465562,5.3124584459,1.4178352552,2.516425249,1.1299410879
2025-06-27,2025-06-30,2025-06-27,2025-06-27,2025-06-27,2025-06-30,2025-06-27,2025-06-27,2025-06-27,2025-06-27,2025-06-27,2025-06-27,2025-06-29,2025-06-27,2025-06-27,2025-06-27,2025-06-27,2025-06-27,2025-06-27,2025-06-27,2025-06-27,2025-06-27,2025-06-27,22580.08,0.39,233.63,444359634643,929,734,180,33373290402,-52681,10,2.035629,0.063707,0.521897,0.52336,-1.627489181918751,0.03000000000000025,0.029999999999999805,0.56,0.957698278482022,0.25733401551559787,1.4303826498087702,-0.76699647800621,-0.16957583159000755,-0.6147969256503405,-0.08784318711396732,0.44011586110319634,1.7610602840268719,0.09048224487724355,-0.3035152990574552,22256.02,-1.43515878,0,1.0273252722,0.1172579675,1.2656675749,117204317483.0,1.2698869245,-3893.0,-8220.0,1.7635956223,2.4237789251,5.7748755112,1.3252014987,2.6280062247,1.1278839537
2025-06-30,2025-07-01,2025-06-30,2025-06-30,2025-06-30,2025-07-01,2025-06-30,2025-06-30,2025-06-30,2025-06-30,2025-06-30,2025-06-30,2025-06-30,2025-06-30,2025-06-30,2025-06-30,2025-06-30,2025-06-30,2025-06-30,2025-06-30,2025-06-30,2025-06-30,2025-06-30,22256.02,-1.44,231.35,431990133220,373,1345,124,-2418766199,-52001,16,-0.910006,0.02795,0.516443,0.474855,2.512254013963844,-0.04999999999999982,-0.009999999999999787,0.52,0.3835740796985343,-0.5338852816370587,0.8383435801872618,0.5157172610654293,-0.8724665691075328,0.36514392323132583,-0.06698637766914262,0.1652149389029134,0.15214294336867162,-1.3281438665842193,2.3389595879747427,22553.72,1.33761562,1,0.99355018,-0.565774156,0.2773234201,129668315225.0,-0.5379484952,680.0,-8204.0,-0.7783560055,2.4111886516,5.9673727819,-0.5964475768,0.867840632,1.1133713468
2025-07-01,2025-07-02,2025-07-01,2025-07-01,2025-07-01,2025-07-02,2025-07-01,2025-07-01,2025-07-01,2025-07-01,2025-07-01,2025-07-01,2025-07-01,2025-07-01,2025-07-01,2025-07-01,2025-06-30,2025-07-01,2025-07-01,2025-07-01,2025-07-01,2025-07-01,2025-07-01,22553.72,1.34,232.21,482289981188,1063,584,200,48251282645,-52517,-59,-0.799158,-0.703863,-0.111853,-0.819058,0.5977309277102272,0.019999999999999574,0.05999999999999961,0.48,0.06608253165516498,-0.061929769090318665,-1.2375766683531464,0.5843653825962747,-0.8724665691075328,0.16971025761769454,-0.4524515479105262,-1.0900776289785696,-2.9685437548827576,-4.080333710483874,-3.957919065366078,22577.74,0.10650128,1,1.0997679751,0.2908318154,1.8202054795,148654158123.0,1.9309866971,-516.0,-9024.0,0.2728929049,1.6447967349,6.7534185043,0.4058576776,1.8876394515,1.1349261243
2025-07-02,2025-07-03,2025-07-02,2025-07-02,2025-07-02,2025-07-03,2025-07-02,2025-07-02,2025-07-02,2025-07-02,2025-07-02,2025-07-02,2025-07-02,2025-07-02,2025-07-02,2025-07-02,2025-07-02,2025-07-02,2025-07-02,2025-07-02,2025-07-02,2025-07-02,2025-07-02,22577.74,0.11,232.92,373113297748,915,714,210,6100099895,-54946,177,3.970097,1.88016,0.47451,0.941649,-1.128939601419665,0.040000000000000036,0.0,0.52,-0.8820979000624507,-0.0413147238725764,-0.5598104820983774,-0.47221673041117906,0.6195128327310506,0.023585803810566297,1.9021986218928255,1.9612832562114768,2.5766450551919284,1.7706293816048158,1.9490835734870426,22712.97,0.59895277,1,0.8602246691,0.123388582,1.281512605,119157701544.0,-0.1862025693,-2429.0,-9130.0,-0.0103631165,0.6559340116,4.4391063225,0.3812914648,1.7755388524,1.0392853561
2025-07-03,2025-07-04,2025-07-03,2025-07-03,2025-07-03,2025-07-04,2025-07-03,2025-07-03,2025-07-03,2025-07-03,2025-07-03,2025-07-03,2025-07-03,2025-07-03,2025-07-03,2025-07-03,2025-07-03,2025-07-03,2025-07-03,2025-07-03,2025-07-03,2025-07-03,2025-07-03,22712.97,0.6,234.6,452488252904,1166,469,172,29623479139,-51157,113,0.513697,0.642844,0.833896,1.019798,-1.5625014328040088,0.04999999999999982,0.10000000000000009,0.46999999999999975,-0.17605120273233021,0.41331011668133133,0.05889463754256141,1.3401351567860376,-0.6253587307587627,0.6182059775325932,0.4955798097245223,0.8426649305555589,1.3290914708366408,-0.440370048756078,1.9562796957016237,22547.5,-0.72852648,0,1.0404740057,0.4262996942,2.4861407249,114929385882.0,0.9304092938,3789.0,-2369.0,2.0531523606,0.9809117237,4.7915446911,0.7848028404,2.1460273224,1.0425118586
2025-07-04,2025-07-07,2025-07-04,2025-07-04,2025-07-04,2025-07-07,2025-07-03,2025-07-03,2025-07-03,2025-07-03,2025-07-03,2025-07-03,2025-07-06,2025-07-03,2025-07-04,2025-07-04,2025-07-04,2025-07-04,2025-07-03,2025-07-03,2025-07-03,2025-07-03,2025-07-03,22547.5,-0.73,231.61,411936366057,264,1474,114,554776863,-55211,-81,0.513697,0.642844,0.833896,1.019798,-1.5625014328040088,0.04999999999999982,0.10000000000000009,0.46999999999999975,-0.05568275052999505,0.41331011668133133,0.06278724304602523,-1.9892368070113409,-0.6392990998156489,0.3560895490522853,0.4955798097245223,0.8426649305555589,1.3290914708366408,-0.440370048756078,1.9562796957016237,22428.72,-0.52679898,0,0.9420716877,-0.6962025316,0.1791044776,82110872343.0,-0.5936250546,-4054.0,-2530.0,-0.027578599,-0.1442864684,4.0942427424,0.0794954546,1.20005605,1.0620744358
2025-07-07,2025-07-08,2025-07-07,2025-07-07,2025-07-07,2025-07-08,2025-07-07,2025-07-07,2025-07-07,2025-07-07,2025-07-07,2025-07-07,2025-07-07,2025-07-07,2025-07-07,2025-07-07,2025-07-07,2025-07-07,2025-07-07,2025-07-07,2025-07-07,2025-07-07,2025-07-07,22428.72,-0.53,228.94,328941992785,454,1255,123,-5579015864,-56788,-106,-2.397787,-1.875645,-0.78623,-0.915388,8.608069761920255,0.05000000000000071,0.020000000000000018,0.5000000000000004,0.57887679791917,0.3087086343030565,-0.560648809777875,0.16992356157483623,-0.11803979461696423,-0.4274024343313365,-1.873920287342301,-1.3609708123602515,-0.6903419543163314,-2.255094284509862,-0.3633985124704253,22362.27,-0.29627192,0,0.756035281,-0.4686951434,0.361752988,78950622678.0,-0.8900398985,-1577.0,-4787.0,-0.6600306319,0.7759698275,2.9298829892,-0.6001117703,0.5229125655,1.0695968917
2025-07-08,2025-07-09,2025-07-08,2025-07-08,2025-07-08,2025-07-09,2025-07-08,2025-07-08,2025-07-08,2025-07-08,2025-07-08,2025-07-08,2025-07-08,2025-07-08,2025-07-08,2025-07-08,2025-07-08,2025-07-08,2025-07-08,2025-07-08,2025-07-08,2025-07-08,2025-07-08,22362.27,-0.3,228.22,339190175300,456,1221,144,638792442,-57530,10,-0.571627,1.805024,-0.071589,0.029107,-5.508720624795494,0.019999999999999574,0.0,0.52,0.13347628020465852,0.030774290381407887,0.2554555029451011,1.8133853575951209,1.0894260111692367,0.8390544717975512,1.9097066680231256,1.3297115709352658,1.1122310703610028,2.2403592018476193,-0.8680446955977805,22527.01,0.73668729,1,0.7918873058,-0.4561717352,0.3734643735,31338132475.0,-0.4926363535,-742.0,-5013.0,-1.5440517026,-0.8488621833,0.5401009076,-0.7261438419,0.1981176316,0.9772331986
2025-07-09,2025-07-10,2025-07-09,2025-07-09,2025-07-09,2025-07-10,2025-07-09,2025-07-09,2025-07-09,2025-07-09,2025-07-09,2025-07-09,2025-07-09,2025-07-09,2025-07-09,2025-07-09,2025-07-09,2025-07-09,2025-07-09,2025-07-09,2025-07-09,2025-07-09,2025-07-09,22527.01,0.74,230.79,393126187196,1018,602,194,8249323659,-58711,34,1.746685,0.43909,0.60621,0.94463,-5.175490262933858,-0.08000000000000007,-0.040000000000000036,0.48,0.3384095530795994,-0.04102237170650058,0.3337783645913195,0.603221218865202,-1.0590908370331054,-0.17631954667980398,0.32053866648942275,0.6843524644493559,1.8000030517578036,0.42809193624744335,2.2442996237961754,22693.25,0.73795857,1,0.9295545897,0.2567901235,1.6910299003,33487356239.0,-0.0785837978,-1181.0,-3765.0,-0.0908748198,-0.2246903366,0.2532699009,0.0502582776,0.9233969267,0.9645232888
2025-07-10,2025-07-11,2025-07-10,2025-07-10,2025-07-10,2025-07-11,2025-07-10,2025-07-10,2025-07-10,2025-07-10,2025-07-10,2025-07-10,2025-07-10,2025-07-10,2025-07-10,2025-07-10,2025-07-10,2025-07-10,2025-07-10,2025-07-10,2025-07-10,2025-07-10,2025-07-10,22693.25,0.74,231.02,415407952836,733,900,170,10112184462,-56368,-24,-0.897171,0.746375,0.274621,0.093736,-1.0037631845926431,0.009999999999999787,0.0,0.48999999999999977,0.12805520532523929,0.1846725176172015,-0.4392673201593644,1.5792628102076156,0.5694249296240184,0.4665059288237794,0.9954153625981288,0.7357492422195522,0.7490184087241891,4.154323999612819,-0.8996041939213661,22751.03,0.25461316,1,0.9843517625,-0.1022657685,0.8144444444,13976061562.0,-0.0036389437,2343.0,-5211.0,1.1794253083,-0.0868226392,1.8190653011,0.8062456273,1.5759200805,0.9570536815
2025-07-11,2025-07-14,2025-07-11,2025-07-11,2025-07-11,2025-07-14,2025-07-11,2025-07-11,2025-07-11,2025-07-11,2025-07-11,2025-07-11,2025-07-13,2025-07-11,2025-07-11,2025-07-11,2025-07-11,2025-07-11,2025-07-11,2025-07-11,2025-07-11,2025-07-11,2025-07-11,22751.03,0.25,232.49,420367050973,1209,482,153,17055333325,-57492,-130,0.278551,-0.210041,-0.329752,-0.218756,3.9290234223745557,0.08000000000000007,0.040000000000000036,0.5299999999999998,-0.10259100165578294,0.20480997963854275,-0.1934091520856107,-0.23435193131730037,0.46279117498237987,0.11945174934713254,-0.15412893048422083,-0.010433632597084408,0.4996904539494196,1.567698702431386,-0.3703663893526721,22614.97,-0.59803886,0,0.9980235177,0.4299231224,2.5082987552,30476618024.0,0.330765577,-1124.0,-2281.0,1.7384639395,0.9026721366,3.0719953608,0.8804983369,1.680240178,0.9259919312
2025-07-14,2025-07-15,2025-07-14,2025-07-14,2025-07-14,2025-07-15,2025-07-14,2025-07-14,2025-07-14,2025-07-14,2025-07-14,2025-07-14,2025-07-14,2025-07-14,2025-07-14,2025-07-14,2025-07-14,2025-07-14,2025-07-14,2025-07-14,2025-07-14,2025-07-14,2025-07-14,22614.97,-0.6,230.59,333027491113,486,1192,146,-2745762260,-59873,13,-0.750866,-0.870212,0.140741,0.26621,4.8780558720578515,0.0,0.0,0.5299999999999998,0.45562082851131613,0.23505708791036195,-0.2781387027117277,0.8268863804407722,0.2640892077809154,0.07123284139254338,-0.9505611387642388,-0.7548029440563098,-0.5153958611228138,-0.12292902474535516,0.4446392590539583,22835.94,0.97709614,1,0.7919317463,-0.420738975,0.4077181208,33309871628.0,-0.7521565585,-2381.0,-3085.0,0.3904646023,0.8304085119,2.5626873591,0.1118385516,0.9446877503,0.9390815843
2025-07-15,2025-07-16,2025-07-15,2025-07-15,2025-07-15,2025-07-16,2025-07-15,2025-07-15,2025-07-15,2025-07-15,2025-07-15,2025-07-15,2025-07-15,2025-07-15,2025-07-15,2025-07-15,2025-07-15,2025-07-15,2025-07-15,2025-07-15,2025-07-15,2025-07-15,2025-07-15,22835.94,0.98,232.32,394787906255,988,632,213,18552334347,-55352,62,3.620938,1.273122,-0.39563,0.181541,1.0465022665288926,0.07000000000000028,0.050000000000000266,0.5499999999999998,0.14311890542244576,0.5505718856505526,0.5534732251511354,0.41379999184172345,1.5981229977162892,0.03460057062381061,0.996592977702937,1.9206436029993945,4.040951623121414,6.407272131582009,1.9375893394882215,23042.9,0.9062907,1,0.9444773326,0.2197530864,1.5632911392,51223413533.0,0.3842258786,4521.0,2178.0,0.6287772796,2.1181660001,2.8109198846,0.6678586732,1.7891781719,0.948357317
2025-07-16,2025-07-17,2025-07-16,2025-07-16,2025-07-16,2025-07-17,2025-07-16,2025-07-16,2025-07-16,2025-07-16,2025-07-16,2025-07-16,2025-07-16,2025-07-16,2025-07-16,2025-07-16,2025-07-16,2025-07-16,2025-07-16,2025-07-16,2025-07-16,2025-07-16,2025-07-16,23042.9,0.91,232.86,476224351721,961,673,206,13904455627,-53396,47,0.257439,-0.391702,0.319366,0.254812,-1.2658188951534366,-0.040000000000000036,-0.07000000000000028,0.5800000000000001,0.04389327295191148,-0.23322181152704013,-0.036849353679269115,-0.8988376197731962,-0.29426199436527467,-0.29509654618161685,-0.27206943226286695,-0.522692254978363,0.3925003989006859,2.8725668036568175,-0.04627496322443525,23113.28,0.30543031,1,1.1344848406,0.17625459,1.4279346211,56878545501.0,0.1228582708,1956.0,5315.0,1.2828869726,2.2900953122,3.0691876674,1.1202662779,2.5548498701,0.9567234657
2025-07-17,2025-07-18,2025-07-17,2025-07-17,2025-07-17,2025-07-18,2025-07-17,2025-07-17,2025-07-17,2025-07-17,2025-07-17,2025-07-17,2025-07-17,2025-07-17,2025-07-17,2025-07-17,2025-07-17,2025-07-17,2025-07-17,2025-07-17,2025-07-17,2025-07-17,2025-07-17,23113.28,0.31,235.66,417041733732,1262,405,156,491458351,-52217,237,3.384412,0.727329,0.537377,0.748464,-3.7296002059402977,0.009999999999999787,0.03000000000000025,0.5599999999999996,0.007486413359902855,0.3455676078812253,0.5995274689452268,0.1854818467151187,-0.07672212736733464,0.6810251396244693,0.38275274051184915,0.8400140645863363,0.9511611888054494,0.20614806801599883,2.008480715598693,23383.13,1.16751063,1,0.9902570421,0.5140971806,3.1160493827,47257819390.0,-0.7287502571,1179.0,4151.0,2.2034519612,1.8509028015,5.0436521462,1.0565756065,2.6146666605,0.8699996763
2025-07-18,2025-07-21,2025-07-18,2025-07-18,2025-07-18,2025-07-21,2025-07-18,2025-07-18,2025-07-18,2025-07-18,2025-07-18,2025-07-18,2025-07-20,2025-07-18,2025-07-18,2025-07-18,2025-07-18,2025-07-18,2025-07-18,2025-07-18,2025-07-18,2025-07-18,2025-07-18,23383.13,1.17,235.29,454323470113,750,899,209,31007550251,-48010,-69,-2.117269,-0.087493,-0.009049,0.04788,-0.6658632403358511,-0.02999999999999936,-0.03000000000000025,0.5600000000000005,-0.08570458320372731,-0.25321583257339464,-0.20571323400920827,-0.13219258436694137,1.3335712261893784,0.5963593577376081,0.08112479180322207,-0.4799266180431694,-0.3410383456015187,-2.1320354659110086,-1.0857098050646496,23340.56,-0.18205433,0,1.0875597387,-0.0903577926,0.8342602892,61210036316.0,0.9818309657,4207.0,9482.0,2.3961790056,2.7783357501,6.0664327893,1.6744293558,3.5054204482,0.8924305419
2025-07-21,2025-07-22,2025-07-21,2025-07-21,2025-07-21,2025-07-22,2025-07-21,2025-07-21,2025-07-21,2025-07-21,2025-07-21,2025-07-21,2025-07-21,2025-07-21,2025-07-18,2025-07-21,2025-07-21,2025-07-21,2025-07-21,2025-07-21,2025-07-21,2025-07-21,2025-07-21,23340.56,-0.18,234.59,377638917009,752,857,232,4129645295,-46556,33,-0.644754,0.118616,0.139913,0.375816,1.4625214707483014,-0.0600000000000005,-0.029999999999999805,0.5299999999999998,-0.15113747849135883,-0.6397287381572192,-0.20571323400920827,0.7132838910933081,0.6786545360308649,0.6667420203814833,0.08916679143708972,0.06889607960913757,-0.5974124223762978,0.006366333197171947,1.718781386366608,22987.92,-1.51084636,0,0.9019088482,-0.0652579242,0.8774795799,68085443871.0,-0.7306944602,1454.0,13317.0,1.2917644914,3.208449978,7.4017049497,0.8529430853,2.9504702792,0.809873647
2025-07-22,2025-07-23,2025-07-22,2025-07-22,2025-07-22,2025-07-23,2025-07-22,2025-07-22,2025-07-22,2025-07-22,2025-07-22,2025-07-22,2025-07-22,2025-07-22,2025-07-22,2025-07-22,2025-07-22,2025-07-22,2025-07-22,2025-07-22,2025-07-22,2025-07-22,2025-07-22,22987.92,-1.51,228.76,527788680623,191,1583,76,10024486454,-44594,-9,-1.779359,-1.754706,0.063753,-0.388526,-0.900898630432001,-0.03000000000000025,-0.020000000000000018,0.5199999999999996,0.22295619800545285,-0.4701063787898918,-0.11097058847765462,-1.2728911533745446,0.5436821129952252,0.816275969531266,-1.3808478251668421,-1.7693072443818125,-2.5382226511722283,-1.4522285218451447,-3.3378423380186373,23318.67,1.43879916,1,1.2522568033,-0.7846674183,0.1206569804,59557595978.0,-0.2955584268,1962.0,10758.0,-0.5423721774,0.6655298621,3.6016433546,-0.8010768135,1.216655913,0.8043238869
2025-07-23,2025-07-24,2025-07-23,2025-07-23,2025-07-23,2025-07-24,2025-07-23,2025-07-23,2025-07-23,2025-07-23,2025-07-23,2025-07-23,2025-07-23,2025-07-23,2025-07-23,2025-07-23,2025-07-23,2025-07-23,2025-07-23,2025-07-23,2025-07-23,2025-07-23,2025-07-23,23318.67,1.44,232.16,411478672165,1499,252,99,8431688850,-47841,148,2.442453,-0.016314,0.781189,0.609448,-6.848485542066173,0.05000000000000071,0.04999999999999982,0.5200000000000005,-0.5605654715466812,-0.18482421840421148,3.5107509246364854,0.43628833292230773,1.6237188218309884,0.01966658091927531,-0.6077013091645433,0.43452018628160616,2.2451056860480545,2.5400676349370155,1.8306494025471132,23373.73,0.23611981,1,0.9843358254,0.7121644774,5.9484126984,54084829201.0,-0.3268197817,-3247.0,5555.0,-0.2756688262,1.1967677679,3.9591433314,0.3872707191,2.4726181019,0.8273141432
2025-07-24,2025-07-25,2025-07-24,2025-07-24,2025-07-24,2025-07-25,2025-07-24,2025-07-24,2025-07-24,2025-07-24,2025-07-24,2025-07-24,2025-07-24,2025-07-24,2025-07-24,2025-07-24,2025-07-24,2025-07-24,2025-07-24,2025-07-24,2025-07-24,2025-07-24,2025-07-24,23373.73,0.24,232.93,409686694745,851,741,231,10152845989,-47930,-43,0.528442,0.116714,0.069822,0.180501,0.13012659669868754,0.02999999999999936,0.03000000000000025,0.5199999999999996,0.5363622959012604,0.17487724570142138,1.5909607131329384,0.2098120027403283,0.5055565021951036,0.7104770264477089,-0.20656035901965852,0.4151992262050985,1.733227974601692,2.1872053918686074,1.7695332829745114,23364.38,-0.04000217,0,0.9877670294,0.0690954774,1.1484480432,63746216839.0,-0.1340976561,-89.0,4287.0,0.1421131284,1.1268413657,3.9186229623,0.3991615065,2.5160426587,0.8271750338
2025-07-25,2025-07-28,2025-07-25,2025-07-25,2025-07-25,2025-07-28,2025-07-25,2025-07-25,2025-07-25,2025-07-25,2025-07-25,2025-07-25,2025-07-27,2025-07-25,2025-07-25,2025-07-25,2025-07-25,2025-07-25,2025-07-25,2025-07-25,2025-07-25,2025-07-25,2025-07-25,23364.38,-0.04,232.77,355422870372,666,950,237,7361205242,-47417,107,1.655629,0.026393,0.397433,0.239146,-2.988954047337322,-0.02999999999999936,0.0,0.4900000000000002,0.27559243417745183,0.2772687205548907,-0.8848715340204594,0.17552689250597275,-1.0863292403753722,-0.5273480758562155,-0.00828128525547367,-0.10771284633157574,-0.1381406041071509,2.6832014770116652,0.509161880160236,23412.98,0.20800894,1,0.8662224763,-0.1757425743,0.7010526316,40099871830.0,-0.2592543872,513.0,593.0,1.6376427271,-0.0801860144,3.4734155061,0.3751677833,2.2990846189,0.8274350478
2025-07-28,2025-07-29,2025-07-28,2025-07-28,2025-07-28,2025-07-29,2025-07-28,2025-07-28,2025-07-28,2025-07-28,2025-07-28,2025-07-28,2025-07-28,2025-07-28,2025-07-28,2025-07-28,2025-07-28,2025-07-28,2025-07-28,2025-07-28,2025-07-28,2025-07-28,2025-07-28,23412.98,0.21,233.45,384212495914,866,765,218,4675390630,-44979,-68,-1.160426,1.616056,0.017686,0.332853,0.669788518093628,0.019999999999999574,0.0,0.5099999999999998,0.6277126261405197,1.0343083670744324,-1.1046854292389496,0.42145681379626154,0.6844921102544976,0.20982146659940248,1.7429853568307063,1.3635304048459584,1.8731988472622474,4.319097968812935,1.4198067479417098,23201.52,-0.90317422,0,0.9418710621,0.0619251993,1.1320261438,40645617165.0,-0.5064101148,2438.0,1577.0,0.4044398759,0.3102753319,5.1984137326,0.5214082918,2.2528868079,0.7405664728
2025-07-29,2025-07-30,2025-07-29,2025-07-29,2025-07-29,2025-07-30,2025-07-29,2025-07-29,2025-07-29,2025-07-29,2025-07-29,2025-07-29,2025-07-29,2025-07-29,2025-07-29,2025-07-29,2025-07-29,2025-07-29,2025-07-29,2025-07-29,2025-07-29,2025-07-29,2025-07-29,23201.52,-0.9,231.16,446994681262,368,1315,165,-16533219311,-40876,42,-0.584963,0.046887,-0.295944,-0.379114,6.32069079270261,-0.08000000000000007,-0.050000000000000266,0.48,0.10959038727660353,0.25339549029026465,-0.7895912527558058,0.6558628299567104,-0.1474119698091636,0.3917045713073497,0.17904473709309254,0.5113037355102712,-0.7015589777448761,2.176666301730368,1.0601514659118738,23461.72,1.12147825,1,1.1005385145,-0.5626856803,0.2798479087,14087911400.0,-2.2526604333,4103.0,3718.0,-0.7367673024,0.9291836756,2.8722534464,-0.5688460776,1.1862283139,0.7380222369
2025-07-30,2025-07-31,2025-07-30,2025-07-30,2025-07-30,2025-07-31,2025-07-30,2025-07-30,2025-07-30,2025-07-30,2025-07-30,2025-07-30,2025-07-30,2025-07-30,2025-07-30,2025-07-30,2025-07-30,2025-07-30,2025-07-30,2025-07-30,2025-07-30,2025-07-30,2025-07-30,23461.72,1.12,231.45,396255491667,1038,590,200,14112204090,-37831,58,0.654706,0.828075,-0.124943,0.148737,-3.128911228554565,0.040000000000000036,0.08000000000000007,0.43999999999999995,0.46648917126204115,1.0413494501683607,-0.04880585555022687,0.7398044876917753,-1.3615162790455604,-0.01878086214859298,0.7148927614373024,1.1471546395211307,2.1423337036675427,1.1665870361522446,1.7483630739989264,23542.52,0.34439078,1,0.9728428273,0.2751842752,1.7593220339,19768426640.0,0.5421950512,3045.0,10010.0,0.4166170898,0.6134569424,3.9152722992,0.4231244574,2.1241551081,0.7679598685
2025-07-31,2025-08-01,2025-07-31,2025-07-31,2025-07-31,2025-08-01,2025-07-31,2025-07-31,2025-07-31,2025-07-31,2025-07-31,2025-07-31,2025-07-31,2025-07-31,2025-07-31,2025-07-31,2025-07-31,2025-07-31,2025-07-31,2025-07-31,2025-07-31,2025-07-31,2025-07-31,23542.52,0.34,232,489352088639,478,1175,170,9388571808,-33644,-240,-0.531064,-3.099879,-0.369482,-0.034173,8.01033467562382,-0.009999999999999787,0.0,0.43000000000000016,0.26150269764380063,0.09005036591167581,1.0210900627166453,-0.2774654360975459,-1.6030533285215531,-1.8223504835480742,-3.194191678332048,-2.5248129142524722,-0.7809500317440987,-1.7826288486239794,-2.947585438530609,23434.38,-0.4593391,0,1.1959912344,-0.4216575923,0.4068085106,19004152459.0,0.2251191269,4187.0,14286.0,0.5532828371,0.7221354914,3.6523184771,0.6235771451,2.2911814801,0.7632571371
2025-08-01,2025-08-04,2025-08-01,2025-08-01,2025-08-01,2025-08-04,2025-08-01,2025-08-01,2025-08-01,2025-08-01,2025-08-01,2025-08-01,2025-08-03,2025-08-01,2025-08-01,2025-08-01,2025-08-01,2025-08-01,2025-08-01,2025-08-01,2025-08-01,2025-08-01,2025-08-01,23434.38,-0.46,234.03,478376016660,1140,544,180,-7033238508,-39537,-260,-2.652921,-1.432083,-1.599213,-2.236097,21.889952139464608,-0.13999999999999968,-0.25,0.5400000000000005,-0.30428543721531254,-1.3395944759003298,-0.6579496767794679,-3.8832956878649294,-1.071795880540316,-0.5069242932792761,-1.1623519144780547,-1.6725488581904813,-2.3331613034284993,-2.614713104297728,-1.7228455390825514,23378.94,-0.23657549,0,1.1597493498,0.3539192399,2.0955882353,4609708709.0,-1.3692493097,-5893.0,7880.0,1.0036411408,0.299601359,3.933385076,0.101475296,1.6255134967,0.7493206937
2025-08-04,2025-08-05,2025-08-04,2025-08-04,2025-08-04,2025-08-05,2025-08-04,2025-08-04,2025-08-04,2025-08-04,2025-08-04,2025-08-04,2025-08-04,2025-08-04,2025-08-04,2025-08-04,2025-08-04,2025-08-04,2025-08-04,2025-08-04,2025-08-04,2025-08-04,2025-08-04,23378.94,-0.24,233.87,400001984161,1056,631,168,11303634679,-39080,148,1.611323,1.751214,1.47371,1.953737,-14.033360258957684,-0.010000000000000675,0.0,0.5299999999999998,0.23176060718361757,0.09119093693816804,-1.2473218469313374,0.9085079771212534,0.9206806599203476,0.388909791219727,1.3319795692768865,2.197566461037992,3.6150119359707134,2.9586499250702003,3.145782327971758,23660.59,1.20471672,1,0.9614617713,0.2519264967,1.6735340729,11237952758.0,0.373493042,457.0,5899.0,-0.3528300568,-0.1453894378,4.2366216173,-0.1062903588,1.1766319853,0.7379079861
2025-08-05,2025-08-06,2025-08-05,2025-08-05,2025-08-05,2025-08-06,2025-08-05,2025-08-05,2025-08-05,2025-08-05,2025-08-05,2025-08-05,2025-08-05,2025-08-05,2025-08-05,2025-08-05,2025-08-05,2025-08-05,2025-08-05,2025-08-05,2025-08-05,2025-08-05,2025-08-05,23660.59,1.2,237.03,460067335409,1179,514,170,11487780180,-35329,-179,-2.732217,-1.115143,-0.485787,-0.65086,1.8835611591540902,0.0,0.03000000000000025,0.49999999999999956,0.1783585840453794,0.0,0.6424307564003362,1.5963783654991737,0.6836089727300321,0.8045359405867591,-0.6946747967324862,-1.0648183300231207,-0.9666697184244843,-1.3972175799066622,-1.6088971265894147,23447.36,-0.90120322,0,1.0900026357,0.3927938571,2.2937743191,39258952249.0,0.3403842602,3751.0,5547.0,0.5015181043,1.9786203663,5.8058506583,0.7020880053,2.1086639544,0.7585991262
2025-08-06,2025-08-07,2025-08-06,2025-08-06,2025-08-06,2025-08-07,2025-08-06,2025-08-06,2025-08-06,2025-08-06,2025-08-06,2025-08-06,2025-08-06,2025-08-06,2025-08-06,2025-08-06,2025-08-06,2025-08-06,2025-08-06,2025-08-06,2025-08-06,2025-08-06,2025-08-06,23447.36,-0.9,236.05,444276012067,776,882,210,-10820572461,-36380,58,-0.473182,-0.204796,0.728191,1.208943,-6.050419611347535,0.0,-0.03000000000000025,0.5299999999999998,-0.07582910609321702,-0.6074088697466618,0.6049891519651629,0.00437437705207433,0.032533090929920405,0.24442322140785233,-0.7539911548493206,-0.16719295580754912,0.6507369560503795,-6.419598759758327,2.9836551293764835,24003.77,2.37301769,1,1.0462499404,-0.0639324487,0.8798185941,14326175698.0,-1.7222495367,-1051.0,1451.0,0.0553887067,-0.0612060838,4.0855399807,-0.1932425303,0.9879042709,0.79309081
2025-08-07,2025-08-08,2025-08-07,2025-08-07,2025-08-07,2025-08-08,2025-08-07,2025-08-07,2025-08-07,2025-08-07,2025-08-07,2025-08-07,2025-08-07,2025-08-07,2025-08-07,2025-08-07,2025-08-07,2025-08-07,2025-08-07,2025-08-07,2025-08-07,2025-08-07,2025-08-07,24003.77,2.37,239.54,568885021130,732,927,199,43239484056,-34789,25,4.862342,1.502629,-0.079748,0.346156,-1.192610360644697,0.010000000000000675,0.03000000000000025,0.5100000000000002,-0.3563459079548914,0.22407946630604858,0.6478489362362172,0.9236631309047283,0.686453911847229,0.028927852132509813,1.6502780496262082,1.5700230537510684,0.7524278883585866,5.689062688255975,0.6928087794152882,24021.26,0.07286355,1,1.3159178164,-0.1175406872,0.7896440129,48177087946.0,2.6197446672,1591.0,-1145.0,2.6726190323,1.959221018,5.7749330748,1.7755431756,3.0934140119,0.9183451948
2025-08-08,2025-08-11,2025-08-08,2025-08-08,2025-08-08,2025-08-11,2025-08-08,2025-08-08,2025-08-08,2025-08-08,2025-08-08,2025-08-08,2025-08-10,2025-08-08,2025-08-08,2025-08-08,2025-08-08,2025-08-08,2025-08-08,2025-08-08,2025-08-08,2025-08-08,2025-08-08,24021.26,0.07,239.79,545333228540,763,924,187,-3256238186,-37590,60,-0.325609,0.786691,0.779972,0.97596,-8.569704903117737,0.03999999999999915,0.03999999999999959,0.5099999999999998,0.1439209000700048,-0.22357847285729981,1.854232394539057,-0.5474496309805565,-0.8883415441532927,-0.23573475431608593,0.8428827479505685,0.8278385897675156,1.0676509543432466,0.2088170667614575,0.3983379695081446,24135.5,0.47557872,1,1.2434667411,-0.0954356846,0.8257575758,51954088268.0,-0.8433941338,-2801.0,1947.0,1.5243491392,2.504354713,5.5831757947,1.3453330264,2.8878795955,0.9195025336
2025-08-11,2025-08-12,2025-08-11,2025-08-11,2025-08-11,2025-08-12,2025-08-11,2025-08-11,2025-08-11,2025-08-11,2025-08-11,2025-08-11,2025-08-11,2025-08-11,2025-08-08,2025-08-11,2025-08-11,2025-08-11,2025-08-11,2025-08-11,2025-08-11,2025-08-11,2025-08-11,24135.5,0.48,240.2,533490121679,702,1041,127,-3985502559,-35575,-60,0.107511,-0.134728,-0.250413,-0.301254,7.260728773380909,0.0,0.0,0.5099999999999998,0.3249476487076741,0.3462989782377246,1.854232394539057,-0.1009339604710946,0.19305113344767477,0.42727595727312107,-0.18939822305187315,-0.04429015206389719,-0.35030071173440813,-0.27783962884999625,-0.3508565825936394,24158.36,0.09471525,1,1.1892814559,-0.1944922547,0.674351585,36664951030.0,-0.8903293074,2015.0,3505.0,2.9348293369,3.2360748605,6.723555238,1.1813850566,3.0416509548,0.8979830525
2025-08-12,2025-08-13,2025-08-12,2025-08-12,2025-08-12,2025-08-13,2025-08-12,2025-08-12,2025-08-12,2025-08-12,2025-08-12,2025-08-12,2025-08-12,2025-08-12,2025-08-12,2025-08-12,2025-08-12,2025-08-12,2025-08-12,2025-08-12,2025-08-12,2025-08-12,2025-08-12,24158.36,0.09,242.36,553174176706,996,700,172,-5731106152,-35302,173,0.908752,2.993098,1.134544,1.38646,-9.353848970853363,0.020000000000000462,-0.03999999999999959,0.5699999999999998,-0.23340628022624488,-0.42630753477077565,2.1465353725928393,-0.5257660299674227,0.25241746833333245,0.5171682715654491,3.197062779142801,2.283576123520681,0.6041997793400977,1.549801594998712,2.9384642497962687,24370.02,0.87613563,1,1.2117693755,0.1745283019,1.4228571429,19446064698.0,-0.9251923199,273.0,27.0,0.6440238346,2.1037936924,5.7909593387,0.8562929874,2.8489146287,0.8867073887
2025-08-13,2025-08-14,2025-08-13,2025-08-13,2025-08-13,2025-08-14,2025-08-13,2025-08-13,2025-08-13,2025-08-13,2025-08-13,2025-08-13,2025-08-13,2025-08-13,2025-08-13,2025-08-13,2025-08-13,2025-08-13,2025-08-13,2025-08-13,2025-08-13,2025-08-13,2025-08-13,24370.02,0.88,243.33,715821818517,824,855,187,7036580411,-33570,1,-1.166642,0.899302,0.323008,0.144084,-1.6293263990266649,-0.04999999999999982,-0.050000000000000266,0.5700000000000003,0.20617018015440802,-0.2650378596071645,1.3027242870514266,1.0802877205813521,2.5790888887428753,0.7903316348053302,1.4870487552949285,0.39319981732164333,-0.8571780371412707,5.4129759279188505,-1.1955344419998681,24238.1,-0.54132085,0,1.527963147,-0.0184633711,0.9637426901,37303217570.0,0.0575730239,1732.0,2810.0,1.4518805425,3.9350272269,5.7593445269,0.9621347976,3.4577465134,0.8856760418
2025-08-14,2025-08-15,2025-08-14,2025-08-14,2025-08-14,2025-08-15,2025-08-14,2025-08-14,2025-08-14,2025-08-14,2025-08-14,2025-08-14,2025-08-14,2025-08-14,2025-08-14,2025-08-14,2025-08-14,2025-08-14,2025-08-14,2025-08-14,2025-08-14,2025-08-14,2025-08-14,24238.1,-0.54,245.53,605887563302,1046,647,176,-4460109509,-34379,44,-0.182241,-0.120823,0.030309,-0.011379,2.3464469148273492,0.04999999999999982,0.07000000000000028,0.5499999999999998,0.4652728781409321,0.4190552713160711,-1.4452106258749042,0.04000145377232034,-0.36835646614787887,-0.07829418974574232,0.10240842202440259,0.21243184115462554,0.23680155473442266,-1.881575347118425,0.6923597249320457,24334.48,0.39763843,1,1.2677504493,0.2356763142,1.6166924266,-10396375995.0,-0.7829164248,-809.0,410.0,0.4250999565,0.9762216518,4.8665529081,0.2210162414,2.6526155673,0.9037078782
2025-08-15,2025-08-18,2025-08-15,2025-08-15,2025-08-15,2025-08-18,2025-08-15,2025-08-15,2025-08-15,2025-08-15,2025-08-15,2025-08-15,2025-08-17,2025-08-15,2025-08-15,2025-08-14,2025-08-15,2025-08-15,2025-08-15,2025-08-15,2025-08-15,2025-08-15,2025-08-15,24334.48,0.4,246.07,592684364642,868,842,168,5373846115,-34207,-142,-0.879666,-2.255547,-0.289714,-0.4039,1.7532045193487944,0.040000000000000036,0.009999999999999787,0.5800000000000001,-0.2992125774545329,-0.4071262349912508,1.7094009265803622,0.04000145377232034,-0.9767109662317752,0.6958514621433487,-2.2900732192520645,-2.0767154386573172,-0.862546581346435,-1.9010790270365119,-1.5711899482123926,24482.52,0.60835489,1,1.2224293352,0.0152046784,1.0308788599,-1766291694.0,0.0519505665,172.0,3383.0,0.7290229966,1.3039282702,4.0685314584,0.3595782985,2.8535963263,0.8795364101
2025-08-18,2025-08-19,2025-08-18,2025-08-18,2025-08-18,2025-08-19,2025-08-18,2025-08-18,2025-08-18,2025-08-18,2025-08-18,2025-08-18,2025-08-18,2025-08-18,2025-08-18,2025-08-18,2025-08-18,2025-08-18,2025-08-18,2025-08-18,2025-08-18,2025-08-18,2025-08-18,24482.52,0.61,248.34,589010510723,964,743,168,4638950093,-29626,-9,1.059109,0.409715,-0.010076,0.031397,-0.6626930447881874,0.009999999999999787,0.020000000000000018,0.5699999999999998,0.12037876283805815,0.32703086337690923,0.774580685352988,-1.499844500992753,-0.36889768003094403,0.8818888891341858,0.2939737862466929,0.40926483343739495,0.8645040648247893,-0.771784778087381,-0.18932773362897448,24353.5,-0.52698823,0,1.1889354694,0.129466901,1.2974427995,6858160958.0,-0.0108524052,4581.0,5949.0,0.4616327767,1.4377990926,4.8925989779,0.6819347497,3.230181803,0.8790843861
2025-08-19,2025-08-20,2025-08-19,2025-08-19,2025-08-19,2025-08-20,2025-08-19,2025-08-19,2025-08-19,2025-08-19,2025-08-19,2025-08-19,2025-08-19,2025-08-19,2025-08-19,2025-08-19,2025-08-19,2025-08-19,2025-08-19,2025-08-19,2025-08-19,2025-08-19,2025-08-19,24353.5,-0.53,246.97,611407015389,581,1148,151,-11007665546,-32633,-129,-3.607973,-1.814312,-0.58581,-1.455495,3.8692457142231795,-0.040000000000000036,-0.020000000000000018,0.5499999999999998,0.2737679299698925,0.10186256084980805,-0.3843582036523907,-0.8094965022273137,-0.21428105417093946,-0.37835544265167886,-1.5659542692167405,-2.017782971753912,-3.49980512578294,-5.444530697809357,-3.548536681377168,23625.44,-2.98954976,0,1.2238153365,-0.3279352227,0.506097561,1581601564.0,-1.1770684999,-3007.0,2669.0,0.4761099261,0.8077535064,5.940424362,-0.0091313237,2.3913887553,0.8038767468
2025-08-20,2025-08-21,2025-08-20,2025-08-20,2025-08-20,2025-08-21,2025-08-20,2025-08-20,2025-08-20,2025-08-20,2025-08-20,2025-08-20,2025-08-20,2025-08-20,2025-08-20,2025-08-20,2025-08-20,2025-08-20,2025-08-20,2025-08-20,2025-08-20,2025-08-20,2025-08-20,23625.44,-2.99,241.32,652692865316,287,1460,125,-62668571933,-35143,54,-1.761921,-0.717445,-0.243167,-0.666621,0.7707121895382807,-0.009999999999999787,-0.009999999999999787,0.5499999999999998,0.5739473988298771,-0.050875571457353885,-1.510434747507372,-0.6812489784092879,0.17131406736803356,1.1372383623397653,-0.5751533503670747,-0.6566520074852922,-0.1366462616705144,-0.8105710470002747,-1.26818018647481,23962.13,1.42511632,1,1.275658754,-0.6714367487,0.1965753425,-68123550780.0,-3.2971951292,-2510.0,-1573.0,-2.9137257094,-3.0553114031,1.315555304,-2.4016714637,-0.7336685189,1.0343763042
2025-08-21,2025-08-22,2025-08-21,2025-08-21,2025-08-21,2025-08-22,2025-08-21,2025-08-21,2025-08-21,2025-08-21,2025-08-21,2025-08-21,2025-08-21,2025-08-21,2025-08-21,2025-08-21,2025-08-21,2025-08-21,2025-08-21,2025-08-21,2025-08-21,2025-08-21,2025-08-21,23962.13,1.43,245.68,512735531250,1366,348,154,-10078910548,-30387,-52,-0.555557,-0.48945,-0.400418,-0.34265,5.799877791100583,0.040000000000000036,0.04999999999999982,0.54,0.7790624202977492,0.407250581253904,-0.6490751055447164,0.372190640417025,-0.24370271667877308,0.3902683489282577,-0.5661790644585829,-0.5191030053837697,-0.2394516439910399,-0.9019311512710404,-0.5392063920786949,23764.47,-0.82488493,0,0.9921275223,0.5939323221,3.9252873563,-73742351819.0,-0.4849213452,4756.0,3992.0,-2.1255573364,-1.1385793441,2.5173560232,-0.7845604025,0.556690856,1.0755226185
2025-08-22,2025-08-25,2025-08-22,2025-08-22,2025-08-22,2025-08-25,2025-08-22,2025-08-22,2025-08-22,2025-08-22,2025-08-22,2025-08-22,2025-08-24,2025-08-22,2025-08-22,2025-08-22,2025-08-22,2025-08-22,2025-08-22,2025-08-22,2025-08-22,2025-08-22,2025-08-22,23764.47,-0.82,244.14,464420371545,560,1146,165,-16397993687,-26735,365,2.489774,2.698433,1.518644,1.877833,-14.337349757519691,-0.07000000000000028,-0.10999999999999988,0.5799999999999996,-0.4872876866823028,-0.9125953161769673,0.05425274408141778,0.8590777823202833,0.9342158903836717,2.097218083374708,2.776859098279605,2.14987246123437,1.7202022168933517,2.473879193009454,1.5193348769860338,24277.38,2.15830608,1,0.8892616037,-0.3434935522,0.4886561955,-95514191621.0,-0.7469714755,3652.0,7472.0,-2.4186667214,-2.3423964679,1.7123929674,-1.1363108781,-0.3564354742,1.0951571494
2025-08-25,2025-08-26,2025-08-25,2025-08-25,2025-08-25,2025-08-26,2025-08-25,2025-08-25,2025-08-25,2025-08-25,2025-08-25,2025-08-25,2025-08-25,2025-08-25,2025-08-25,2025-08-25,2025-08-25,2025-08-25,2025-08-25,2025-08-25,2025-08-25,2025-08-25,2025-08-25,24277.38,2.16,247.48,508810909975,1149,544,183,24114791914,-25609,-75,1.115924,0.031972,-0.426639,-0.219803,4.008436597190856,0.020000000000000462,0.04999999999999982,0.5500000000000003,0.2525750082704059,0.726564751947878,0.4093778684167271,1.2980003725985068,1.936804165985806,2.083604724617416,-0.23284830365805087,0.09535443581560887,1.0225248661501984,-2.622790915926676,0.07823502936330495,24305.1,0.11418036,1,0.9627747466,0.3573538098,2.1121323529,-76038349800.0,1.257863003,1126.0,4017.0,2.759482998,-0.8379039413,3.6919691556,1.1701498847,1.6100400214,1.1844294632
2025-08-26,2025-08-27,2025-08-26,2025-08-26,2025-08-26,2025-08-27,2025-08-26,2025-08-26,2025-08-26,2025-08-26,2025-08-26,2025-08-26,2025-08-26,2025-08-26,2025-08-26,2025-08-26,2025-08-26,2025-08-26,2025-08-26,2025-08-26,2025-08-26,2025-08-26,2025-08-26,24305.1,0.11,250.28,627891446815,813,865,190,-14508100864,-27132,101,1.328581,0.896759,0.4134,0.442814,-1.1494258061691465,-0.020000000000000462,-0.1200000000000001,0.6499999999999999,0.3370125372272659,-0.20318698325928475,-0.9657624984920843,-0.9501971730630165,-1.1807638219802463,-0.3721090099457425,0.9416166948630789,0.9628424207191344,1.0900432347920486,1.9955891862486697,1.2847087782192679,24519.9,0.88376514,1,1.1681077758,-0.0309892729,0.9398843931,-79538785118.0,-0.6791937173,-1523.0,5501.0,1.431300139,-0.1987394009,4.7564987122,1.3265405156,1.4916687605,1.1580059792
2025-08-27,2025-08-28,2025-08-27,2025-08-27,2025-08-27,2025-08-28,2025-08-27,2025-08-27,2025-08-27,2025-08-27,2025-08-27,2025-08-27,2025-08-27,2025-08-27,2025-08-27,2025-08-27,2025-08-27,2025-08-27,2025-08-27,2025-08-27,2025-08-27,2025-08-27,2025-08-27,24519.9,0.88,253.83,573328293705,1118,567,198,-1947570889,-24771,-113,0.23877,0.287365,0.239098,0.212916,1.5731908188168164,-0.019999999999999574,-0.020000000000000018,0.6500000000000004,0.09297408164834486,0.0,0.29690501195709373,0.24532624251314417,-1.2660574733989627,-1.4926135860186651,0.1953319603160697,0.3066566679391425,-0.09352377452249705,0.30609157398324705,0.7516493275298686,24236.45,-1.15599982,0,1.0493170409,0.3270029674,1.9717813051,-18817784074.0,-0.0092648159,2361.0,10372.0,3.1788211561,3.7860035623,4.5102405109,1.4653107226,2.1629041649,1.1500835499
2025-08-28,2025-08-29,2025-08-28,2025-08-28,2025-08-28,2025-08-29,2025-08-28,2025-08-28,2025-08-28,2025-08-28,2025-08-28,2025-08-28,2025-08-28,2025-08-28,2025-08-28,2025-08-28,2025-08-28,2025-08-28,2025-08-28,2025-08-28,2025-08-28,2025-08-28,2025-08-28,24236.45,-1.16,253.99,572568834438,827,831,188,-9520531049,-26087,190,-0.426256,0.488272,0.315672,0.532741,-2.8282832693932725,-0.020000000000000462,0.03000000000000025,0.5999999999999996,-0.2688503744142423,-0.4275738409716734,0.7255822567711068,0.2874081157709263,-0.8052590573528473,1.7703511847204867,0.48142226923586495,0.40986400782552224,-0.7874492767115715,0.8675862537423473,2.7976665766809017,24233.1,-0.01382216,0,1.0400071502,-0.0024125452,0.9951865223,-18259404575.0,-0.3485509696,-1316.0,4300.0,-0.1685931513,1.1448064091,2.9475604141,0.065192278,0.8361284197,1.1883082678
2025-08-29,2025-09-01,2025-08-29,2025-08-29,2025-08-29,2025-09-01,2025-08-29,2025-08-29,2025-08-29,2025-08-29,2025-08-29,2025-08-29,2025-08-31,2025-08-29,2025-08-29,2025-08-29,2025-08-29,2025-08-29,2025-08-29,2025-08-29,2025-08-29,2025-08-29,2025-08-29,24233.1,-0.01,255,599437650288,721,965,188,-8635002338,-26309,-207,-3.105724,-3.145537,-0.639818,-1.15,6.444901814505788,0.010000000000000675,-0.03000000000000025,0.6400000000000006,0.2220177645487098,-0.040896550992530756,-0.2575844774387881,-0.3225602684728046,0.31521018648068555,0.738835293318485,-2.8627977193321774,-2.874061896933744,-3.3246409247044806,-3.529479703176819,-3.6481384969096364,24071.73,-0.66590737,0,1.0769703305,-0.1447212337,0.7471502591,-10496413226.0,-0.2988062305,-222.0,426.0,-0.2962341237,1.9719774941,3.4083257163,-0.3343123696,0.6549481165,1.1807833862
2025-09-01,2025-09-02,2025-09-01,2025-09-01,2025-09-01,2025-09-02,2025-08-29,2025-08-29,2025-08-29,2025-08-29,2025-08-29,2025-08-29,2025-09-01,2025-08-29,2025-09-01,2025-09-01,2025-09-01,2025-09-01,2025-08-29,2025-08-29,2025-08-29,2025-08-29,2025-08-29,24071.73,-0.67,252.37,628159169850,407,1352,116,-7666900296,-26664,78,-3.105724,-3.145537,-0.639818,-1.15,6.444901814505788,0.010000000000000675,-0.03000000000000025,0.6400000000000006,0.2120392800051274,-0.040896550992530756,-1.2399313528765,-1.3521639289566845,2.1525200547269696,0.5993247742189345,-2.8627977193321774,-2.874061896933744,-3.3246409247044806,-3.529479703176819,-3.6481384969096364,24016.78,-0.22827607,0,1.1059060252,-0.5372370665,0.301035503,-42278105436.0,-0.2033863422,-355.0,-1055.0,-1.8277807006,-0.8470848172,2.9633080028,-0.8302388439,-0.1589709987,1.191915411
2025-09-02,2025-09-03,2025-09-02,2025-09-02,2025-09-02,2025-09-03,2025-09-02,2025-09-02,2025-09-02,2025-09-02,2025-09-02,2025-09-02,2025-09-02,2025-09-02,2025-09-02,2025-09-02,2025-09-02,2025-09-02,2025-09-02,2025-09-02,2025-09-02,2025-09-02,2025-09-02,24016.78,-0.23,251.05,547122952870,629,1044,183,7786239530,-24295,-32,-1.074196,-1.119786,-0.692228,-0.819927,11.783857161935952,0.04999999999999982,0.07000000000000028,0.6200000000000001,0.38758813655075386,0.6443744547854457,0.2884634080625226,0.9360745118573988,-0.47182402050484074,-0.7352320531643253,-1.0150030241411256,-1.3124797431683377,-1.9520002522982804,-0.1906152304534059,0.2858117435255103,24100.3,0.34775686,1,0.9559122282,-0.2480573819,0.6024904215,-19983765042.0,0.610592904,2369.0,2837.0,-0.9063621116,-1.1862530909,1.5054147001,-0.8210082165,-0.4604115967,1.169412506
2025-09-03,2025-09-04,2025-09-03,2025-09-03,2025-09-03,2025-09-04,2025-09-03,2025-09-03,2025-09-03,2025-09-03,2025-09-03,2025-09-03,2025-09-03,2025-09-03,2025-09-03,2025-09-03,2025-09-03,2025-09-03,2025-09-03,2025-09-03,2025-09-03,2025-09-03,2025-09-03,24100.3,0.35,253.85,500125656490,1109,557,208,8199762036,-24788,132,1.313543,-0.225497,0.510007,1.024922,-4.775769896217796,-0.0600000000000005,-0.050000000000000266,0.6099999999999999,-0.07155659478953469,-0.26422980914495575,-0.8782636914513531,0.3804694894068428,-0.6005561107606971,-0.6818941499332043,-0.47358610822461067,-0.017459616248505228,-0.09368993046788843,-0.11705423412576854,1.3915050127252027,24179.85,0.33007888,1,0.8695578542,0.331332533,1.9910233393,-9836432117.0,0.5793739656,-493.0,-17.0,-0.5480107786,-1.7112630965,2.7847058262,-0.1300034245,-0.2492268946,1.1484226015
2025-09-04,2025-09-05,2025-09-04,2025-09-04,2025-09-04,2025-09-05,2025-09-04,2025-09-04,2025-09-04,2025-09-04,2025-09-04,2025-09-04,2025-09-04,2025-09-04,2025-09-04,2025-09-04,2025-09-04,2025-09-04,2025-09-04,2025-09-04,2025-09-04,2025-09-04,2025-09-04,24179.85,0.33,254.18,572136202166,1032,675,161,11808136125,-23503,205,1.650896,1.341721,0.834649,0.976657,-6.422019365362708,-0.04999999999999982,-0.020000000000000018,0.5800000000000001,-0.09113950204554522,0.2139790969825528,1.5293177685240744,0.515326390758708,-1.1242358488501192,-2.1216081225067684,1.030290288242619,1.1974977353938598,0.6095466971544283,-0.20971540519316711,1.2268895384629053,24494.58,1.30162098,1,0.9944799823,0.2091388401,1.5288888889,11492235057.0,0.9886669909,1285.0,2584.0,0.4491575803,-0.2335325512,0.733551438,0.2466713587,0.0435738393,1.0304138451
2025-09-05,2025-09-08,2025-09-05,2025-09-05,2025-09-05,2025-09-08,2025-09-05,2025-09-05,2025-09-05,2025-09-05,2025-09-05,2025-09-05,2025-09-07,2025-09-05,2025-09-05,2025-09-05,2025-09-05,2025-09-05,2025-09-05,2025-09-05,2025-09-05,2025-09-05,2025-09-05,24494.58,1.3,258.03,550278552513,938,746,189,28281116909,-21304,54,3.486245,1.650359,-0.316515,-0.033623,-0.7843129677328364,-0.07000000000000028,-0.08000000000000007,0.5899999999999999,-0.7004631226877445,-0.5897324250668912,1.0297738214836594,0.1340289536710726,1.4345254625561132,2.179050218401679,1.1795080904328792,1.1798846341575464,-2.7030171796929903,-6.582603583924618,9.405425668363353,24547.38,0.21555789,1,0.9560763725,0.1140142518,1.2573726542,48408354304.0,1.7336526665,2199.0,5005.0,1.9894423815,1.0790200181,1.9704212019,1.331802788,1.2466237888,1.0664317053
2025-09-08,2025-09-09,2025-09-08,2025-09-08,2025-09-08,2025-09-09,2025-09-08,2025-09-08,2025-09-08,2025-09-08,2025-09-08,2025-09-08,2025-09-08,2025-09-08,2025-09-08,2025-09-08,2025-09-08,2025-09-08,2025-09-08,2025-09-08,2025-09-08,2025-09-08,2025-09-08,24547.38,0.22,259.78,573176508128,900,789,183,14618525216,-21999,156,1.552935,0.836775,0.210598,0.453027,-0.46113733261696765,-0.04999999999999982,-0.019999999999999574,0.5599999999999996,-0.4852509178164821,-0.32729846150292286,1.4529910649426103,0.45146422517925444,0.8495155142851374,0.1623141329664346,0.728598676188108,1.1047429923147334,0.7723585517507514,0.17864514592516034,3.212988974706388,24855.18,1.25390164,1,0.992438645,0.0657193606,1.1406844106,70693779816.0,0.9040598574,-695.0,4665.0,1.8550806421,1.9759693217,1.7065318721,1.1521532791,1.3785715317,1.0633949043
2025-09-09,2025-09-10,2025-09-09,2025-09-09,2025-09-09,2025-09-10,2025-09-09,2025-09-09,2025-09-09,2025-09-09,2025-09-09,2025-09-09,2025-09-09,2025-09-09,2025-09-09,2025-09-09,2025-09-09,2025-09-09,2025-09-09,2025-09-09,2025-09-09,2025-09-09,2025-09-09,24855.18,1.25,259.6,633939882720,678,1007,186,35653694959,-18792,174,1.508959,0.175919,0.268815,0.370623,-0.4632673488730754,0.03000000000000025,0.04999999999999982,0.54,0.06758799645232294,0.3489009522142261,-0.422785126219305,1.256680503821772,1.1867900810708987,-0.7008297536620023,0.08438474982024324,0.4350494377167946,1.4556455253879275,2.9126237074472705,-2.5979981563197474,25192.59,1.35750375,1,1.0900270215,-0.1952522255,0.6732869911,98561235245.0,1.7689513131,3207.0,5503.0,2.7929453657,3.4908926176,2.884384536,1.71767601,2.5022682406,1.0932264798
2025-09-10,2025-09-11,2025-09-10,2025-09-10,2025-09-10,2025-09-11,2025-09-10,2025-09-10,2025-09-10,2025-09-10,2025-09-10,2025-09-10,2025-09-10,2025-09-10,2025-09-10,2025-09-10,2025-09-10,2025-09-10,2025-09-10,2025-09-10,2025-09-10,2025-09-10,2025-09-10,25192.59,1.36,260.73,664546881802,738,970,174,48947944283,-17813,185,3.79404,2.375667,0.298347,0.03003,2.061173007998507,-0.040000000000000036,0.0,0.5,-0.3782383940657219,-0.010228178890303585,0.8706603827684178,1.6711393890512127,1.0105928899470262,0.20536109343940456,1.7626272515383068,1.0140656923640412,3.84750968351415,2.3873609209719815,9.77217827079997,25215.71,0.09177302,1,1.1477135685,-0.1358313817,0.7608247423,139309417492.0,2.0565644015,979.0,6975.0,2.8496508207,4.5322672332,3.3753357609,2.1849429519,3.7178213444,1.1140857717
2025-09-11,2025-09-12,2025-09-11,2025-09-11,2025-09-11,2025-09-12,2025-09-11,2025-09-11,2025-09-11,2025-09-11,2025-09-11,2025-09-11,2025-09-11,2025-09-11,2025-09-11,2025-09-11,2025-09-11,2025-09-11,2025-09-11,2025-09-11,2025-09-11,2025-09-11,2025-09-11,25215.71,0.09,256.58,728659194242,308,1478,97,32999661731,-16317,176,-0.587467,0.626044,0.848589,0.717396,-4.1693832405069635,-0.03000000000000025,-0.020000000000000018,0.48999999999999977,0.17595008979807147,-0.24544678540162623,1.220019453872978,0.8951471735887173,-0.43487909717021545,2.3095922087125853,0.6865281176229088,1.0304844071024721,-0.090229324117308,-2.4257209978984506,-2.6896128593806634,25474.64,1.02685984,1,1.245237847,-0.6550951848,0.2083897158,160500943098.0,1.2251421772,1496.0,7186.0,2.7226123521,4.2839802563,4.0333607007,1.42641384,3.6045116882,1.1022900317
2025-09-12,2025-09-15,2025-09-12,2025-09-12,2025-09-12,2025-09-15,2025-09-12,2025-09-12,2025-09-12,2025-09-12,2025-09-12,2025-09-12,2025-09-14,2025-09-12,2025-09-12,2025-09-12,2025-09-12,2025-09-12,2025-09-12,2025-09-12,2025-09-12,2025-09-12,2025-09-12,25474.64,1.03,258.09,612470589879,1062,641,189,26538500007,-18558,-80,0.162212,0.105916,-0.048276,0.444717,0.3399061224010902,0.04999999999999982,0.040000000000000036,0.49999999999999956,-0.0168380656651812,0.010254394234765485,0.891590723421043,1.5351979140073357,1.157080953289391,-0.5725551850653376,0.17633800068068695,0.12832384359431348,0.3668844397986648,1.8629210441218902,0.06673253930888912,25357.16,-0.46116451,0,1.0449114062,0.2472108045,1.6567862715,158758326196.0,0.8885029931,-2241.0,2746.0,2.4922772637,4.0011300459,4.6853682511,1.6663540474,4.4237925401,1.1162585915
2025-09-15,2025-09-16,2025-09-15,2025-09-15,2025-09-15,2025-09-16,2025-09-15,2025-09-15,2025-09-15,2025-09-15,2025-09-15,2025-09-15,2025-09-15,2025-09-15,2025-09-12,2025-09-15,2025-09-15,2025-09-15,2025-09-15,2025-09-15,2025-09-15,2025-09-15,2025-09-15,25357.16,-0.46,255.82,512329168628,539,1161,177,2546248589,-18896,81,0.790506,0.967883,0.470662,0.93785,6.30080851680257,-0.009999999999999787,-0.020000000000000018,0.5099999999999998,-0.29982346654272574,-0.2562788233510971,0.891590723421043,0.3466317403372443,0.2213128550046628,0.24458333909220809,0.8449336600208746,0.9365161786682119,-0.039369767931174415,1.6333456632785515,1.172646032723268,25629.64,1.07456829,1,0.8798191876,-0.3658823529,0.4642549526,146686049569.0,-0.0995319239,-338.0,3103.0,0.6532476415,3.2988449276,3.5725080588,0.5476176428,3.7562304953,1.1227137244
2025-09-16,2025-09-17,2025-09-16,2025-09-16,2025-09-16,2025-09-17,2025-09-16,2025-09-16,2025-09-16,2025-09-16,2025-09-16,2025-09-16,2025-09-16,2025-09-16,2025-09-16,2025-09-16,2025-09-16,2025-09-16,2025-09-16,2025-09-16,2025-09-16,2025-09-16,2025-09-16,25629.64,1.07,259.33,561884843823,975,721,182,27003531062,-18244,-71,0.260155,0.319978,-0.128793,-0.066174,4.270242497685861,-0.009999999999999787,-0.03000000000000025,0.5300000000000002,-0.48651948491017505,-0.6885979211978421,0.2996517035393831,1.2417437176589718,-0.030441694812188835,-0.2144294299680105,0.3025596649458562,0.013014951198409008,-1.6146245385021074,-0.4343490520823057,-1.1233476280669175,25438.25,-0.74675259,0,0.9690413523,0.1497641509,1.3522884882,138035885672.0,0.8276280228,652.0,548.0,1.6415559982,3.115889726,5.2400681627,1.0076949791,4.5980721811,1.1263994489
2025-09-17,2025-09-18,2025-09-17,2025-09-17,2025-09-17,2025-09-18,2025-09-17,2025-09-17,2025-09-17,2025-09-17,2025-09-17,2025-09-17,2025-09-17,2025-09-17,2025-09-17,2025-09-17,2025-09-17,2025-09-17,2025-09-17,2025-09-17,2025-09-17,2025-09-17,2025-09-17,25438.25,-0.75,257.89,550200942620,742,952,188,-5734012058,-18862,80,0.278566,-0.31254,-0.097017,-0.325204,-3.911982392701152,0.019999999999999574,0.010000000000000231,0.5399999999999996,0.1304608418786879,0.24837576320595467,-0.24918701475017402,-1.0499769137849446,1.777259246230023,0.6119411040825584,-0.01933165579880436,-0.6379973013881379,-2.6246634655319623,-0.8101726270496656,-3.841662936740453,25769.36,1.30162256,1,0.9573520797,-0.1239669421,0.7794117647,83353929331.0,-0.8239475309,-618.0,-1049.0,-0.142847946,0.9751280039,7.6731269344,0.0596701894,3.4343628037,0.8822897167
2025-09-18,2025-09-19,2025-09-18,2025-09-18,2025-09-18,2025-09-19,2025-09-18,2025-09-18,2025-09-18,2025-09-18,2025-09-18,2025-09-18,2025-09-18,2025-09-18,2025-09-18,2025-09-18,2025-09-18,2025-09-18,2025-09-18,2025-09-18,2025-09-18,2025-09-18,2025-09-18,25769.36,1.3,262.45,595312067511,1168,528,184,12153720716,-18552,129,2.226114,3.596238,0.478912,0.940602,-0.12722937292578562,0.05000000000000071,0.04999999999999982,0.5400000000000005,0.08010681923562579,0.49550502108972605,1.1454486293225097,1.4032972360339402,-1.3510321768825606,-1.1625999451316371,3.496696161995194,3.839476239378592,3.4940468856755613,-0.7790936570952534,-0.2368799411881839,25578.37,-0.74115151,0,1.0284570198,0.3773584906,2.2121212121,62507988316.0,0.0738091956,310.0,-2235.0,1.6255763658,2.1956550103,7.542025688,0.9225023606,4.3971134717,0.8753179447
2025-09-19,2025-09-22,2025-09-19,2025-09-19,2025-09-19,2025-09-22,2025-09-19,2025-09-19,2025-09-19,2025-09-19,2025-09-19,2025-09-19,2025-09-21,2025-09-19,2025-09-19,2025-09-19,2025-09-19,2025-09-19,2025-09-19,2025-09-19,2025-09-19,2025-09-19,2025-09-19,25578.37,-0.74,263.28,752329250083,779,927,181,-15745036443,-17603,67,-1.403372,-0.731268,0.488542,0.715419,-1.592356707243181,0.02999999999999936,0.0,0.5699999999999998,0.35037367829144905,0.2978951413177944,-0.5686569328791524,-0.46398920541972366,0.0009418022843599161,0.0847035468131141,-0.6390932936605975,-0.3975170397111705,0.24398131092768782,-0.3356121994947503,-0.11872119729642305,25880.6,1.18158428,1,1.2681798604,-0.0867526377,0.8403451996,20224451866.0,-1.4667257912,949.0,955.0,-0.2000418266,0.4071892674,7.6328232862,0.0931888623,3.2440287556,0.8697849265
2025-09-22,2025-09-23,2025-09-22,2025-09-22,2025-09-22,2025-09-23,2025-09-22,2025-09-22,2025-09-22,2025-09-22,2025-09-22,2025-09-22,2025-09-22,2025-09-22,2025-09-22,2025-09-22,2025-09-22,2025-09-22,2025-09-22,2025-09-22,2025-09-22,2025-09-22,2025-09-22,25880.6,1.18,266.05,606726950019,853,848,184,-6650808558,-17239,177,2.929743,1.570382,0.441005,0.695933,4.207123496628107,0.010000000000000675,0.040000000000000036,0.5400000000000005,0.005624330335418648,-0.3174903323756251,0.994213616052475,0.6794856722820874,-0.7570473922954402,0.4595803960376177,1.4932676745067042,2.046188637515911,3.928229191902566,1.5248706434916048,-1.7829169864197025,26247.37,1.41716189,1,1.0143709229,0.0029394474,1.0058962264,11027394719.0,-0.8747391155,364.0,1657.0,1.7389167887,2.064269027,6.6037603728,0.8626754553,4.1270302615,0.7920791071
2025-09-23,2025-09-24,2025-09-23,2025-09-23,2025-09-23,2025-09-24,2025-09-23,2025-09-23,2025-09-23,2025-09-23,2025-09-23,2025-09-23,2025-09-23,2025-09-23,2025-09-22,2025-09-23,2025-09-23,2025-09-23,2025-09-23,2025-09-23,2025-09-23,2025-09-23,2025-09-23,26247.37,1.42,265.54,671300949183,549,1156,180,10638719207,-16200,153,3.697314,-0.346125,-0.550216,-0.945675,3.3540310272304197,-0.03000000000000025,-0.08000000000000007,0.5900000000000003,0.18631834557791827,-0.07191995634164838,0.994213616052475,0.5056733759912779,-0.7023249951809696,-0.06257621617945519,-0.11858459865984328,-0.1458860853319477,-2.8212014146021813,0.6946621546969567,0.04427341205504032,26196.73,-0.19293362,0,1.1182725602,-0.3560117302,0.4749134948,-5337417136.0,0.0043046468,1039.0,2044.0,1.8549548766,2.4102172329,7.9912034923,1.8018996393,5.1916710147,0.8250902851
2025-09-24,2025-09-25,2025-09-24,2025-09-24,2025-09-24,2025-09-25,2025-09-24,2025-09-24,2025-09-24,2025-09-24,2025-09-24,2025-09-24,2025-09-24,2025-09-24,2025-09-24,2025-09-24,2025-09-24,2025-09-24,2025-09-24,2025-09-24,2025-09-24,2025-09-24,2025-09-24,26196.73,-0.19,264.87,629044204373,760,897,220,-12950186461,-19917,-36,-0.707439,-0.177704,-0.284662,-0.334957,-2.764417676354103,0.040000000000000036,0.040000000000000036,0.5900000000000003,0.2976129160905838,0.6271854790802278,0.3003680887197824,-0.40302017572965143,1.374401210022591,1.0241658059209957,-0.15212928917405222,-0.18340902489274447,-0.8182432970958109,-0.012423253219473462,0.10916242241174601,26023.85,-0.65992969,0,1.0430396598,-0.0826795413,0.8472686734,-12553591539.0,-1.278833842,-3717.0,-1055.0,2.4175113582,2.9816516466,6.8386494235,1.0111787062,4.6371277661,0.8261466691
2025-09-25,2025-09-26,2025-09-25,2025-09-25,2025-09-25,2025-09-26,2025-09-25,2025-09-25,2025-09-25,2025-09-25,2025-09-25,2025-09-25,2025-09-25,2025-09-25,2025-09-25,2025-09-25,2025-09-25,2025-09-25,2025-09-25,2025-09-25,2025-09-25,2025-09-25,2025-09-25,26023.85,-0.66,263.13,609572641387,786,852,226,106720086,-21779,-83,-1.442766,-0.195809,-0.500906,-0.502982,3.461059674784095,0.019999999999999574,0.07000000000000028,0.5399999999999996,0.6501132916399088,0.6947995157786213,0.2731103461506512,-0.029658515731212365,-0.12810117643471397,0.6005254236544966,-0.31958968771252927,-0.015567187334275534,0.40684930538323894,0.2424163213648134,-0.9460350352700098,25580.32,-1.70432123,0,1.0076618276,-0.0402930403,0.9225352113,-24600592169.0,-0.5918850123,-1862.0,-3227.0,0.5535033964,0.9875681817,7.3748424377,0.1480293691,3.5768590276,0.7875647673
2025-09-26,2025-09-30,2025-09-26,2025-09-26,2025-09-26,2025-09-30,2025-09-29,2025-09-29,2025-09-29,2025-09-29,2025-09-29,2025-09-29,2025-09-29,2025-09-29,2025-09-29,2025-09-29,2025-09-29,2025-09-29,2025-09-29,2025-09-29,2025-09-29,2025-09-29,2025-09-29,25580.32,-1.7,257.03,574921895430,228,1534,110,-25157852509,-25119,82,-0.047547,0.159556,0.263554,0.476249,5.428390316881204,-0.04999999999999982,0.0,0.5200000000000005,0.046643707979932,-0.24452150793523586,-0.6862272333089003,1.3337048022962428,1.8932863933079913,1.5384446985148514,0.03720050162214772,0.26101433061131996,2.053989343938012,1.191517506890416,-1.9818864995681862,25820.54,0.93908129,1,0.9523116431,-0.7412031782,0.14863103,-34013408235.0,-1.85463464,-3340.0,-7516.0,-2.541397481,0.0076236289,5.5594207922,-1.5602921814,1.5393478211,0.905048987
2025-09-30,2025-10-01,2025-09-30,2025-09-30,2025-09-30,2025-10-01,2025-09-30,2025-09-30,2025-09-30,2025-09-30,2025-09-30,2025-09-30,2025-09-30,2025-09-30,2025-09-30,2025-09-30,2025-09-30,2025-09-30,2025-09-30,2025-09-30,2025-09-30,2025-09-30,2025-09-30,25820.54,0.94,261.52,530157679278,1302,423,147,6550967708,-21930,177,2.217911,0.866334,0.409085,0.304807,0.9925548330164791,0.009999999999999787,-0.029999999999999805,0.56,-0.05285909728485194,-0.14299562231264717,-0.2466959206327224,-0.1926394291372313,0.8739838814929124,0.4467513899484077,0.8143392336482425,1.146712219506374,2.601042380414653,0.2664803384697434,0.6129947554252002,25982.91,0.62884045,1,0.8853493442,0.5095652174,3.0780141844,-20811631969.0,-0.2083907208,3189.0,-4691.0,-1.436018923,-0.2320657172,7.2649950793,-0.5899106953,2.1383736367,0.8890793812
2025-10-01,2025-10-02,2025-10-01,2025-10-01,2025-10-01,2025-10-02,2025-10-01,2025-10-01,2025-10-01,2025-10-01,2025-10-01,2025-10-01,2025-10-01,2025-10-01,2025-10-01,2025-10-01,2025-09-30,2025-09-30,2025-10-01,2025-10-01,2025-10-01,2025-10-01,2025-10-01,25982.91,0.63,261.47,557334629985,640,1040,196,12664964009,-22349,378,3.286903,2.048095,0.339992,0.419904,0.06142646474234237,-0.040000000000000036,-0.050000000000000266,0.5700000000000003,0.01609605957935134,-0.06136602296590299,-0.8496661625264856,0.9119307241193919,0.8739838814929124,0.4467513899484077,1.9253471948636136,2.245991365009936,0.3537376222704669,1.372149893582697,1.054836454699415,26378.39,1.5220774,1,0.9299412101,-0.2380952381,0.6153846154,-18785387167.0,0.1111211776,-419.0,-6149.0,-0.1573172302,-1.0075676153,8.1864846162,0.2393438183,2.3825248269,0.8805367341
2025-10-02,2025-10-03,2025-10-02,2025-10-02,2025-10-02,2025-10-03,2025-10-02,2025-10-02,2025-10-02,2025-10-02,2025-10-02,2025-10-02,2025-10-02,2025-10-02,2025-10-02,2025-10-02,2025-10-02,2025-09-30,2025-10-02,2025-10-02,2025-10-02,2025-10-02,2025-10-02,26378.39,1.52,262.94,600396627103,613,1062,198,23409818512,-23187,3,-0.124802,1.939918,0.061835,0.390639,2.0871591536571144,-0.020000000000000462,0.0,0.5499999999999998,0.055177608565615266,0.14328051474794545,0.8661538280781311,2.7020970563218283,1.606961779839744,0.4467513899484077,1.9360230782423438,1.36353734294683,0.8812186755381202,3.487593081081841,1.4367490977181152,26761.06,1.45069506,1,0.9934815135,-0.2680597015,0.577212806,17574617806.0,0.6476776666,-838.0,-3270.0,3.1198593294,0.693445327,9.4525379352,1.6226248114,3.4764359615,0.9137499173
2025-10-03,2025-10-07,2025-10-03,2025-10-03,2025-10-03,2025-10-07,2025-10-06,2025-10-06,2025-10-06,2025-10-06,2025-10-06,2025-10-06,2025-10-06,2025-10-06,2025-10-06,2025-10-02,2025-10-06,2025-09-30,2025-10-06,2025-10-06,2025-10-06,2025-10-06,2025-10-06,26761.06,1.45,263.66,559099495400,691,973,213,16959990133,-20852,-56,3.494299,2.890755,0.364659,0.707448,-1.6816743886603813,0.04999999999999982,0.020000000000000018,0.5799999999999996,0.29750124162626346,0.39909883828963544,4.752644706081566,2.7020970563218283,-0.674812759302923,0.4467513899484077,3.000426544102175,1.9900238662186487,-1.1086248188821868,23.708027557556832,-0.8511407407193583,27211.95,1.68487347,1,0.9261457296,-0.1694711538,0.7101747174,34427887853.0,0.2858152697,2335.0,927.0,3.6425264537,2.8328245052,10.6750455441,2.5145564138,4.4487654702,0.9382899523
2025-10-07,2025-10-08,2025-10-07,2025-10-07,2025-10-07,2025-10-08,2025-10-07,2025-10-07,2025-10-07,2025-10-07,2025-10-07,2025-10-07,2025-10-07,2025-10-07,2025-10-07,2025-10-02,2025-10-06,2025-09-30,2025-10-07,2025-10-07,2025-10-07,2025-10-07,2025-10-07,27211.95,1.68,264.85,674247653927,950,741,190,676562801,-23701,-277,-2.767856,-2.056378,-0.381141,-0.668262,5.314593080531016,-0.040000000000000036,-0.03000000000000025,0.5699999999999998,0.0858699164537402,0.47905536416186223,0.012758823447467371,2.7020970563218283,-0.674812759302923,0.4467513899484077,-2.2367811128820247,-1.8434437066316756,-0.2694836790410604,3.8289664404776547,0.2742297697441387,27063.68,-0.54487091,0,1.1055367883,0.1235955056,1.2820512821,60262303163.0,-0.5225281802,-2849.0,1418.0,4.7301861108,6.3784581272,11.0937603339,2.9547912922,5.6483455047,0.9579120899
2025-10-08,2025-10-09,2025-10-08,2025-10-08,2025-10-08,2025-10-09,2025-10-08,2025-10-08,2025-10-08,2025-10-08,2025-10-08,2025-10-08,2025-10-08,2025-10-08,2025-10-08,2025-10-02,2025-10-08,2025-09-30,2025-10-08,2025-10-08,2025-10-08,2025-10-08,2025-10-08,27063.68,-0.54,265.35,567586891879,769,916,197,-14094387269,-30405,327,3.56766,3.397869,0.582766,1.119087,-5.45243936506532,-0.009999999999999787,0.010000000000000231,0.5499999999999998,-0.03831349420129193,0.2738858166478009,-0.45023288399382855,2.7020970563218283,-0.4759614611337226,0.4467513899484077,3.4159855122966043,2.6761666986887755,2.199528465138445,11.370622512583207,2.7020588683268176,27301.92,0.88029418,1,0.931076091,-0.0872403561,0.8395196507,39616948186.0,-1.2027794641,-6704.0,-8475.0,2.5979220112,4.8145391227,10.2507884752,1.4396093974,4.5619475241,0.9844415323
2025-10-09,2025-10-13,2025-10-09,2025-10-09,2025-10-09,2025-10-13,2025-10-10,2025-10-10,2025-10-10,2025-10-10,2025-10-10,2025-10-10,2025-10-12,2025-10-10,2025-10-10,2025-10-10,2025-10-10,2025-10-10,2025-10-10,2025-10-10,2025-10-10,2025-10-10,2025-10-10,27301.92,0.88,265.15,671139288810,745,965,179,4451256397,-28752,-230,-6.409231,-6.324378,-2.711167,-3.562277,31.83201123002275,-0.08999999999999986,-0.08000000000000007,0.5299999999999998,0.2671434399057038,-0.5625854464970104,-1.0120134991954743,1.7296845606320277,-1.727943103639351,-1.9673064272061835,-6.271757143220713,-5.75591541642072,-4.886536482426518,-7.724679265022871,-5.9097979189986605,26923.42,-1.38634938,0,1.0975957458,-0.1286549708,0.7720207254,31403240574.0,-0.1559623598,1653.0,-6403.0,2.0210709142,5.0764521757,9.8439842319,1.3306412702,4.9861774075,0.9733261135
2025-10-13,2025-10-14,2025-10-13,2025-10-13,2025-10-13,2025-10-14,2025-10-13,2025-10-13,2025-10-13,2025-10-13,2025-10-13,2025-10-10,2025-10-13,2025-10-13,2025-10-10,2025-10-13,2025-10-13,2025-10-13,2025-10-13,2025-10-13,2025-10-13,2025-10-13,2025-10-13,26923.42,-1.39,261.36,653495030024,432,1355,95,-56312754939,-33061,335,7.92062,4.929617,1.559867,2.207576,-12.142193810222157,-0.08999999999999986,-0.08000000000000007,0.5299999999999998,0.0847841788281345,0.2929816895308246,-1.0120134991954743,-0.7214880663476086,-1.5246670218750258,-0.4949304451232872,4.73547018098488,4.4292136916186164,2.8172109406748413,0.7073077317969245,9.878941207481917,26793.15,-0.48385383,0,1.0697066598,-0.5165081142,0.3188191882,-48319332877.0,-2.8687736941,-4309.0,-9874.0,-1.0603062258,2.0661988848,6.8703932386,-0.4768004739,3.1873106002,1.0309762655
2025-10-14,2025-10-15,2025-10-14,2025-10-14,2025-10-14,2025-10-15,2025-10-14,2025-10-14,2025-10-14,2025-10-14,2025-10-14,2025-10-14,2025-10-14,2025-10-14,2025-10-14,2025-10-14,2025-10-14,2025-10-14,2025-10-14,2025-10-14,2025-10-14,2025-10-14,2025-10-14,26793.15,-0.48,255.58,803287438598,413,1354,121,-16348769283,-27444,58,-2.294566,-2.277695,-0.156433,-0.7619,9.353645376092956,-0.019999999999999574,-0.040000000000000036,0.5500000000000003,-0.02313105345168598,-0.22161136168826756,-2.5816415643162727,-0.6343889728031349,-1.730938015214012,-1.195475864250417,-2.0500566707589596,-1.839587932303166,-4.402085929536681,0.7716468824852551,-3.5239716551854317,27275.71,1.80105736,1,1.3069193998,-0.53254103,0.3050221566,-81628092293.0,-0.8192427149,5617.0,-6592.0,-0.9996053752,0.1199130378,6.2557826054,-0.9818386786,2.3785581609,1.0453851589
2025-10-15,2025-10-16,2025-10-15,2025-10-15,2025-10-15,2025-10-16,2025-10-15,2025-10-15,2025-10-15,2025-10-15,2025-10-15,2025-10-15,2025-10-15,2025-10-15,2025-10-15,2025-10-15,2025-10-15,2025-10-15,2025-10-15,2025-10-15,2025-10-15,2025-10-15,2025-10-15,27275.71,1.8,260.56,605352844795,990,719,176,-15100216875,-21671,189,2.963435,2.994218,0.4026,0.658835,-0.8169153323245748,0.019999999999999574,0.020000000000000018,0.5499999999999998,-0.24149632990847492,-0.26249583868726,1.7617903371941024,2.6803779295524244,1.8444383148096932,1.4811432235064759,3.085695411535605,2.482758254661732,-0.11109090129327592,9.404378976580151,2.0922272360135885,27647.87,1.36443744,1,0.9854576215,0.1585722645,1.3769123783,-97404871969.0,-0.6750416255,5773.0,2030.0,-0.0960005743,0.2343088239,7.0700508427,0.7540528856,3.8650541137,1.08482846
2025-10-16,2025-10-17,2025-10-16,2025-10-16,2025-10-16,2025-10-17,2025-10-16,2025-10-16,2025-10-16,2025-10-16,2025-10-16,2025-10-16,2025-10-16,2025-10-16,2025-10-16,2025-10-16,2025-10-16,2025-10-16,2025-10-16,2025-10-16,2025-10-16,2025-10-16,2025-10-16,27647.87,1.36,263.52,651670948613,1224,484,186,12959197265,-22035,-326,-1.598239,0.487065,-0.629439,-0.474374,22.625970030968535,-0.05999999999999961,-0.08999999999999986,0.5800000000000001,0.006860517943563238,-0.40490082211958045,1.2692101836383696,2.490651171388092,-0.08525408166165649,0.2633330230974451,0.4658588060247437,0.4447273155540721,1.1010374839450998,-1.6932139319263628,0.8026662772887772,27302.37,-1.24964419,0,1.0489620644,0.4332552693,2.5289256198,-70351287435.0,0.7938801621,-364.0,8370.0,2.6907799975,2.1585756261,9.0337798081,1.6898962919,4.8250359063,1.0896952768
2025-10-17,2025-10-20,2025-10-17,2025-10-17,2025-10-17,2025-10-20,2025-10-17,2025-10-17,2025-10-17,2025-10-17,2025-10-17,2025-10-17,2025-10-19,2025-10-17,2025-10-17,2025-10-17,2025-10-17,2025-10-17,2025-10-17,2025-10-17,2025-10-17,2025-10-17,2025-10-17,27302.37,-1.25,261.28,599491322181,629,1072,180,-21997157761,-25586,125,-1.587517,-0.324117,0.527072,0.520472,-17.89805956097521,0.02999999999999936,0.04999999999999982,0.5599999999999996,0.03266778205262,0.0406554688235472,-1.4408086801782738,0.013866704044018796,-2.4775862421469674,-2.255965095611112,-0.2802953587790147,-0.13690685622352872,0.7755369237354204,-0.6309668071894259,-1.3610073153432323,27688.63,1.41474898,1,0.9620593055,-0.2604350382,0.5867537313,-96799701593.0,-0.9672982114,-3551.0,3166.0,1.9005604044,0.0016482357,6.5265450471,0.4188020054,3.1878849344,1.1385871691
2025-10-20,2025-10-21,2025-10-20,2025-10-20,2025-10-20,2025-10-21,2025-10-20,2025-10-20,2025-10-20,2025-10-20,2025-10-20,2025-10-20,2025-10-20,2025-10-20,2025-10-20,2025-10-20,2025-10-20,2025-10-20,2025-10-20,2025-10-20,2025-10-20,2025-10-20,2025-10-20,27688.63,1.41,263.25,568986201189,826,872,188,14222590437,-25251,67,0.887904,1.579376,1.067227,1.369351,-12.271419923715232,-0.019999999999999574,0.0,0.54,-0.08033787001248127,0.16254803639010884,3.3696493646268033,1.755187554544957,2.4229732453023844,0.5314358036430544,1.6656791370738722,1.2805223639654084,-0.31656032485013474,3.2091967001788735,-0.025762557281072684,27752.41,0.23034726,1,0.9117306377,-0.0270906949,0.9472477064,-26264356217.0,0.9536561118,335.0,7810.0,1.5138744326,2.842172354,8.8464418739,1.2694380925,4.2045943365,1.1344853666
2025-10-21,2025-10-22,2025-10-21,2025-10-21,2025-10-21,2025-10-22,2025-10-21,2025-10-21,2025-10-21,2025-10-21,2025-10-21,2025-10-21,2025-10-21,2025-10-21,2025-10-21,2025-10-21,2025-10-21,2025-10-21,2025-10-21,2025-10-21,2025-10-21,2025-10-21,2025-10-21,27752.41,0.23,265.85,606766898775,1014,670,209,-240714297,-23282,-98,-1.071549,-0.664627,0.00327,-0.160367,-1.974759802757342,-0.020000000000000018,-0.009999999999999787,0.5299999999999998,0.2614607328592866,0.344866598959892,0.2654412250561622,0.239866060542826,0.6524684319254126,1.5347404719572078,-0.559789275899969,-0.5529674042348609,-0.8103349389427028,-1.051712173667041,-1.8840873772358657,27648.91,-0.37294058,0,0.9713780938,0.2042755344,1.5134328358,-10156301231.0,0.2115512772,1969.0,4162.0,0.3781123103,3.5802434577,7.6953793187,0.795441231,4.0563355197,1.1172824993
2025-10-22,2025-10-23,2025-10-22,2025-10-22,2025-10-22,2025-10-23,2025-10-22,2025-10-22,2025-10-22,2025-10-22,2025-10-22,2025-10-22,2025-10-22,2025-10-22,2025-10-22,2025-10-22,2025-10-22,2025-10-22,2025-10-22,2025-10-22,2025-10-22,2025-10-22,2025-10-22,27648.91,-0.37,264.47,528925630870,1073,619,188,-22407410493,-26095,-309,-1.911651,-2.36429,-0.533754,-0.92913,4.085056004214738,-0.009999999999999787,0.0,0.52,0.22101202829689637,-0.03032323784932789,-0.01676843504084813,1.5649149120932515,-0.9443118642460169,-0.33204696702885395,-2.471417986924984,-1.9403364976283255,-0.485761131057294,-3.276899168911074,-0.688733976512701,27532.26,-0.42189728,0,0.8621792343,0.268321513,1.7334410339,-17463494849.0,-0.9716315255,-2813.0,-4424.0,1.2692671003,1.368250359,8.0948864216,0.1480438414,3.2674145651,1.1016198439
2025-10-23,2025-10-27,2025-10-23,2025-10-23,2025-10-23,2025-10-27,2025-10-24,2025-10-24,2025-10-24,2025-10-24,2025-10-24,2025-10-24,2025-10-23,2025-10-24,2025-10-24,2025-10-24,2025-10-24,2025-10-24,2025-10-24,2025-10-24,2025-10-24,2025-10-24,2025-10-24,27532.26,-0.42,262.72,490953912723,581,1122,183,-23942493081,-24307,186,1.454951,1.891959,0.790242,1.146677,-5.375713519309755,0.009999999999999787,0.0,0.5399999999999996,0.09724995900872724,0.010101583373067768,1.3528316002599405,2.497166286150554,0.7400264418184532,1.1794604616058857,1.6491403261289728,1.8387549535748615,2.250763483915863,7.630108624472043,2.8580545742461494,27993.63,1.67574329,1,0.8079064196,-0.3176746917,0.5178253119,-54365185195.0,-0.9823176232,1788.0,-2272.0,-0.5647444456,-0.418151561,6.3818458614,-0.1908869326,2.5155294276,1.0998781358
2025-10-27,2025-10-28,2025-10-27,2025-10-27,2025-10-27,2025-10-28,2025-10-27,2025-10-27,2025-10-27,2025-10-27,2025-10-27,2025-10-27,2025-10-27,2025-10-27,2025-10-27,2025-10-27,2025-10-27,2025-10-27,2025-10-27,2025-10-27,2025-10-27,2025-10-27,2025-10-27,27993.63,1.68,264.71,624876944612,853,883,155,32639212655,-24211,91,1.115408,2.738164,1.229005,1.864229,-3.543071763260408,-0.009999999999999787,0.0,0.5299999999999998,0.1894395419437922,-0.17180209619838127,2.4597982205438518,2.568506312855945,1.0456699370620992,1.1873769849638727,2.7783416574348463,2.5061193329900977,2.807908912579826,2.6688341403039884,2.2364619775093963,27949.11,-0.15903618,0,1.0322310051,-0.017281106,0.9660249151,271185221.0,1.8008149174,96.0,1375.0,0.8691857752,2.5318681125,6.6530856234,0.9755811457,3.8956541897,1.1141750356
2025-10-28,2025-10-29,2025-10-28,2025-10-28,2025-10-28,2025-10-29,2025-10-28,2025-10-28,2025-10-28,2025-10-28,2025-10-28,2025-10-28,2025-10-28,2025-10-28,2025-10-28,2025-10-28,2025-10-28,2025-10-28,2025-10-28,2025-10-28,2025-10-28,2025-10-28,2025-10-28,27949.11,-0.16,264.19,664841024650,442,1298,152,-27113846791,-27454,210,1.099748,0.372908,0.228794,0.803933,3.9898677388406023,-0.019999999999999574,-0.009999999999999787,0.52,-0.7530777372024122,-0.09110785483172901,-0.5803349028246085,-0.8019176020047092,-0.3312385187764111,-0.509959766665502,0.12168694130012536,0.8806975853350218,4.9819797443545255,-0.6392743005619872,3.0161617997288115,28294.74,1.23664045,1,1.0950099248,-0.491954023,0.3405238829,-41065252007.0,-1.0584478845,-3243.0,-2203.0,1.0857570877,0.9407471587,6.6893081694,0.6259022416,3.394195487,1.1134056486
2025-10-29,2025-10-30,2025-10-29,2025-10-29,2025-10-29,2025-10-30,2025-10-29,2025-10-29,2025-10-29,2025-10-29,2025-10-29,2025-10-29,2025-10-29,2025-10-29,2025-10-29,2025-10-29,2025-10-28,2025-10-29,2025-10-29,2025-10-29,2025-10-29,2025-10-29,2025-10-29,28294.74,1.24,264.08,689759983826,740,947,206,7188118436,-24421,-49,1.180645,1.851641,-0.004358,0.549703,3.045066977325206,0.08999999999999986,0.11999999999999966,0.4900000000000002,-0.18953750952860338,0.537033910412088,2.167436339608164,1.7639092208698415,-0.3312385187764111,1.1907498630212565,1.6915728986676148,1.5146925785240795,2.9896008274039154,2.449508378524401,3.488218817343003,28287.53,-0.02548177,0,1.1285993405,-0.1227030231,0.7814149947,-33636419274.0,0.5556467849,3033.0,-1139.0,2.7694057807,1.9541726286,8.7261877086,1.474013699,4.234977675,1.1057544058
2025-10-30,2025-10-31,2025-10-30,2025-10-30,2025-10-30,2025-10-31,2025-10-30,2025-10-30,2025-10-30,2025-10-30,2025-10-30,2025-10-30,2025-10-30,2025-10-30,2025-10-30,2025-10-30,2025-10-30,2025-10-30,2025-10-30,2025-10-30,2025-10-30,2025-10-30,2025-10-30,28287.53,-0.03,262.02,734110419923,538,1183,166,1655522597,-24746,-109,-0.612932,-1.527446,-0.990481,-1.574934,-0.05910300730935791,0.03000000000000025,0.020000000000000018,0.5000000000000004,0.3997594261948789,0.31243454422480443,0.03500635489439574,0.1406463955435422,-0.24083668563884553,-0.7988830446741035,-1.35335993501412,-1.3238855590360865,-2.0044407027916655,-3.5902056960837925,-2.4638606909521688,28233.35,-0.19153316,0,1.1857242952,-0.3747821034,0.4547759932,-9573486184.0,0.2359246909,-325.0,1349.0,1.0498817052,2.3097474729,10.5831748782,0.9855825406,3.691355178,0.9995214247
2025-10-31,2025-11-03,2025-10-31,2025-10-31,2025-10-31,2025-11-03,2025-10-31,2025-10-31,2025-10-31,2025-10-31,2025-10-31,2025-10-31,2025-10-31,2025-10-31,2025-10-31,2025-10-31,2025-10-31,2025-10-31,2025-10-31,2025-10-31,2025-10-31,2025-10-31,2025-10-31,28233.35,-0.19,264.31,675544617915,793,919,181,-28396614914,-22936,-165,-0.920127,0.175446,0.261792,0.609895,3.1342441834889767,0.0,-0.009999999999999787,0.5100000000000002,0.21359802296341268,0.27127928842807236,2.1153776486458,0.5042980839611966,-1.4307480334943001,-1.4700967126330178,0.37326352024820153,-0.19520577109677362,-0.19714815796129104,0.5022754660535034,-1.816876860231087,28334.59,0.35858302,1,1.0784670279,-0.0735981308,0.8628944505,-14027608017.0,-1.1061619357,1810.0,1371.0,1.0169912387,2.5464309868,9.3445373335,0.2901355202,3.0370988079,1.0055660685
2025-11-03,2025-11-04,2025-11-03,2025-11-03,2025-11-03,2025-11-04,2025-11-03,2025-11-03,2025-11-03,2025-11-03,2025-11-03,2025-11-03,2025-11-03,2025-11-03,2025-10-31,2025-11-03,2025-11-03,2025-11-03,2025-11-03,2025-11-03,2025-11-03,2025-11-03,2025-11-03,28334.59,0.36,265.68,656787447369,772,939,178,-8445597152,-27880,155,1.474551,0.58531,0.172071,0.462634,-1.548167714997506,0.019999999999999574,0.0,0.5299999999999998,0.16628250572858772,0.07013997262896865,2.1153776486458,2.784421599208775,0.9715998810331916,0.2743134220501986,0.596971835823279,0.8484428359474494,2.168007936469052,1.3782597401978514,-1.9154335406532774,28116.56,-0.76948352,0,1.0402641494,-0.0976037405,0.8221512247,-55112417824.0,-0.1169552085,-4944.0,-3669.0,0.140838898,1.2179913788,9.0508722849,0.4065434192,2.9647294094,1.0049240507
2025-11-04,2025-11-05,2025-11-04,2025-11-04,2025-11-04,2025-11-05,2025-11-04,2025-11-04,2025-11-04,2025-11-04,2025-11-04,2025-11-04,2025-11-04,2025-11-04,2025-11-04,2025-11-04,2025-11-04,2025-11-04,2025-11-04,2025-11-04,2025-11-04,2025-11-04,2025-11-04,28116.56,-0.77,261,697254696079,385,1358,135,-7631187320,-27842,-207,-3.545889,-4.007724,-1.173683,-2.039378,10.658124144289749,-0.03000000000000025,-0.020000000000000018,0.5199999999999996,0.3940632008074152,0.35045405476679115,-1.7441657239163466,-2.371695007974428,-0.7873543650900316,-0.7456850423229855,-3.9302143217077923,-3.643812104750066,-3.958817792007252,-3.697281367375582,-2.926488955675055,27717.06,-1.42087083,0,1.09595238,-0.5582329317,0.2835051546,-35629758353.0,-0.0034166348,38.0,-388.0,-0.6044005963,0.5991246233,6.5893710723,-0.4841690654,1.8507719934,1.0055633175
2025-11-05,2025-11-06,2025-11-05,2025-11-05,2025-11-05,2025-11-06,2025-11-05,2025-11-05,2025-11-05,2025-11-05,2025-11-05,2025-11-05,2025-11-05,2025-11-05,2025-11-05,2025-11-05,2025-11-05,2025-11-05,2025-11-05,2025-11-05,2025-11-05,2025-11-05,2025-11-05,27717.06,-1.42,259.11,687230269536,634,1076,165,-57527398939,-32088,244,-0.139423,3.018813,0.365356,0.647405,-5.210525111148234,0.07000000000000028,0.04999999999999982,0.54,0.051456216481238215,-0.01996035942654073,-2.4951447981508057,-2.8463781274122413,-0.06546690910771424,0.18532422436050577,3.108752835849926,1.9106446444576042,-1.7514699706973502,2.51149107932942,2.0003433812824323,27899.45,0.65804238,1,1.0694268938,-0.2584795322,0.5892193309,-100345275728.0,-2.1366561152,-4246.0,-7667.0,-1.8286529937,-2.0416515579,3.5723547572,-1.4953469384,0.2300527321,1.0389785897
2025-11-06,2025-11-07,2025-11-06,2025-11-06,2025-11-06,2025-11-07,2025-11-06,2025-11-06,2025-11-06,2025-11-06,2025-11-06,2025-11-06,2025-11-06,2025-11-06,2025-11-06,2025-11-06,2025-11-06,2025-11-06,2025-11-06,2025-11-06,2025-11-06,2025-11-06,2025-11-06,27899.45,0.66,262.11,611948346882,1242,497,147,-5161228109,-29917,-369,-1.498442,-2.390451,-1.117819,-1.897082,8.273180189796548,-0.05999999999999961,-0.06000000000000005,0.5400000000000005,-0.08441462583944626,-0.4690554946337633,1.337143615530345,0.5501428353338111,2.122543006100641,1.4293586284066517,-2.6090945719232095,-2.339361241198712,-3.6524791955278357,-7.267971208967861,-0.9443463548633679,27651.41,-0.88904978,0,0.9569161232,0.4284071305,2.4989939638,-107162026434.0,0.2983271585,2171.0,-5171.0,-1.5357201216,-1.3719119343,2.5264635574,-0.5728825473,0.7643524088,0.9874923681
2025-11-07,2025-11-10,2025-11-07,2025-11-07,2025-11-07,2025-11-10,2025-11-07,2025-11-07,2025-11-07,2025-11-07,2025-11-07,2025-11-07,2025-11-07,2025-11-07,2025-11-07,2025-11-07,2025-11-07,2025-11-07,2025-11-07,2025-11-07,2025-11-07,2025-11-07,2025-11-07,27651.41,-0.89,258.86,556810866225,506,1232,141,-35356498169,-30820,-160,-0.947307,-1.012059,0.126184,-0.214502,-2.15384654509716,0.0,-0.020000000000000018,0.5600000000000005,0.2780553192774038,-0.13035684190966235,-1.1935233408428059,-1.805310938612159,-0.9215103466385877,-0.3112852854058823,-1.0487378545168013,-0.845937295759569,0.0372139859359244,-1.750106737702306,-1.7323332280292814,27869.51,0.7887482,1,0.8714307296,-0.417721519,0.4107142857,-114121909689.0,-1.0263075894,-903.0,-7884.0,-1.6543631227,-2.0611794208,2.1716558872,-1.0463997506,-0.2373760355,1.0019906057
2025-11-10,2025-11-11,2025-11-10,2025-11-10,2025-11-10,2025-11-11,2025-11-10,2025-11-10,2025-11-10,2025-11-10,2025-11-10,2025-11-10,2025-11-10,2025-11-10,2025-11-10,2025-11-10,2025-11-10,2025-11-10,2025-11-10,2025-11-10,2025-11-10,2025-11-10,2025-11-10,27869.51,0.79,257.26,579658540571,649,1082,143,-5291526198,-30589,90,3.061078,3.016834,1.540102,2.27186,-7.756811049026757,0.019999999999999574,0.03000000000000025,0.5499999999999998,-0.038733360616827195,0.020084611212256576,1.2637957179033377,3.021933050403658,1.5518371528876918,0.3475207369693756,2.588489364357782,3.0650389455918914,5.79325512031128,4.470327456340706,2.5641822855686502,27784.95,-0.30341402,0,0.9137292048,-0.2501444252,0.5998151571,-110967838735.0,0.3586806816,231.0,-2709.0,0.5500222607,-1.6413860232,2.0789380381,0.0671865847,0.4466530682,0.9986762719
2025-11-11,2025-11-12,2025-11-11,2025-11-11,2025-11-11,2025-11-12,2025-11-11,2025-11-11,2025-11-11,2025-11-11,2025-11-11,2025-11-10,2025-11-11,2025-11-11,2025-11-11,2025-11-11,2025-11-11,2025-11-11,2025-11-11,2025-11-11,2025-11-11,2025-11-11,2025-11-11,27784.95,-0.3,256.7,679209193904,803,923,163,-17367623754,-31530,123,-1.388551,-2.476614,0.207535,-0.250218,-1.8181800448205276,0.019999999999999574,0.03000000000000025,0.5499999999999998,0.0,-0.16061399086325645,-0.13519868283138337,0.813852033365392,0.17767834363884294,-0.9132998497628053,-2.26821394156147,-2.157256491991766,-2.959055161690649,-2.6477545570138594,-1.7941412792058076,27947.09,0.58355333,1,1.068487714,-0.0695249131,0.8699891658,-120704275169.0,-0.3166288911,-941.0,-3688.0,-0.4104023556,-1.1794117061,3.1999277952,0.0017059886,-0.0133507697,0.9440557176
2025-11-12,2025-11-13,2025-11-12,2025-11-12,2025-11-12,2025-11-13,2025-11-12,2025-11-12,2025-11-12,2025-11-12,2025-11-12,2025-11-12,2025-11-12,2025-11-12,2025-11-12,2025-11-12,2025-11-12,2025-11-12,2025-11-12,2025-11-12,2025-11-12,2025-11-12,2025-11-12,27947.09,0.58,258.82,670591411053,1250,495,140,-8484304834,-29964,6,-0.188899,1.467537,0.062952,-0.263504,1.3310158165333874,-0.04999999999999982,-0.020000000000000018,0.52,-0.008074886659015235,0.020112882209000205,0.4334504474949208,1.0715007228991213,0.8477556015036525,-0.13455582513368647,1.531431348372414,1.276174659481888,0.3313312163567561,8.997141289818632,0.9262444154937599,27903.56,-0.15575861,0,1.0660576895,0.4326647564,2.5252525253,-71661181064.0,0.1182184419,1566.0,2124.0,1.0693125595,0.8299220769,4.3068470859,0.4189938212,0.3617457034,0.9361707659
2025-11-13,2025-11-14,2025-11-13,2025-11-13,2025-11-13,2025-11-14,2025-11-13,2025-11-13,2025-11-13,2025-11-13,2025-11-13,2025-11-13,2025-11-13,2025-11-13,2025-11-13,2025-11-13,2025-11-13,2025-11-13,2025-11-13,2025-11-13,2025-11-13,2025-11-13,2025-11-13,27903.56,-0.16,260.3,798774900243,830,879,179,-6635665606,-31514,-511,-2.897248,-3.719074,-1.655685,-2.2904,14.22044396670561,0.03000000000000025,0.020000000000000018,0.5300000000000002,0.3223070095614844,-0.3015712119363356,0.4279384498730776,0.487658880901054,0.5582599740373784,1.2087979767150703,-3.4337798524520458,-3.0124016234496676,-3.581012555274732,-4.221873118363728,-4.290296205732568,27397.5,-1.81360371,0,1.2506071642,-0.0286717379,0.944254835,-73135618561.0,0.1913656428,-1550.0,-1597.0,0.1221765291,0.0147314732,2.3018649194,0.2596213242,0.0925845897,0.8648819219
2025-11-14,2025-11-17,2025-11-14,2025-11-14,2025-11-14,2025-11-17,2025-11-14,2025-11-14,2025-11-14,2025-11-14,2025-11-14,2025-11-14,2025-11-14,2025-11-14,2025-11-14,2025-11-14,2025-11-14,2025-11-14,2025-11-14,2025-11-14,2025-11-14,2025-11-14,2025-11-14,27397.5,-1.81,256.25,674430469945,470,1272,142,-60399178503,-34595,86,0.928418,-0.110578,-0.050173,0.132182,-0.8500003814697288,0.02999999999999936,0.040000000000000036,0.5199999999999996,0.1957261013469047,0.09074040896723812,-1.7653365882224992,-3.8138079600067876,-1.8489558515447646,-1.5722796611656764,-0.29719256846681974,0.0464020818719213,1.771378330184148,-0.46378816104828413,0.7294489054092468,27447.31,0.18180491,1,1.0540485141,-0.4603903559,0.3694968553,-98178298895.0,-2.150939287,-3081.0,-3775.0,-1.3944599504,-0.9182533549,-0.9055670473,-1.3787429912,-1.6785470036,0.9118738198
2025-11-17,2025-11-18,2025-11-17,2025-11-17,2025-11-17,2025-11-18,2025-11-17,2025-11-17,2025-11-17,2025-11-17,2025-11-17,2025-11-17,2025-11-17,2025-11-17,2025-11-17,2025-11-17,2025-11-17,2025-11-17,2025-11-17,2025-11-17,2025-11-17,2025-11-17,2025-11-17,27447.31,0.18,255.96,631312406184,488,1273,134,7335242780,-31526,-306,-0.986587,-1.548332,-0.916227,-0.840675,12.859300286794827,-0.009999999999999787,-0.020000000000000018,0.5299999999999998,-1.8326170463155322,0.32235288168167564,-0.10445557175992048,1.9363972289381914,-0.7081829608014623,-0.6501603482686136,-1.719115362521062,-1.3566070625306015,-1.8772635535591387,-2.548516408716195,0.055481646366617454,26756.12,-2.51824314,0,0.9842131402,-0.4457694492,0.3833464258,-85551529917.0,0.9064270059,3069.0,-937.0,-1.7883078346,-1.514917198,0.5308696644,-0.8982209108,-1.5254043792,0.8694121283
2025-11-18,2025-11-19,2025-11-18,2025-11-18,2025-11-18,2025-11-19,2025-11-18,2025-11-18,2025-11-18,2025-11-18,2025-11-18,2025-11-18,2025-11-18,2025-11-18,2025-11-18,2025-11-18,2025-11-18,2025-11-18,2025-11-18,2025-11-18,2025-11-18,2025-11-18,2025-11-18,26756.12,-2.52,250.06,731595205226,211,1585,94,-48537891970,-35047,92,-1.453851,-2.307135,-0.825644,-1.211995,10.321722340993556,-0.009999999999999787,-0.020000000000000018,0.54,2.0307929943259806,-0.040157935137508094,-3.220993127257399,-3.3167422586660167,-1.721669160975725,-0.649402780518149,-2.320491828508342,-2.0599410812531693,-2.8081486183109683,-4.25328904232829,-0.627460655123746,26580.12,-0.65779343,0,1.1262776176,-0.7650334076,0.1331230284,-116721798133.0,-1.4666591476,-3521.0,-3517.0,-4.1121634659,-3.7028319288,-3.3678444907,-2.6707441268,-3.8443835638,0.9726809206
2025-11-19,2025-11-20,2025-11-19,2025-11-19,2025-11-19,2025-11-20,2025-11-19,2025-11-19,2025-11-19,2025-11-19,2025-11-19,2025-11-19,2025-11-19,2025-11-19,2025-11-19,2025-11-19,2025-11-19,2025-11-19,2025-11-19,2025-11-19,2025-11-19,2025-11-19,2025-11-19,26580.12,-0.66,246.7,580985373089,502,1218,166,-25689012839,-31047,373,1.604833,1.816508,0.375384,0.585663,-4.171732135950002,0.009999999999999787,0.0,0.5499999999999998,-0.23030738201144096,0.6830741178603938,-0.3393657809218742,-0.6098235719982692,-0.3832579790489343,0.4400013553303106,1.6715915162061723,1.8452380025834048,2.845171837639948,-2.9267403842426765,4.088109670406581,27426.36,3.1837328,1,0.8961950063,-0.4162790698,0.4121510673,-133926506138.0,-0.3924967255,4000.0,-1083.0,-2.9834108952,-4.8912784837,-4.2241016186,-2.3397282029,-4.2752469655,0.9738274035
2025-11-20,2025-11-21,2025-11-20,2025-11-20,2025-11-20,2025-11-21,2025-11-20,2025-11-20,2025-11-20,2025-11-20,2025-11-20,2025-11-20,2025-11-20,2025-11-20,2025-11-20,2025-11-20,2025-11-20,2025-11-20,2025-11-20,2025-11-20,2025-11-20,2025-11-20,2025-11-20,27426.36,3.18,252.95,678220427262,1446,305,137,13106672651,-24167,-794,-1.724686,-4.766995,-1.556728,-2.154648,11.665258861714323,-0.03000000000000025,-0.03000000000000025,0.5499999999999998,0.2565641148130293,-0.0698390626357015,2.649985904159058,1.9172896290730934,0.01904683699636145,-0.5086828328483062,-4.797407745034676,-4.224604122893849,-3.152479491810023,-7.841645511066364,-2.144350153935437,26434.94,-3.61484353,0,1.0342749247,0.6516276413,4.7409836066,-114184167881.0,1.2260535721,6880.0,7347.0,-0.0763280628,-1.7101760492,-0.8049141901,1.1241199872,-1.1880284884,1.2212874344
2025-11-21,2025-11-24,2025-11-21,2025-11-21,2025-11-21,2025-11-24,2025-11-21,2025-11-21,2025-11-21,2025-11-21,2025-11-21,2025-11-21,2025-11-21,2025-11-21,2025-11-21,2025-11-21,2025-11-21,2025-11-21,2025-11-21,2025-11-21,2025-11-21,2025-11-21,2025-11-21,26434.94,-3.61,245.97,635252286549,260,1508,111,-91599036019,-33208,197,-0.87928,0.85579,0.982304,0.883363,-11.317183052550483,-0.040000000000000036,-0.040000000000000036,0.5499999999999998,0.5422820276357987,0.01996469881717644,-2.4045919816566563,-3.785162595207736,-2.3825709043944654,-2.439026216443263,1.0182694541588155,0.3168252106919178,-0.9743105141622355,-1.0872757240610764,-1.9087696722752567,26504.24,0.26215304,1,0.958206429,-0.7058823529,0.1724137931,-145384025397.0,-2.5659066048,-9041.0,1387.0,-1.200398264,-3.5133132585,-3.9855790988,-1.8345670109,-4.5712910119,1.4491324077
2025-11-24,2025-11-25,2025-11-24,2025-11-24,2025-11-24,2025-11-25,2025-11-24,2025-11-24,2025-11-24,2025-11-24,2025-11-24,2025-11-24,2025-11-24,2025-11-24,2025-11-21,2025-11-24,2025-11-24,2025-11-24,2025-11-24,2025-11-24,2025-11-24,2025-11-24,2025-11-24,26504.24,0.26,250.34,856796763712,1253,486,146,-29955849627,-31186,438,3.482883,4.632377,1.546722,2.689029,-12.419973578785138,-0.019999999999999574,-0.04999999999999982,0.5800000000000001,-0.04305999745704003,-0.03992904312786205,-2.4045919816566563,-0.18685349946869767,1.968596686195312,-0.12484386294343564,4.382832855769592,3.9830711801702057,2.051653660983299,5.5304761703659056,11.099346823382161,26912.17,1.53911223,1,1.2701645282,0.4410580794,2.5781893004,-182675117804.0,-0.3171373581,2022.0,340.0,-0.285476514,-3.4359286939,-5.3204604047,-0.8829949758,-4.0632140378,1.3895294039
2025-11-25,2025-11-26,2025-11-25,2025-11-25,2025-11-25,2025-11-26,2025-11-25,2025-11-25,2025-11-25,2025-11-25,2025-11-25,2025-11-25,2025-11-25,2025-11-25,2025-11-25,2025-11-25,2025-11-25,2025-11-25,2025-11-25,2025-11-25,2025-11-25,2025-11-25,2025-11-25,26912.17,1.54,254.4,599705648748,1222,499,172,6338446345,-29704,247,0.014045,0.163802,0.90617,0.671476,-9.551661540434953,-0.03000000000000025,-0.029999999999999805,0.5799999999999996,0.27920716971145954,-0.4793246759183467,0.06918255413923546,0.30472666896965706,0.6923600849649159,0.9523353699380621,0.31127496541809574,0.26244829595787333,-2.591068555719489,-4.14787167745283,1.870570294226237,27409.54,1.84812299,1,0.8933510718,0.4201045904,2.4488977956,-127798779489.0,0.9898829457,1482.0,5343.0,-1.8748021976,0.5832310514,-3.7101002501,0.5251990115,-2.403480437,1.4441164761
2025-11-26,2025-11-27,2025-11-26,2025-11-26,2025-11-26,2025-11-27,2025-11-26,2025-11-26,2025-11-26,2025-11-26,2025-11-26,2025-11-26,2025-11-26,2025-11-26,2025-11-26,2025-11-26,2025-11-26,2025-11-26,2025-11-26,2025-11-26,2025-11-26,2025-11-26,2025-11-26,27409.54,1.85,256.14,611132554482,1443,332,123,12422608882,-28657,108,1.854714,2.75953,0.690671,0.821258,-7.381459974709137,-0.009999999999999787,0.020000000000000018,0.5499999999999998,-0.12091894024681693,-0.0602098994414324,1.848663509043269,2.6722645435389047,0.1294839874159015,0.6061746169136573,2.754082955773618,2.264633824974993,1.3721668440651813,3.934410526484089,3.256891303191667,27554.53,0.52897641,1,0.9157360375,0.625915493,4.3463855422,-89687157768.0,1.1953357492,1047.0,2390.0,3.6867872596,3.1204524284,-3.1284966746,1.752541536,-0.4399747947,1.479783604
2025-11-27,2025-11-28,2025-11-27,2025-11-27,2025-11-27,2025-11-28,2025-11-26,2025-11-26,2025-11-26,2025-11-26,2025-11-26,2025-11-26,2025-11-27,2025-11-26,2025-11-27,2025-11-27,2025-11-27,2025-11-27,2025-11-26,2025-11-26,2025-11-26,2025-11-26,2025-11-26,27554.53,0.53,258.24,607002008107,973,727,184,13452960146,-27961,-24,1.854714,2.75953,0.690671,0.821258,-7.381459974709137,-0.009999999999999787,0.020000000000000018,0.5499999999999998,-0.44348084794223475,-0.0602098994414324,1.2268818728156106,0.6574261248527113,0.06884277324512578,-0.04936173450671433,2.754082955773618,2.264633824974993,1.3721668440651813,3.934410526484089,3.256891303191667,27626.48,0.26111859,1,0.9182917261,0.1447058824,1.3383768913,-89340870273.0,1.1859047948,696.0,-3794.0,3.9627244547,0.4673241363,-2.5912478042,2.1935398785,0.2200915123,1.4869918627
2025-11-28,2025-12-01,2025-11-28,2025-11-28,2025-11-28,2025-12-01,2025-11-28,2025-11-28,2025-11-28,2025-11-28,2025-11-28,2025-11-28,2025-11-28,2025-11-28,2025-11-28,2025-11-28,2025-11-28,2025-11-28,2025-11-28,2025-11-28,2025-11-28,2025-11-28,2025-11-28,27626.48,0.26,262.28,596335531368,1088,597,203,-19469555406,-26321,47,0.534563,1.821736,0.535477,0.65045,-4.886562690464402,0.019999999999999574,0.020000000000000018,0.5499999999999994,0.2105664976116417,-0.14056163834662572,0.17303888613506846,-1.5129467569744093,-0.3354632635959587,0.2493744551928856,1.8360188465593952,1.3143157908964476,-1.8084958427713183,1.5356577678195427,1.355732080278349,27342.53,-1.02781824,0,0.907592988,0.2913946588,1.8224455611,-17211389660.0,-0.0264071726,1640.0,6887.0,2.6542266937,4.5074435577,-2.1494792506,1.5627435537,0.5928030497,1.4891753686
2025-12-01,2025-12-02,2025-12-01,2025-12-01,2025-12-01,2025-12-02,2025-12-01,2025-12-01,2025-12-01,2025-12-01,2025-12-01,2025-12-01,2025-12-01,2025-12-01,2025-12-01,2025-12-01,2025-12-01,2025-12-01,2025-12-01,2025-12-01,2025-12-01,2025-12-01,2025-12-01,27342.53,-1.03,259.72,579746216447,573,1152,162,-24349235260,-29032,196,-1.313854,-0.065765,-0.532333,-0.384194,5.443421216412436,0.07000000000000028,0.06999999999999984,0.5499999999999998,0.19863050869839416,-0.05026686388848178,-1.8916516213251744,-0.15840641788168464,0.6743102136656409,1.1008133238409545,0.06066698095432699,0.19302619454339975,1.6497164796301256,1.0251439985533128,-4.189002690281796,27564.27,0.81097104,1,0.8875482577,-0.3356521739,0.4973958333,-11604775293.0,-0.1757359436,-2711.0,2154.0,-0.244476923,3.1628524342,-3.5012329453,-0.0968977732,-0.2609663435,1.4985720447
2025-12-02,2025-12-03,2025-12-02,2025-12-02,2025-12-02,2025-12-03,2025-12-02,2025-12-02,2025-12-02,2025-12-02,2025-12-02,2025-12-02,2025-12-02,2025-12-02,2025-12-02,2025-12-02,2025-12-02,2025-12-02,2025-12-02,2025-12-02,2025-12-02,2025-12-02,2025-12-02,27564.27,0.81,259.13,572758806633,895,779,218,13575293316,-28363,241,1.532955,1.83662,0.245724,0.591813,-3.7702994614837837,0.0,-0.03000000000000025,0.5800000000000001,0.0608734112671927,-0.05029981884697721,0.00034068472876125355,1.901856514165412,0.23735412384502386,-0.4842172738302897,1.9937971987183278,1.8330692932166492,0.8559407295434696,-2.0567842767812206,-1.168146343996701,27793.04,0.82995124,1,0.8852875759,0.0692951016,1.1489088575,-4367928322.0,1.1364858285,669.0,1341.0,0.0353480898,2.4230673335,-1.9642872386,0.2356409051,0.6492734712,1.5063565912
2025-12-03,2025-12-04,2025-12-03,2025-12-03,2025-12-03,2025-12-04,2025-12-03,2025-12-03,2025-12-03,2025-12-03,2025-12-03,2025-12-03,2025-12-03,2025-12-03,2025-12-03,2025-12-03,2025-12-03,2025-12-03,2025-12-03,2025-12-03,2025-12-03,2025-12-03,2025-12-03,27793.04,0.83,260.55,555149454859,1105,583,203,16214806020,-29224,96,1.150336,1.832857,0.297979,0.172634,-3.074142400187263,-0.03000000000000025,-0.019999999999999574,0.5699999999999994,0.01911236723253218,-0.5132871709919606,1.1383188755413887,1.0355655266902408,-1.2811636785172276,-0.5111679003969916,2.1529484521579656,1.3743990601981615,-1.030535824307155,1.0964507294748849,-0.2515978599545776,27795.71,0.00960672,1,0.8669187243,0.3092417062,1.8953687822,-575731184.0,1.1204184796,-861.0,-567.0,0.6028998265,1.3991478879,0.2741271982,0.7864398863,1.4705375517,1.4865038071
2025-12-04,2025-12-05,2025-12-04,2025-12-04,2025-12-04,2025-12-05,2025-12-04,2025-12-04,2025-12-04,2025-12-04,2025-12-04,2025-12-04,2025-12-04,2025-12-04,2025-12-04,2025-12-04,2025-12-04,2025-12-04,2025-12-04,2025-12-04,2025-12-04,2025-12-04,2025-12-04,27795.71,0.01,259.86,488754969877,925,741,222,10345999632,-29439,-32,-0.852943,-0.88647,0.108032,0.217663,-1.8656728368050879,0.05000000000000071,0.029999999999999805,0.5900000000000003,-0.2780117606670518,0.1416281151335408,2.3338005874962597,-0.19299950371037822,0.6799881784699258,0.34252590901107105,-0.9955995339104629,-0.7602132587182453,2.1103672933937556,-0.744490041606849,0.11035270852035595,27980.89,0.66621792,1,0.7706502299,0.1104441777,1.2483130904,-3682691698.0,0.8655700569,-215.0,-1478.0,1.6574179493,0.875282576,-0.3718352871,0.6201183113,1.4995069028,1.4793929071
2025-12-05,2025-12-08,2025-12-05,2025-12-05,2025-12-05,2025-12-08,2025-12-05,2025-12-05,2025-12-05,2025-12-05,2025-12-05,2025-12-05,2025-12-05,2025-12-05,2025-12-05,2025-12-05,2025-12-05,2025-12-05,2025-12-05,2025-12-05,2025-12-05,2025-12-05,2025-12-05,27980.89,0.67,260.65,516479040835,620,1090,179,36878028912,-26823,35,0.61107,1.092987,0.193664,0.310529,-2.3447394918898135,0.02999999999999936,0.040000000000000036,0.5799999999999996,0.16062935130458644,0.0,-1.0514743774838742,1.7758375863148768,0.5751860751050941,0.8351398155481915,1.0186741313903847,0.779869268976574,-0.5289569172620467,0.9213841710018711,2.417130274409929,28303.78,1.15396615,1,0.8169621714,-0.2748538012,0.5688073394,52664892620.0,1.5885599665,2616.0,-502.0,1.5114494235,1.2828633977,1.1915486407,1.0312295723,2.1142860459,1.4718747589
2025-12-08,2025-12-09,2025-12-08,2025-12-08,2025-12-08,2025-12-09,2025-12-08,2025-12-08,2025-12-08,2025-12-08,2025-12-08,2025-12-08,2025-12-08,2025-12-08,2025-12-08,2025-12-08,2025-12-08,2025-12-08,2025-12-08,2025-12-08,2025-12-08,2025-12-08,2025-12-08,28303.78,1.15,262.37,505077897014,811,874,202,14087614446,-27463,-32,2.426029,1.10188,-0.347726,-0.136696,8.111615914194314,0.03000000000000025,0.009999999999999787,0.6000000000000001,-0.2901310503285237,0.10101876581380953,0.17838576893449698,1.3365762753929866,-1.2256841925247453,0.811640003587133,1.0859780011064801,1.1333006456994088,1.721396484079274,1.4405649273126597,2.782906965177556,28182.6,-0.42814069,0,0.8036684182,-0.037388724,0.9279176201,91101742326.0,0.7782342254,-640.0,1569.0,1.8376543192,3.5155854268,1.5582261762,1.4925734929,3.2108641073,1.482901308
2025-12-09,2025-12-10,2025-12-09,2025-12-09,2025-12-09,2025-12-10,2025-12-09,2025-12-09,2025-12-09,2025-12-09,2025-12-09,2025-12-09,2025-12-09,2025-12-09,2025-12-09,2025-12-09,2025-12-09,2025-12-09,2025-12-09,2025-12-09,2025-12-09,2025-12-09,2025-12-09,28182.6,-0.43,264.19,617725308725,787,911,190,-5888471251,-31427,72,0.510156,-0.036751,-0.087636,0.129916,1.6206510218282677,0.009999999999999787,0.040000000000000036,0.5699999999999998,-0.3494935499670837,0.13119879666680934,0.1446369083828003,-0.2719783554916866,-1.2851709205007,-0.5091098643641434,-0.1854511675832171,0.12210343832219639,-0.31258519079242486,0.23065194040439163,1.2939422494216535,28400.73,0.77398821,1,0.9877420347,-0.0730270907,0.8638858397,71637977759.0,0.098542501,-3964.0,-3064.0,1.3919054415,2.2432300946,1.4311704718,0.6118837305,2.6945204774,1.484796984
2025-12-10,2025-12-11,2025-12-10,2025-12-10,2025-12-10,2025-12-11,2025-12-10,2025-12-10,2025-12-10,2025-12-10,2025-12-10,2025-12-10,2025-12-10,2025-12-10,2025-12-10,2025-12-10,2025-12-10,2025-12-10,2025-12-10,2025-12-10,2025-12-10,2025-12-10,2025-12-10,28400.73,0.77,264.67,628811928936,663,1057,174,19607451411,-28629,272,2.218124,1.288306,0.674956,0.329397,-6.851741444195236,-0.04999999999999982,-0.06999999999999984,0.5899999999999999,-0.043961550810267536,-0.43338066910451056,-0.10324879357999084,-0.2063400970305218,0.4189190164644918,-0.13896978439879026,1.329359341998071,1.3821154752074793,-0.6433488855235314,-0.0902431877306209,1.6441439698959837,28024.75,-1.32383921,0,1.00883932,-0.2290697674,0.6272469253,75030623150.0,0.8783921478,2798.0,595.0,1.5004526303,2.186482659,1.6232101446,0.9525840034,3.403899705,1.488587612
2025-12-11,2025-12-12,2025-12-11,2025-12-11,2025-12-11,2025-12-12,2025-12-11,2025-12-11,2025-12-11,2025-12-11,2025-12-11,2025-12-11,2025-12-11,2025-12-11,2025-12-11,2025-12-11,2025-12-11,2025-12-11,2025-12-11,2025-12-11,2025-12-11,2025-12-11,2025-12-11,28024.75,-1.32,263.98,664994233567,730,970,192,-18976810065,-31008,221,-1.705684,-0.750055,0.207935,-0.254886,-5.833862077290075,0.009999999999999787,-0.020000000000000018,0.6199999999999997,-0.23755066327988406,-0.4453916766156141,-0.8971449440367985,-0.589598133313185,-0.040208370819982964,-0.8632753399911652,-0.5721865252822811,-0.8580570442947022,-1.5507705530775517,0.004513823014451468,-1.5981805177147423,28198.02,0.61827492,1,1.0784623116,-0.1411764706,0.7525773196,45707813453.0,-0.3526590378,-2379.0,-1569.0,-0.9858400539,0.8240120508,0.4343173416,-0.5458052313,2.0124923738,1.5197384724
2025-12-12,2025-12-15,2025-12-12,2025-12-12,2025-12-12,2025-12-15,2025-12-12,2025-12-12,2025-12-12,2025-12-12,2025-12-12,2025-12-12,2025-12-12,2025-12-12,2025-12-12,2025-12-12,2025-12-12,2025-12-12,2025-12-12,2025-12-12,2025-12-12,2025-12-12,2025-12-12,28198.02,0.62,265.37,590578877383,957,702,235,16623924500,-29032,-561,-4.202066,-5.098984,-1.066365,-1.689802,5.9932617291983625,0.05000000000000071,0.0,0.6700000000000004,0.33175603858714986,0.05084194461981717,1.371379156008934,1.375462520267745,1.7480234471302314,0.6317894085360987,-4.7818830448610905,-4.521561344040526,-3.2664503634346365,-4.809643792057628,-11.428009695453534,27866.94,-1.17412499,0,0.96433519,0.1537070524,1.3632478632,25453709041.0,0.7217240804,1976.0,-2209.0,0.0547146111,0.7759939016,2.9218724336,-0.0848842051,2.4938784231,1.4633468018
2025-12-15,2025-12-16,2025-12-15,2025-12-15,2025-12-15,2025-12-16,2025-12-15,2025-12-15,2025-12-15,2025-12-15,2025-12-15,2025-12-15,2025-12-15,2025-12-15,2025-12-15,2025-12-15,2025-12-15,2025-12-15,2025-12-15,2025-12-15,2025-12-15,2025-12-15,2025-12-15,27866.94,-1.17,265.16,521395910467,891,801,199,-48994972132,-33686,-235,-1.472407,-0.613624,-0.159656,-0.593916,4.828464040237068,-0.010000000000000675,-0.010000000000000231,0.6699999999999999,0.449008499969894,-0.25406503671064895,-1.3148834765094652,-1.8374640159806055,-1.3393041083250679,-0.630658171056131,-0.4908511976681629,-0.3445163327474354,0.7256250615185866,-1.5181691653736284,-5.589974585783198,27536.66,-1.18520369,0,0.8590781025,0.0531914894,1.1123595506,-37628877537.0,-1.38319249,-4654.0,-6223.0,-1.8794939426,-1.5433980903,1.5288565619,-0.9513834349,1.2132835466,1.4916641908
2025-12-16,2025-12-17,2025-12-16,2025-12-16,2025-12-16,2025-12-17,2025-12-16,2025-12-16,2025-12-16,2025-12-16,2025-12-16,2025-12-16,2025-12-16,2025-12-16,2025-12-16,2025-12-16,2025-12-16,2025-12-16,2025-12-16,2025-12-16,2025-12-16,2025-12-16,2025-12-16,27536.66,-1.19,260.24,635047430591,409,1351,142,-59500908751,-34213,48,-0.302355,-0.457344,-0.238392,0.234418,-0.12121489553740261,-0.02999999999999936,-0.029999999999999805,0.6700000000000004,0.027453065033000712,0.0,-1.564380883149441,-2.2358682515971173,-1.5352629140693352,-1.197260126151245,-0.607361329915479,-0.2720293203971269,0.811167955658898,0.765967975655335,0.43847745654337356,27525.17,-0.04172619,0,1.0547251821,-0.5352272727,0.3027387121,-91241315037.0,-1.6657626534,-527.0,-2786.0,-1.7416390869,-2.2919815773,2.9172391214,-1.6738188536,-0.1278656198,1.4007750838
2025-12-17,2025-12-18,2025-12-17,2025-12-17,2025-12-17,2025-12-18,2025-12-17,2025-12-17,2025-12-17,2025-12-17,2025-12-17,2025-12-17,2025-12-17,2025-12-17,2025-12-17,2025-12-17,2025-12-17,2025-12-17,2025-12-17,2025-12-17,2025-12-17,2025-12-17,2025-12-17,27525.17,-0.04,261.45,608400693860,849,848,204,-35433545584,-29032,-279,-3.454528,-3.781449,-1.159214,-1.809235,6.917483790429602,0.009999999999999787,0.010000000000000231,0.6699999999999999,0.4478345884427748,0.22414795444003488,0.2612061487778705,1.4323123023099127,0.9247685659953486,1.8303218444288838,-3.7035789225543847,-3.6085730860178744,-3.8149891586355955,-5.287564017503432,-4.476999509465451,27468.53,-0.2057753,0,1.0081734109,0.0005892752,1.0011792453,-146282312032.0,-0.8680145237,5181.0,-403.0,-2.3861604467,-3.0828785035,3.5554768,-1.0964233669,-0.3403342986,1.3893178754
2025-12-18,2025-12-19,2025-12-18,2025-12-18,2025-12-18,2025-12-19,2025-12-18,2025-12-18,2025-12-18,2025-12-18,2025-12-18,2025-12-18,2025-12-18,2025-12-18,2025-12-18,2025-12-18,2025-12-18,2025-12-18,2025-12-18,2025-12-18,2025-12-18,2025-12-18,2025-12-18,27468.53,-0.21,259.39,523860043293,621,1065,201,-26841406358,-28731,217,2.787407,2.513996,0.793426,1.379433,-4.256526471497213,-0.040000000000000036,-0.03000000000000025,0.6600000000000001,0.518285581531619,0.060991721986947134,-1.0316253606270642,-1.5259774945072357,0.11524526620558806,-0.5914968174528634,2.387545944076752,2.361163187185289,1.8720000599854014,1.4890701828043085,1.1839813505971186,27696.35,0.82938548,1,0.8793282364,-0.2633451957,0.5830985915,-154146908325.0,-0.5344041732,301.0,2277.0,-1.4296869337,-1.9847456266,0.1537571883,-0.9038328278,-0.5530012444,1.2080300148
2025-12-19,2025-12-22,2025-12-19,2025-12-19,2025-12-19,2025-12-22,2025-12-19,2025-12-19,2025-12-19,2025-12-19,2025-12-19,2025-12-19,2025-12-19,2025-12-19,2025-12-19,2025-12-19,2025-12-19,2025-12-19,2025-12-19,2025-12-19,2025-12-19,2025-12-19,2025-12-19,27696.35,0.83,262.64,653947427788,1229,472,195,-124354784,-24428,223,1.499937,2.975688,0.881806,1.309463,-11.618262562637515,0.040000000000000036,0.020000000000000018,0.6800000000000002,-0.37303888670811025,0.17270971087903764,1.032031544952705,0.6518957018217142,0.7545589853668044,0.3380374800222352,2.660590599344781,2.586036281160009,3.933620149032113,6.152389966871752,3.1769068490443697,28149.64,1.63664165,1,1.0959675321,0.4450323339,2.6038135593,-170895187609.0,0.2130917275,4303.0,4604.0,0.5799178259,-1.7790965465,4.7717528392,0.281041163,0.0433584372,0.8856125705
2025-12-22,2025-12-23,2025-12-22,2025-12-22,2025-12-22,2025-12-23,2025-12-22,2025-12-22,2025-12-22,2025-12-22,2025-12-22,2025-12-22,2025-12-22,2025-12-22,2025-12-22,2025-12-22,2025-12-22,2025-12-22,2025-12-22,2025-12-22,2025-12-22,2025-12-22,2025-12-22,28149.64,1.64,266.85,588426137939,1228,492,177,22621542928,-25852,2,1.498524,1.099337,0.64365,0.520049,-5.5667332810208965,0.009999999999999787,-0.040000000000000036,0.73,-0.032362001212404845,-0.31439915151226794,1.8081804055375184,2.123593187902517,0.4330009440036475,0.9509244323713917,1.344184254065528,0.9740900860922386,1.4917933953784823,0.7121793209120098,0.32025705205704913,28310.47,0.57133946,1,1.0088460967,0.4279069767,2.4959349593,-99278672549.0,1.0084689252,-1424.0,7834.0,2.2687234993,1.0144637337,6.2080633136,1.7140573516,1.3794388668,0.9367331159
2025-12-23,2025-12-24,2025-12-23,2025-12-23,2025-12-23,2025-12-24,2025-12-23,2025-12-23,2025-12-23,2025-12-23,2025-12-23,2025-12-23,2025-12-23,2025-12-23,2025-12-23,2025-12-23,2025-12-23,2025-12-23,2025-12-23,2025-12-23,2025-12-23,2025-12-23,2025-12-23,28310.47,0.57,267.76,534755261364,672,992,239,-8174762559,-25441,147,1.251368,0.545376,0.455039,0.567718,-0.5681812794001595,0.009999999999999787,0.040000000000000036,0.6999999999999997,0.08982802507242482,-0.3560875682785736,0.02079359454987273,0.2773950834498162,-0.10708143957544047,0.19754149409005883,0.36861345796685985,0.9619102968188686,3.0050651636426062,-0.02326264362304542,2.304874750572772,28371.98,0.21726944,1,0.9219616489,-0.1923076923,0.6774193548,-47952526357.0,-0.18160693,411.0,8772.0,3.0651075977,2.8101084155,5.1957906033,1.7263293122,1.7025774206,0.8958895056
2025-12-24,2025-12-26,2025-12-24,2025-12-24,2025-12-24,2025-12-26,2025-12-24,2025-12-24,2025-12-24,2025-12-24,2025-12-24,2025-12-24,2025-12-24,2025-12-24,2025-12-25,2025-12-24,2025-12-24,2025-12-25,2025-12-24,2025-12-24,2025-12-24,2025-12-24,2025-12-24,28371.98,0.22,269.75,551264208837,648,1034,219,-3801817255,-24484,64,0.622992,0.27601,0.322148,0.218449,-3.7857123783656577,-0.02999999999999936,-0.009999999999999787,0.6800000000000002,-0.13541653938790033,0.04084226519320833,0.12650439281538528,-0.2112953912415727,0.17377519255310503,0.18299245934509933,0.3869436078250965,0.2781170160370161,-0.3171111898024437,0.0651462976382744,0.2576416688463645,28556.02,0.64866816,1,0.9553549064,-0.2294887039,0.6266924565,-16320798028.0,0.0242795394,957.0,4548.0,2.4394189126,3.0764932605,3.5113321858,1.3306930857,1.7476512663,0.8182673196
2025-12-26,2025-12-29,2025-12-26,2025-12-26,2025-12-26,2025-12-29,2025-12-26,2025-12-26,2025-12-26,2025-12-26,2025-12-26,2025-12-26,2025-12-26,2025-12-26,2025-12-26,2025-12-26,2025-12-24,2025-12-26,2025-12-26,2025-12-26,2025-12-26,2025-12-26,2025-12-26,28556.02,0.65,271.5,540496954762,821,863,216,8417223242,-23476,31,1.352078,0.045389,-0.030436,-0.085591,0.96510847708835,-0.010000000000000675,-0.010000000000000231,0.6799999999999997,0.2562756491433227,0.04081780441169691,0.6796599669848913,0.5125822780658096,0.17377519255310503,0.31664121771297626,-0.03266678602288353,0.46406125202933524,1.0179726222003582,-0.023245812188166237,0.5453725245422758,28810.89,0.89252634,1,0.9421242049,-0.0249406176,0.9513325608,18937831572.0,0.5275747619,1008.0,5255.0,1.443641908,3.9590396719,3.6345747868,1.2018616366,2.2240846591,0.8212588432
2025-12-29,2025-12-30,2025-12-29,2025-12-29,2025-12-29,2025-12-30,2025-12-29,2025-12-29,2025-12-29,2025-12-29,2025-12-29,2025-12-29,2025-12-29,2025-12-29,2025-12-29,2025-12-29,2025-12-29,2025-12-29,2025-12-29,2025-12-29,2025-12-29,2025-12-29,2025-12-29,28810.89,0.89,272.82,565285639818,911,801,197,9509908064,-22173,-154,-0.633993,-0.407486,-0.349205,-0.503325,4.411760374749107,-0.019999999999999574,-0.009999999999999787,0.6699999999999999,-0.602469435943731,0.020408358647250324,-0.4403291230824835,2.200651840921486,-0.7114904489589957,-0.3837061497408034,-0.23526375656777176,-0.45099053259373134,-1.2124062212741427,0.2883832277529752,-0.7781189323207038,28707.13,-0.3601416,0,0.9880062773,0.0642523364,1.1373283396,28572094420.0,0.5144698551,1303.0,2255.0,1.7676145963,4.0241403651,4.2872273268,1.3048263349,2.9182789273,0.8357011198
2025-12-30,2025-12-31,2025-12-30,2025-12-30,2025-12-30,2025-12-31,2025-12-30,2025-12-30,2025-12-30,2025-12-30,2025-12-30,2025-12-30,2025-12-30,2025-12-30,2025-12-30,2025-12-30,2025-12-30,2025-12-30,2025-12-30,2025-12-30,2025-12-30,2025-12-30,2025-12-30,28707.13,-0.36,274.54,567720265024,618,1092,193,4472379809,-26259,4,-0.44531,-0.127746,-0.137567,-0.235446,0.9154937759653814,0.019999999999999574,0.0,0.6899999999999995,-0.1982110917127744,0.203995253340028,-0.37097333321376436,-0.1514049469747203,0.8557330541358654,0.25670872700214176,-0.13100808557875432,-0.24710851365958852,-0.3612835671873982,-0.1252280838999198,0.1316555813825948,28963.6,0.89340174,1,0.9933054277,-0.2771929825,0.5659340659,10422931301.0,0.2569933928,-4086.0,-407.0,1.1812710992,1.980451615,4.9907598163,0.5457965519,2.298294482,0.7979249932
2025-12-31,2026-01-02,2025-12-31,2025-12-31,2025-12-31,2026-01-02,2025-12-31,2025-12-31,2025-12-31,2025-12-31,2025-12-31,2025-12-31,2025-12-31,2025-12-31,2025-12-30,2025-12-30,2025-12-31,2025-12-31,2025-12-31,2025-12-31,2025-12-31,2025-12-31,2025-12-31,28963.6,0.89,276.24,661049004306,745,985,183,-518748905,-25059,-5,1.43869,-1.199177,-0.735767,-0.756178,4.326586802930965,0.040000000000000036,0.020000000000000018,0.7099999999999995,-0.23692492856227654,0.04071754519254789,-0.37097333321376436,-0.1514049469747203,-0.8666177402095743,-0.45879510018086433,-1.2363962236750625,-0.8752835587103269,-0.5545448029029565,-0.5479672591475859,-1.0718879332791587,29349.81,1.33343231,1,1.1477321637,-0.1387283237,0.7563451777,18078944955.0,0.0813457235,1200.0,382.0,1.4272997428,2.3070263404,5.0766082323,0.9820680091,2.9555336076,0.8010343073
2026-01-02,2026-01-05,2026-01-02,2026-01-02,2026-01-02,2026-01-05,2026-01-02,2026-01-02,2026-01-02,2026-01-02,2026-01-02,2026-01-02,2026-01-02,2026-01-02,2025-12-30,2026-01-02,2026-01-02,2025-12-31,2026-01-02,2026-01-02,2026-01-02,2026-01-02,2026-01-02,29349.81,1.33,278.03,786178485985,953,791,174,12017853596,-23154,297,5.172915,4.014332,0.189471,-0.027362,-2.943141043457509,0.010000000000000675,0.0,0.7200000000000002,0.1917140625415037,0.1424495231861167,-0.37097333321376436,2.2652138548563183,2.762063017475791,-0.45879510018086433,4.164040776714173,3.6570079503488673,1.2600568919654886,4.347215819664707,0.43917624584417503,30105.04,2.57320235,1,1.338147707,0.0928899083,1.2048040455,33898615806.0,0.6154312189,1905.0,1330.0,1.870542701,3.4464637294,5.6012944248,1.6355992159,4.0405075033,0.8263414746
2026-01-05,2026-01-06,2026-01-05,2026-01-05,2026-01-05,2026-01-06,2026-01-05,2026-01-05,2026-01-05,2026-01-05,2026-01-05,2026-01-05,2026-01-05,2026-01-05,2026-01-05,2026-01-05,2026-01-05,2026-01-05,2026-01-05,2026-01-05,2026-01-05,2026-01-05,2026-01-05,30105.04,2.57,275.66,892406392483,409,1397,115,-7643473164,-25101,-19,0.826011,1.072009,0.635413,0.689413,2.687797267378067,-0.020000000000000462,-0.010000000000000231,0.71,0.1763399560895884,-0.1524096003552189,2.966499253855104,3.431620365093524,0.033295521781973036,1.8965701435660343,1.3930935264676592,1.1492120774729608,-0.38655597709008616,-1.0694945078055573,-1.208210617469585,30576.3,1.56538573,1,1.4685102042,-0.5470653378,0.2927702219,17837919400.0,-0.1711855697,-1947.0,-1625.0,4.8695567965,5.4244954304,8.3082245426,3.1443339694,6.2826539384,0.9626239763
2026-01-06,2026-01-07,2026-01-06,2026-01-06,2026-01-06,2026-01-07,2026-01-06,2026-01-06,2026-01-06,2026-01-06,2026-01-06,2026-01-06,2026-01-06,2026-01-06,2026-01-06,2026-01-06,2026-01-06,2026-01-06,2026-01-06,2026-01-06,2026-01-06,2026-01-06,2026-01-06,30576.3,1.57,278.97,863975376082,985,744,189,2841412934,-29520,-24,1.607445,2.746006,0.619671,0.646909,-1.006708874970219,0.009999999999999787,0.010000000000000231,0.7099999999999995,0.3695945317161664,0.31546270334603665,1.3220920602806663,1.5246137008857907,1.3785465997350421,1.5460747476286452,3.235241345628892,2.6563200499415185,-0.46778101576882003,-3.044144957390582,0.1019089081164326,30435.47,-0.46058549,0,1.3822060735,0.1393869289,1.3239247312,11169424270.0,0.3709604421,-4419.0,-7347.0,5.568023312,6.1275788426,9.2756520611,3.5068070901,7.4540961649,0.9942758669
2026-01-07,2026-01-08,2026-01-07,2026-01-07,2026-01-07,2026-01-08,2026-01-07,2026-01-07,2026-01-07,2026-01-07,2026-01-07,2026-01-07,2026-01-07,2026-01-07,2026-01-07,2026-01-07,2026-01-07,2026-01-07,2026-01-07,2026-01-07,2026-01-07,2026-01-07,2026-01-07,30435.47,-0.46,281.44,968984983756,1058,680,180,-29509905222,-29422,-210,-2.672327,-0.994128,-0.343992,0.157596,4.2711872165486,-0.02999999999999936,0.0,0.6800000000000002,0.055600146772261105,0.10143890471057126,-1.0588690144494928,0.5652456366042946,-0.9415790724457529,-0.29265136551781534,-1.053750994597924,-0.6707616057653465,0.9987155855193386,-2.0200614451877374,-0.07853769156711543,30360.55,-0.24616015,0,1.4947353977,0.2174913694,1.5558823529,-22812860761.0,-1.000274952,98.0,-3163.0,3.6990358711,6.0205948836,7.5314675284,1.838403236,6.5600370845,0.9993271956
2026-01-08,2026-01-09,2026-01-08,2026-01-08,2026-01-08,2026-01-09,2026-01-08,2026-01-08,2026-01-08,2026-01-08,2026-01-08,2026-01-08,2026-01-08,2026-01-08,2026-01-08,2026-01-08,2026-01-08,2026-01-08,2026-01-08,2026-01-08,2026-01-08,2026-01-08,2026-01-08,30360.55,-0.25,280.06,869336707560,665,1085,156,-678489220,-26047,0,-0.210237,-1.831979,0.007655,-0.442073,0.4551345533378326,0.040000000000000036,0.020000000000000018,0.7000000000000002,-0.13653985571981941,0.25334414189992494,-1.6256477185430107,0.02878579005514137,-1.1702606528893322,-0.8168875004855525,-1.6344079032154402,-1.5687440132177821,-2.1521904241355916,-2.54262045902639,-3.208148184475068,30288.96,-0.23579942,0,1.3154910116,-0.24,0.6129032258,-22972601076.0,0.2954653683,3375.0,-988.0,0.8487283192,4.8231228162,7.7279952879,0.6468198004,5.8939870762,0.9928378351
2026-01-09,2026-01-12,2026-01-09,2026-01-09,2026-01-09,2026-01-12,2026-01-09,2026-01-09,2026-01-09,2026-01-09,2026-01-09,2026-01-09,2026-01-09,2026-01-09,2026-01-09,2026-01-09,2026-01-09,2026-01-09,2026-01-09,2026-01-09,2026-01-09,2026-01-09,2026-01-09,30288.96,-0.24,279.85,805826984399,942,787,180,-8442363369,-26583,373,1.767238,2.725618,0.647549,0.814863,-6.213592556624336,-0.010000000000000675,0.04999999999999982,0.6399999999999997,0.304299038122946,0.2021600602701401,1.6092976786905133,0.7457589378129237,0.3154137294639092,0.4489571827738459,2.8787823373135124,2.7019868957532944,-0.09727230993946678,-0.7377342978645784,3.7566138780260605,30567.29,0.91891567,1,1.203271815,0.0896471949,1.1969504447,-43432818041.0,0.0077547718,-536.0,-3429.0,-0.9397474515,3.1998503568,6.6485262879,-0.2118520104,5.2975489685,0.9970729866
2026-01-12,2026-01-13,2026-01-12,2026-01-12,2026-01-12,2026-01-13,2026-01-12,2026-01-12,2026-01-12,2026-01-12,2026-01-12,2026-01-12,2026-01-12,2026-01-12,2026-01-09,2026-01-12,2026-01-12,2026-01-12,2026-01-12,2026-01-12,2026-01-12,2026-01-12,2026-01-12,30567.29,0.92,286.57,733466805008,1142,626,151,-12166567091,-26892,371,2.515213,0.472066,0.157763,0.264247,4.347826945426525,0.010000000000000675,0.0,0.6500000000000004,0.15374978232687297,-0.2723662368073976,1.6092976786905133,0.8388035793012616,1.4360111136624942,0.6514083134180115,0.47752519315285014,0.3699713367478541,0.04327698300905514,2.2247400271679707,2.098730384890213,30707.22,0.45777692,1,1.0896520819,0.2918552036,1.8242811502,-47955911968.0,-0.1848600901,-309.0,-1791.0,0.433113075,1.5354571859,9.0724805752,0.3993205743,5.7975738192,0.9288515294
2026-01-13,2026-01-14,2026-01-13,2026-01-13,2026-01-13,2026-01-14,2026-01-13,2026-01-13,2026-01-13,2026-01-13,2026-01-13,2026-01-13,2026-01-13,2026-01-13,2026-01-13,2026-01-13,2026-01-13,2026-01-13,2026-01-13,2026-01-13,2026-01-13,2026-01-13,2026-01-13,30707.22,0.46,285.36,859497246409,685,1100,134,15741315371,-30117,86,-0.168791,0.953119,-0.193912,-0.101253,5.6878284602278395,-0.010000000000000675,-0.010000000000000231,0.6499999999999999,-0.07406428934867426,0.27311009649957363,3.0983306123394394,1.4670957401993645,0.9019313773172888,-0.6031444614932324,0.8929867216435738,0.22269879410024007,0.47042019341549945,6.394144457215001,0.6814099414299113,30941.78,0.76385944,1,1.2518783682,-0.2324929972,0.6227272727,-35056009531.0,1.1427691888,-3225.0,-597.0,1.1418436096,0.4281747628,8.8984971285,0.7722590828,5.8223737297,0.9279647525
2026-01-14,2026-01-15,2026-01-14,2026-01-14,2026-01-14,2026-01-15,2026-01-14,2026-01-14,2026-01-14,2026-01-14,2026-01-14,2026-01-14,2026-01-14,2026-01-14,2026-01-14,2026-01-14,2026-01-14,2026-01-14,2026-01-14,2026-01-14,2026-01-14,2026-01-14,2026-01-14,30941.78,0.76,290.6,788531412539,1422,344,158,13282502115,-33957,-139,-1.237887,-0.600414,-0.533336,-1.004304,4.818526156577807,-0.02999999999999936,-0.020000000000000018,0.6400000000000006,0.1488727455515093,0.0,1.4791460971354864,0.6491007204911803,0.5636814305866045,-0.4011655090784827,-0.42004018834648216,-0.812196430847123,-1.43695075831608,1.190209018547117,-4.151031079548295,30810.58,-0.42402215,0,1.1265975765,0.610419026,4.1337209302,7736397806.0,0.9557505136,-3840.0,-4535.0,2.155306752,1.6635524275,11.0340066042,1.2056980698,6.0687330414,0.8534435602
2026-01-15,2026-01-16,2026-01-15,2026-01-15,2026-01-15,2026-01-16,2026-01-15,2026-01-15,2026-01-15,2026-01-15,2026-01-15,2026-01-15,2026-01-15,2026-01-15,2026-01-15,2026-01-15,2026-01-15,2026-01-15,2026-01-15,2026-01-15,2026-01-15,2026-01-15,2026-01-15,30810.58,-0.42,291.16,772880552639,905,843,174,-210224483,-35130,285,4.44194,1.763684,0.257993,0.248254,-5.432834909923045,0.019999999999999574,0.050000000000000266,0.6099999999999999,-0.335893987830016,0.1916699754570983,-0.4245955911555743,1.576288994344921,-0.2821923736009979,0.20034036031402191,1.6028946737124627,2.075446744410603,2.1349807115541353,1.9320178656121012,0.9208785872900194,31408.7,1.94128121,1,1.0934700982,0.0354691076,1.0735468565,8204662543.0,0.136675243,-1173.0,-9083.0,0.7959161574,1.4822854,11.8893140998,0.4807527051,5.0296028936,0.7908583788
2026-01-16,2026-01-19,2026-01-16,2026-01-16,2026-01-16,2026-01-19,2026-01-16,2026-01-16,2026-01-16,2026-01-16,2026-01-16,2026-01-16,2026-01-16,2026-01-16,2026-01-16,2026-01-16,2026-01-16,2026-01-16,2026-01-16,2026-01-16,2026-01-16,2026-01-16,2026-01-16,31408.7,1.94,292.78,963437848586,758,1007,159,39916564467,-33249,-134,0.22245,1.149763,-0.06423,-0.062171,0.12625949429734273,0.07000000000000028,0.029999999999999805,0.6500000000000004,0.16978112646923726,0.07047895191230058,-0.3221706045961503,0.9002601629127582,-0.2921531563574664,-0.411666758641438,1.5568471564543884,1.0040137608940292,-0.43838936692871533,1.7155158360483647,2.5333807707223377,31639.29,0.73415964,1,1.3296750525,-0.1410764873,0.7527308838,56563590379.0,2.4860498743,1881.0,-6666.0,2.2844138935,3.6968585254,14.1090136773,1.6886848023,6.3644702499,0.8316575284
2026-01-19,2026-01-20,2026-01-19,2026-01-19,2026-01-19,2026-01-20,2026-01-16,2026-01-16,2026-01-16,2026-01-16,2026-01-16,2026-01-16,2026-01-19,2026-01-16,2026-01-19,2026-01-19,2026-01-19,2026-01-19,2026-01-16,2026-01-16,2026-01-16,2026-01-16,2026-01-16,31639.29,0.73,295.11,914688412974,995,788,149,-27794762468,-33726,-114,0.22245,1.149763,-0.06423,-0.062171,0.12625949429734273,0.07000000000000028,0.029999999999999805,0.6500000000000004,0.13876592712758207,0.07047895191230058,-0.6537385769927684,1.3204575907852512,-1.0469769262445916,0.05473192809313243,1.5568471564543884,1.0040137608940292,-0.43838936692871533,1.7155158360483647,2.5333807707223377,31759.99,0.3814877,1,1.2292417931,0.1160964666,1.2626903553,40935395002.0,-1.8858661585,-477.0,-6834.0,2.2542659149,3.5070168144,15.1837757608,1.7290991043,6.3939937696,0.8072932536
2026-01-20,2026-01-21,2026-01-20,2026-01-20,2026-01-20,2026-01-21,2026-01-20,2026-01-20,2026-01-20,2026-01-20,2026-01-20,2026-01-20,2026-01-20,2026-01-20,2026-01-20,2026-01-20,2026-01-20,2026-01-20,2026-01-20,2026-01-20,2026-01-20,2026-01-20,2026-01-20,31759.99,0.38,297.61,933094174863,687,1050,184,-3983496875,-32675,-437,-4.450932,-1.680501,-2.062676,-2.385971,26.67087381764075,0.05999999999999961,0.010000000000000231,0.6999999999999997,-0.1866616541035815,-0.7546030834145623,-1.1056910663935104,-0.38555487327501803,-0.2875730742724847,-0.329078252927395,-1.4950200306414363,-2.4975647828731407,-4.381672442960616,0.03881997031436324,-5.433449664737012,31246.37,-1.61719194,0,1.2308891706,-0.2089810017,0.6542857143,21210582756.0,-0.3390020823,1051.0,-2558.0,3.0814415048,3.42841195,14.6721138345,1.430509157,6.0751222181,0.8099490198
2026-01-21,2026-01-22,2026-01-21,2026-01-21,2026-01-21,2026-01-22,2026-01-21,2026-01-21,2026-01-21,2026-01-21,2026-01-21,2026-01-21,2026-01-21,2026-01-21,2026-01-21,2026-01-21,2026-01-21,2026-01-21,2026-01-21,2026-01-21,2026-01-21,2026-01-21,2026-01-21,31246.37,-1.62,293.16,1058453534094,438,1330,145,-44568289093,-24473,255,-0.31789,3.180316,1.158774,1.178427,-15.878549078292059,-0.040000000000000036,0.0,0.6599999999999997,0.4225198331249791,0.12165728641988505,-0.4084854458907494,0.4949122607839085,0.368289741516592,0.08879101630687725,3.1984610492673093,2.9560126013304933,2.9482786455111043,7.7095571852271005,-1.142519014074883,31746.08,1.59925777,1,1.3542718592,-0.5045248869,0.3293233083,-36640208452.0,-2.4002534964,8202.0,9484.0,-0.5168313238,0.9843971485,11.0009577387,-0.4035828786,3.8227767582,0.9224651638
2026-01-22,2026-01-23,2026-01-22,2026-01-22,2026-01-22,2026-01-23,2026-01-22,2026-01-22,2026-01-22,2026-01-22,2026-01-22,2026-01-22,2026-01-22,2026-01-22,2026-01-22,2026-01-22,2026-01-22,2026-01-22,2026-01-22,2026-01-22,2026-01-22,2026-01-22,2026-01-22,31746.08,1.6,297.82,965919232874,1016,716,195,19278125481,-24293,149,0.383294,0.162895,0.54875,0.909369,-7.455617181351726,0.0,0.009999999999999787,0.6499999999999999,-0.13351674979606987,-0.4050238125016814,1.732366131105234,0.8676214905280588,0.16889331715392863,0.013553403666977104,0.15223724851969322,0.2214352411255449,0.8291451848916997,1.573255655632222,-1.006690292421153,31961.51,0.67860347,1,1.2027014229,0.1732101617,1.4189944134,-17151858488.0,1.0950213371,180.0,10837.0,0.3375233768,3.0362946754,12.1354749674,0.5893329948,4.8845132605,0.9516531507
2026-01-23,2026-01-26,2026-01-23,2026-01-23,2026-01-23,2026-01-26,2026-01-23,2026-01-23,2026-01-23,2026-01-23,2026-01-23,2026-01-23,2026-01-23,2026-01-23,2026-01-23,2026-01-23,2026-01-23,2026-01-23,2026-01-23,2026-01-23,2026-01-23,2026-01-23,2026-01-23,31961.51,0.68,299.26,950555451758,853,902,164,23208504577,-22666,79,2.290986,-1.207172,0.032687,0.278293,2.877236568970143,-0.019999999999999574,-0.009999999999999787,0.6400000000000001,-0.1769903822365304,-0.7726739848662456,0.29425169138517226,0.757997239613073,0.4489260363752745,-0.44901065291677034,-1.1357506582587162,-0.6777247745122117,1.5310549053903832,2.345011251500373,-1.6713271082435033,32064.52,0.32229391,1,1.1548631268,-0.0279202279,0.9456762749,-33859918378.0,1.1903916136,1627.0,10583.0,0.6345090159,1.7600537431,12.6516725304,0.9183961124,4.9738055762,0.948194493
2026-01-26,2026-01-27,2026-01-26,2026-01-26,2026-01-26,2026-01-27,2026-01-26,2026-01-26,2026-01-26,2026-01-26,2026-01-26,2026-01-26,2026-01-26,2026-01-26,2026-01-26,2026-01-26,2026-01-26,2026-01-26,2026-01-26,2026-01-26,2026-01-26,2026-01-26,2026-01-26,32064.52,0.32,302.65,848211780604,1018,734,172,-1492774680,-26527,138,-0.645028,-0.388168,0.500608,0.426016,0.37289910113973423,-0.020000000000000462,-0.040000000000000036,0.6599999999999997,-0.6750241196508577,-0.5737679993327416,-1.7858439575361262,-0.8112107023489967,0.05985068797624837,0.09484233785219676,-0.47575764309492063,-0.31742583551109815,-0.639418639074063,-3.2231959924759024,1.4997714399701323,32317.92,0.79028159,1,1.0116124701,0.1621004566,1.3869209809,-7557930590.0,-0.0877757756,-3861.0,7199.0,2.6183841515,1.3439934967,12.2863760426,0.9725059071,4.7088365001,0.950055896
2026-01-27,2026-01-28,2026-01-27,2026-01-27,2026-01-27,2026-01-28,2026-01-27,2026-01-27,2026-01-27,2026-01-27,2026-01-27,2026-01-27,2026-01-27,2026-01-27,2026-01-27,2026-01-27,2026-01-27,2026-01-27,2026-01-27,2026-01-27,2026-01-27,2026-01-27,2026-01-27,32317.92,0.79,305.26,953874937815,711,1053,163,22278875956,-25318,191,1.692166,2.398627,0.40819,0.914101,1.2383948462139527,0.020000000000000462,-0.03000000000000025,0.7100000000000004,0.22218190498228818,-0.8450120435778086,0.8476636916720626,2.7327568177603068,1.3503555837129033,-0.02698173644538615,2.33479437929327,2.1137336444929433,1.099374182623336,0.2864992350872342,2.4442057233257763,32803.82,1.50350023,1,1.111866135,-0.193877551,0.6752136752,18704442241.0,1.1083418421,1209.0,7357.0,1.801293262,1.7567071022,12.1725847414,1.4141150421,4.9354476395,0.9486645601
2026-01-28,2026-01-29,2026-01-28,2026-01-28,2026-01-28,2026-01-29,2026-01-28,2026-01-28,2026-01-28,2026-01-28,2026-01-28,2026-01-28,2026-01-28,2026-01-28,2026-01-28,2026-01-28,2026-01-28,2026-01-28,2026-01-28,2026-01-28,2026-01-28,2026-01-28,2026-01-28,32803.82,1.5,309.28,1022277771063,823,938,164,33275865867,-27932,90,1.170418,2.335294,-0.008172,0.169414,0.0,0.019999999999999574,0.03000000000000025,0.6999999999999997,-1.050238363220013,0.23903110020910834,0.047197083565930775,1.6905112104901754,2.5803157290396284,0.26139191323502065,2.6717572181750526,2.3032547287446192,1.5913430575061005,0.2817151598246692,0.13521490366270594,32536.27,-0.81560623,0,1.1608451194,-0.0653038047,0.8773987207,96548597201.0,1.5045185003,-2614.0,-3459.0,2.6353886284,4.9844189901,14.2706359013,1.9424297448,5.8094220059,0.9432088399
2026-01-29,2026-01-30,2026-01-29,2026-01-29,2026-01-29,2026-01-30,2026-01-29,2026-01-29,2026-01-29,2026-01-29,2026-01-29,2026-01-29,2026-01-29,2026-01-29,2026-01-29,2026-01-29,2026-01-29,2026-01-29,2026-01-29,2026-01-29,2026-01-29,2026-01-29,2026-01-29,32536.27,-0.82,305.48,1119028171443,466,1305,149,14659217084,-32702,-331,-0.803389,0.164317,-0.129263,-0.722332,3.2415826723621866,-0.019999999999999574,-0.03000000000000025,0.7100000000000004,0.5120485824171128,-0.1762552351728286,0.03165485954070846,0.9754746516441815,0.5073494926575162,0.7604908240606667,0.18587733552057895,0.21361498702181514,0.5169121826911649,-0.22157664208721783,-0.7532046937948733,32063.75,-1.45228694,0,1.2385051355,-0.4737436477,0.3570881226,91929688804.0,0.5607737442,-4770.0,-8409.0,1.4712523375,2.4890947166,12.3350343189,0.6168264969,4.3452110921,0.9954001697
2026-01-30,2026-02-02,2026-01-30,2026-01-30,2026-01-30,2026-02-02,2026-01-30,2026-01-30,2026-01-30,2026-01-30,2026-01-30,2026-01-30,2026-01-30,2026-01-30,2026-01-30,2026-01-30,2026-01-30,2026-01-30,2026-01-30,2026-01-30,2026-01-30,2026-01-30,2026-01-30,32063.75,-1.45,300.78,1042397321929,326,1495,104,-51239194984,-32670,-363,-2.647619,-3.869043,-0.43019,-0.942781,3.3175438455743667,0.019999999999999574,-0.009999999999999787,0.7399999999999998,0.29453572698179276,0.7374315470237924,-0.09882792597332157,0.05956166207805591,-2.0772976345391436,-0.9998227184553343,-4.106559103183938,-3.3675028570029353,-0.716840508753136,-6.126575222843189,0.17233900393278656,31624.03,-1.37139293,0,1.1375633027,-0.6419549698,0.2180602007,17481989243.0,-2.1483062974,32.0,-10004.0,-0.7864676935,0.3198847614,9.2468741706,-0.9070793889,2.3842571737,1.0732346981
2026-02-02,2026-02-03,2026-02-02,2026-02-02,2026-02-02,2026-02-03,2026-02-02,2026-02-02,2026-02-02,2026-02-02,2026-02-02,2026-02-02,2026-02-02,2026-02-02,2026-02-02,2026-02-02,2026-02-02,2026-02-02,2026-02-02,2026-02-02,2026-02-02,2026-02-02,2026-02-02,31624.03,-1.37,294.32,832371869715,313,1518,89,-48050347608,-27673,625,3.267179,1.700575,0.539127,0.555324,-6.307341443720693,0.03000000000000025,0.04999999999999982,0.7200000000000002,0.7056381660207167,0.6392440047816805,-1.252130850911859,-5.257867922477422,-2.232944901655942,-2.1324397857610644,1.8452252017570725,1.117833208036223,-2.8880888041861397,4.029911171840594,-0.05735057301752278,32195.36,1.80663249,1,0.9113488819,-0.6581103222,0.2061923584,-29075583685.0,-1.7679990176,4997.0,-1146.0,-3.5965018708,-1.3737614036,5.045633555,-1.9992092759,0.7358642144,1.0261483323
2026-02-03,2026-02-04,2026-02-03,2026-02-03,2026-02-03,2026-02-04,2026-02-03,2026-02-03,2026-02-03,2026-02-03,2026-02-03,2026-02-03,2026-02-03,2026-02-03,2026-02-03,2026-02-03,2026-02-03,2026-02-03,2026-02-03,2026-02-03,2026-02-03,2026-02-03,2026-02-03,32195.36,1.81,298.26,947092756285,1117,599,206,7267812207,-26496,-179,-1.643422,-2.067249,-0.840398,-1.428104,10.159117698350828,-0.009999999999999787,0.0,0.7100000000000004,-0.018679128920895405,-0.17416060637467368,3.922653917446106,6.8370247226870795,0.2210941468625327,1.175208816408957,-1.9989190916008481,-2.5222463696185304,-2.839288968876297,-1.6892043651028477,-3.2557153985709575,32289.81,0.29336526,1,1.0322577381,0.3018648019,1.8647746244,-44086647434.0,0.3549146767,1177.0,-1178.0,-1.0477845186,-0.3792323268,5.2951468948,-0.1528501817,2.2920112437,1.0428026822
2026-02-04,2026-02-05,2026-02-04,2026-02-04,2026-02-04,2026-02-05,2026-02-04,2026-02-04,2026-02-04,2026-02-04,2026-02-04,2026-02-04,2026-02-04,2026-02-04,2026-02-04,2026-02-04,2026-02-04,2026-02-04,2026-02-04,2026-02-04,2026-02-04,2026-02-04,2026-02-04,32289.81,0.29,301.52,803186723349,1385,397,135,12066044162,-25699,-513,-2.981388,-4.357966,-0.507239,-1.507661,3.555552164713549,0.009999999999999787,0.0,0.7200000000000002,-0.012352394174863779,0.184729372604453,-0.7808765099505011,1.5699463378906708,0.0467705945280672,0.8276695964597236,-4.415000902353993,-3.9378404623127694,-3.410221815110581,-17.314443047898198,-3.833546434631574,31801.27,-1.51298506,0,0.883393087,0.5544332211,3.4886649874,-65296469139.0,0.4709231262,797.0,2233.0,0.7050329422,-1.5669211695,6.0926938207,0.460353177,2.2907691621,1.0294790285
2026-02-05,2026-02-06,2026-02-05,2026-02-05,2026-02-05,2026-02-06,2026-02-05,2026-02-05,2026-02-05,2026-02-05,2026-02-05,2026-02-05,2026-02-05,2026-02-05,2026-02-05,2026-02-05,2026-02-05,2026-02-05,2026-02-05,2026-02-05,2026-02-05,2026-02-05,2026-02-05,31801.27,-1.51,296.36,808149816179,591,1176,152,-72694499199,-26743,-142,1.531903,-0.059324,-1.225102,-1.589159,16.79185177362963,-0.08000000000000007,-0.09999999999999964,0.7399999999999998,0.26573312511892766,0.2048729180651243,-0.8754667568403707,-3.8638317972896963,0.14124285565044747,-0.6014508936342144,0.13620124789717192,-0.2486732937472369,-1.3261367048724715,-3.8413518895165866,0.7985788249112113,31782.92,-0.0577021,0,0.891852747,-0.3310696095,0.5025510204,-152650185422.0,-2.3123627303,-1044.0,5959.0,0.5604598781,-2.2590173981,4.7453685786,-0.6050162332,0.5137501428,1.0979205616
2026-02-06,2026-02-09,2026-02-06,2026-02-06,2026-02-06,2026-02-09,2026-02-06,2026-02-06,2026-02-06,2026-02-06,2026-02-06,2026-02-06,2026-02-06,2026-02-06,2026-02-06,2026-02-06,2026-02-06,2026-02-06,2026-02-06,2026-02-06,2026-02-06,2026-02-06,2026-02-06,31782.92,-0.06,290.72,804308145822,329,1485,108,-7152994630,-25102,850,5.478788,5.699284,1.96958,2.176612,-6.430866279706493,0.009999999999999787,0.029999999999999805,0.7199999999999998,-0.026220914336294587,-0.19423680433348078,0.8094695246961381,-1.4414385790020967,-1.2099241546262518,-0.5742486685861636,5.344141677283365,5.400578942639256,7.871770069195438,8.280520748782472,7.2171598200729825,32404.62,1.95608207,1,0.8876875761,-0.6372657111,0.2215488215,-108563985068.0,-0.1247956476,1641.0,7568.0,-1.2810541643,-0.8758488948,4.9323581926,-0.487678294,0.2191374858,1.0947584473
2026-02-09,2026-02-10,2026-02-09,2026-02-09,2026-02-09,2026-02-10,2026-02-09,2026-02-09,2026-02-09,2026-02-09,2026-02-09,2026-02-09,2026-02-09,2026-02-09,2026-02-09,2026-02-09,2026-02-09,2026-02-09,2026-02-09,2026-02-09,2026-02-09,2026-02-09,2026-02-09,32404.62,1.96,296.62,743316367315,998,757,166,24768616529,-23585,262,1.880464,1.415894,0.469109,0.900773,-14.776632817238088,0.0,-0.020000000000000018,0.7399999999999998,-0.2331814588317105,-0.8296605360863074,3.889619526094923,4.104817252653592,1.7590806881896182,1.6250314271374577,1.2223405723444714,1.2448649510719667,2.4971627919608386,3.626941791424576,3.3101010961192667,33072.97,2.06251454,1,0.819927366,0.1373219373,1.3183619551,-35745020931.0,0.8647765497,1517.0,4088.0,0.3555610888,2.4683444836,6.0107716451,0.9653403,1.8843704635,1.1485992048
2026-02-10,2026-02-11,2026-02-10,2026-02-10,2026-02-10,2026-02-11,2026-02-10,2026-02-10,2026-02-10,2026-02-10,2026-02-10,2026-02-10,2026-02-10,2026-02-10,2026-02-10,2026-02-10,2026-02-10,2026-02-10,2026-02-10,2026-02-10,2026-02-10,2026-02-10,2026-02-10,33072.97,2.06,296.52,771575012724,922,817,188,55710830864,-24884,-41,1.828874,-0.679322,-0.330371,-0.586089,2.476960196184419,-0.05999999999999961,-0.029999999999999805,0.71,-0.043710449322398315,-0.02065342194735864,2.2826609072220228,0.0688915583279659,0.5771610242185421,0.11103368104434796,-0.37984986807897414,-0.4647692510086454,-0.7893075420927542,-1.124996609157991,-1.0176193449891735,33605.71,1.61080181,1,0.8552457912,0.0603795285,1.1285189718,12697997726.0,1.6878313455,-1299.0,1612.0,3.9988968994,2.7258896934,7.7042141881,2.4872763882,3.6004485462,1.2112397594
2026-02-11,2026-02-23,2026-02-11,2026-02-11,2026-02-11,2026-02-23,2026-02-20,2026-02-20,2026-02-20,2026-02-20,2026-02-20,2026-02-20,2026-02-20,2026-02-20,2026-02-20,2026-02-20,2026-02-20,2026-02-13,2026-02-20,2026-02-20,2026-02-20,2026-02-20,2026-02-20,33605.71,1.61,297.71,760312577988,964,805,166,52360064736,-27665,255,2.816392,1.065911,0.693972,0.896452,-5.635192365023734,0.0,0.009999999999999787,0.6000000000000001,0.1582666624481588,-0.13274507608788122,-1.1173711051917334,2.3123833749834954,-1.0955983939960667,-1.2537115780543617,1.0088793769213344,1.1774710942299649,1.0218272964884312,-1.5833216787204396,-0.40120853231269127,33773.26,0.49857599,1,0.84408214,0.0898812889,1.197515528,52992018300.0,1.445417704,-2781.0,-1966.0,5.7351244001,4.0752794767,8.6094917616,3.2957169254,4.8318507528,1.2384508038
2026-02-23,2026-02-24,2026-02-23,2026-02-23,2026-02-23,2026-02-24,2026-02-23,2026-02-23,2026-02-23,2026-02-23,2026-02-23,2026-02-23,2026-02-23,2026-02-23,2026-02-20,2026-02-23,2026-02-23,2026-02-13,2026-02-23,2026-02-23,2026-02-23,2026-02-23,2026-02-23,33773.26,0.5,303.83,1017694167420,1420,403,112,8352180152,-30852,56,-0.134938,-0.568494,-1.038565,-1.130822,10.0576221107765,-0.04999999999999982,-0.04999999999999982,0.6000000000000001,-0.21533548382927092,-0.10225572637528879,-1.1173711051917334,0.646636239857723,2.5311463966603664,-1.2537115780543617,-0.7261456764173779,-0.5180333717581975,0.9113874516842646,-1.773663702835171,-0.6944228471300051,34700.82,2.74643312,1,1.1146737928,0.5578716402,3.523573201,134038697651.0,0.1602438019,-3187.0,-4109.0,4.2235952775,6.2009787659,9.6157878235,2.5673186043,4.8699144728,1.2231877802
2026-02-24,2026-02-25,2026-02-24,2026-02-24,2026-02-24,2026-02-25,2026-02-24,2026-02-24,2026-02-24,2026-02-24,2026-02-24,2026-02-24,2026-02-24,2026-02-24,2026-02-24,2026-02-24,2026-02-24,2026-02-24,2026-02-24,2026-02-24,2026-02-24,2026-02-24,2026-02-24,34700.82,2.75,311.44,959732679689,994,760,180,62733556548,-29372,378,4.245485,1.447379,0.765161,1.044802,-6.949076515545527,0.009999999999999787,0.0,0.6099999999999999,-0.24182185904723097,0.18423777973211042,0.8717721590947747,2.113383411321279,-1.8151963466157106,1.0112818664532064,1.462922794001309,1.5210227439033552,0.6786755578419568,8.76906902296719,-1.4681861588915046,35413.07,2.05254516,1,1.0514022954,0.1334093501,1.3078947368,203925248829.0,1.626442002,1480.0,-4270.0,4.9219952124,9.1807171902,10.4815544738,3.5490648039,7.2021639373,1.2828235246
2026-03-02,2026-03-03,2026-03-02,2026-03-02,2026-03-02,2026-03-03,2026-03-02,2026-03-02,2026-03-02,2026-03-02,2026-03-02,2026-03-02,2026-03-02,2026-03-02,2026-03-02,2026-02-27,2026-03-02,2026-03-02,2026-03-02,2026-03-02,2026-03-02,2026-03-02,2026-03-02,35095.09,-0.9,316.01,1096220683276,634,1157,141,-38988677076,-41274,-63,-1.460303,0.481452,0.039835,0.355778,7.9556892001429125,0.07999999999999963,0.0900000000000003,0.5799999999999996,0.4102837192432096,0.7888501570040507,-1.3475405572762833,-1.0010691871955468,-2.1429887385517543,0.3825378643036892,-0.06813158083719406,0.004926429483109729,2.985491965260345,-0.7941718911942619,-0.22844014915842648,34323.65,-2.19814225,0,1.175732435,-0.2920156337,0.547968885,125605296419.0,-1.1881392516,-5521.0,-16390.0,3.9138359756,6.1141167546,10.5009478907,1.6730600253,7.2425806132,1.3639598474
2026-03-03,2026-03-04,2026-03-03,2026-03-03,2026-03-03,2026-03-04,2026-03-03,2026-03-03,2026-03-03,2026-03-03,2026-03-03,2026-03-03,2026-03-03,2026-03-03,2026-03-03,2026-03-03,2026-03-03,2026-03-03,2026-03-03,2026-03-03,2026-03-03,2026-03-03,2026-03-03,34323.65,-2.2,308.81,1206390465308,346,1471,121,-94708130956,-40421,-783,-4.329328,-4.577406,-0.944403,-1.020578,9.934697330735043,0.009999999999999787,0.03999999999999959,0.5499999999999998,0.5099596730266498,0.681038643062748,-3.062817923556449,-7.2423177456201415,-1.1196132580329143,-1.5389109566437131,-4.905550237890621,-3.7722425594303832,-1.3316488013346284,-3.8616445259803567,-1.562013321599287,32828.88,-4.35492729,0,1.2837089948,-0.6191524491,0.23521414,-21462899273.0,-2.3175983196,853.0,-12756.0,-1.0869195598,2.1363631359,9.8484399948,-0.9737926391,4.3944015939,1.4142082467
2026-03-04,2026-03-05,2026-03-04,2026-03-04,2026-03-04,2026-03-05,2026-03-04,2026-03-04,2026-03-04,2026-03-04,2026-03-04,2026-03-04,2026-03-04,2026-03-04,2026-03-04,2026-03-04,2026-03-04,2026-03-04,2026-03-04,2026-03-04,2026-03-04,2026-03-04,2026-03-04,32828.88,-4.35,293.8,1113424991903,124,1760,47,-96615044471,-41633,864,1.220513,1.926625,0.775605,1.291447,-10.267289383229638,0.03000000000000025,0.03000000000000025,0.5499999999999998,0.6310429867452783,-0.2826919738155853,-3.613265843189184,-12.057682152301597,-2.0125659645681138,-1.1441401372145998,2.019239437921594,2.0559526914325277,1.6606443675068805,5.823519535845123,1.1757591398368072,33672.94,2.57108985,1,1.1755595268,-0.8683651805,0.0704545455,-126430123896.0,-1.9881846072,-1212.0,-10781.0,-7.2972775306,-2.7962358386,3.4108148156,-4.7673694667,-0.3160435384,1.7372350458
2026-03-05,2026-03-06,2026-03-05,2026-03-05,2026-03-05,2026-03-06,2026-03-05,2026-03-05,2026-03-05,2026-03-05,2026-03-05,2026-03-05,2026-03-05,2026-03-05,2026-03-05,2026-03-05,2026-03-05,2026-03-05,2026-03-05,2026-03-05,2026-03-05,2026-03-05,2026-03-05,33672.94,2.57,304.21,870629293657,1573,265,92,-51495123598,-41134,-378,-1.001571,-1.171526,-0.56467,-0.256452,12.29314623340121,0.040000000000000036,0.029999999999999805,0.56,-0.32772450369655814,0.5568523544102311,1.9034183254412085,9.627093524752262,0.2845974398916207,0.9790067796243251,-1.1067513862873524,-0.9396141174268346,0.1639002746732121,-1.2965854807798327,4.799543442497778,33599.54,-0.21797918,0,0.9231095424,0.7116430903,5.9358490566,-240658804042.0,-0.9394148183,499.0,-11762.0,-4.0522762586,-2.9621202035,5.3546594013,-1.732835521,1.9819353579,1.8115995751
2026-03-06,2026-03-09,2026-03-06,2026-03-06,2026-03-06,2026-03-09,2026-03-06,2026-03-06,2026-03-06,2026-03-06,2026-03-06,2026-03-06,2026-03-06,2026-03-06,2026-03-06,2026-03-06,2026-03-06,2026-03-06,2026-03-06,2026-03-06,2026-03-06,2026-03-06,2026-03-06,33599.54,-0.22,306.49,736654262984,1029,730,167,-35236485371,-38930,-1030,-4.230479,-3.925198,-1.32768,-1.588249,24.168420088918595,0.020000000000000462,-0.009999999999999787,0.5900000000000003,0.8722728245506239,-0.3322612082850118,0.6201036337386112,0.01737521912494877,1.7216672634232877,0.2743298318248488,-4.218971929177828,-3.7409911006930363,-3.010793675101142,-3.519681313548806,-0.6881564152257935,32110.42,-4.43196544,0,0.7857054368,0.1699829449,1.4095890411,-317043461472.0,-0.5610943355,2204.0,-3177.0,-2.1096532566,-5.1210753544,4.7872851363,-0.8980645953,1.523646042,1.8147579632
2026-03-09,2026-03-10,2026-03-09,2026-03-09,2026-03-09,2026-03-10,2026-03-09,2026-03-09,2026-03-09,2026-03-09,2026-03-09,2026-03-09,2026-03-09,2026-03-09,2026-03-09,2026-03-09,2026-03-09,2026-03-09,2026-03-09,2026-03-09,2026-03-09,2026-03-09,2026-03-09,32110.42,-4.43,288.96,840793795227,139,1751,37,-120817164664,-40462,1512,2.894744,3.934396,0.830416,1.376961,-13.530009501817219,-0.03000000000000025,0.0,0.56,-0.3247034292450657,0.19194105011268725,-5.199707702858392,-5.962537946499213,-1.3542889709921346,-0.965144514987093,3.9751429517989934,3.6288621103607976,2.716222232214349,5.326612477333437,4.620548446515138,32771.87,2.05992323,1,0.9022201232,-0.8529100529,0.0793832096,-398871949060.0,-1.9670848263,-1532.0,812.0,-2.1884998818,-8.5045229974,-0.6420586473,-3.5928270639,-2.9454213416,2.075318772
2026-03-10,2026-03-11,2026-03-10,2026-03-10,2026-03-10,2026-03-11,2026-03-10,2026-03-10,2026-03-10,2026-03-10,2026-03-10,2026-03-10,2026-03-10,2026-03-10,2026-03-10,2026-03-10,2026-03-10,2026-03-10,2026-03-10,2026-03-10,2026-03-10,2026-03-10,2026-03-10,32771.87,2.06,297.53,799641729435,1383,451,98,-25085977065,-36856,388,-0.461719,0.700607,-0.213512,0.005069,-2.2352929208792838,0.03000000000000025,0.009999999999999787,0.5800000000000005,-0.0009416103239789919,-0.35289218899390296,2.882057275476657,5.345138404009742,2.170298525681802,1.2848081272371248,0.7253924181186866,0.7505620335539476,1.1606955635476535,0.2713652415794243,-0.916851316770606,34114.19,4.0959518,1,0.8684351017,0.5081788441,3.066518847,-329249795169.0,-0.1320136927,3606.0,3565.0,-2.6759469176,-4.5210226768,-0.0973971934,-0.681461466,-0.9413885021,2.0990223921
2026-03-11,2026-03-12,2026-03-11,2026-03-11,2026-03-11,2026-03-12,2026-03-11,2026-03-11,2026-03-11,2026-03-11,2026-03-11,2026-03-11,2026-03-11,2026-03-11,2026-03-11,2026-03-11,2026-03-11,2026-03-11,2026-03-11,2026-03-11,2026-03-11,2026-03-11,2026-03-11,34114.19,4.1,311.5,781448710247,1586,272,75,37180947646,-40958,-297,2.15218,0.628722,-0.08376,0.083849,-2.8078650395929716,0.05999999999999961,0.07000000000000028,0.5699999999999998,-0.0883622645329818,0.40473694067384436,1.4322645516269716,1.3982665215982237,-0.2355194899826385,0.6361874377735832,0.9680938587798504,0.9312189696405682,0.6819258958169261,0.787288361537275,-0.2948156015044501,33581.86,-1.5604357,0,0.8645245981,0.707212056,5.8308823529,-195453803052.0,1.0139903886,-4102.0,675.0,1.5317173985,3.9151807798,4.8497261671,2.5873680812,2.8706818486,2.2677398167
2026-03-12,2026-03-13,2026-03-12,2026-03-12,2026-03-12,2026-03-13,2026-03-12,2026-03-12,2026-03-12,2026-03-12,2026-03-12,2026-03-12,2026-03-12,2026-03-12,2026-03-12,2026-03-12,2026-03-12,2026-03-12,2026-03-12,2026-03-12,2026-03-12,2026-03-12,2026-03-12,33581.86,-1.56,311.59,889476925661,685,1113,128,-71127587063,-43064,-1070,-5.034411,-3.429118,-1.522768,-1.779134,12.628978254650814,0.05999999999999961,0.11999999999999966,0.5099999999999998,0.11834075149077528,0.5139519193620101,-1.0402658716735402,-0.47594353573423565,-0.7027363535823228,-0.3600795282442393,-3.478614991340012,-3.2167154416754107,-1.5535125563684415,-3.4614052016357033,-1.6394899971999277,33400.32,-0.54058947,0,0.992432157,-0.2380422692,0.6154537287,-215086266517.0,-0.9787052771,-2106.0,-1930.0,4.5824377258,-0.2704842523,4.7346614167,1.0419076233,1.0341922529,2.2719483514
2026-03-13,2026-03-16,2026-03-13,2026-03-13,2026-03-13,2026-03-16,2026-03-13,2026-03-13,2026-03-13,2026-03-13,2026-03-13,2026-03-13,2026-03-13,2026-03-13,2026-03-13,2026-03-13,2026-03-13,2026-03-13,2026-03-13,2026-03-13,2026-03-13,2026-03-13,2026-03-13,33400.32,-0.54,312.9,841368190637,752,1023,158,-58017304543,-40347,-489,0.475188,0.045403,-0.605912,-0.926054,-0.36643597696923713,0.010000000000000675,-0.029999999999999805,0.5500000000000003,0.26499563387061276,0.6216189691811147,-1.163116847267398,-1.7196035575157809,-0.9766399754051469,-0.3929532986191919,0.34222867877806706,-0.2061212223951725,-1.5780274103308733,-2.1998614254443383,-4.110485313693757,33342.51,-0.17308217,0,0.9382840218,-0.1526760563,0.7350928641,-237867085689.0,-0.7236738524,2717.0,-1417.0,1.9176507169,-0.5929247841,5.6168995539,0.6163081447,0.2202168136,2.2492675501
2026-03-16,2026-03-17,2026-03-16,2026-03-16,2026-03-16,2026-03-17,2026-03-16,2026-03-16,2026-03-16,2026-03-16,2026-03-16,2026-03-16,2026-03-16,2026-03-16,2026-03-16,2026-03-16,2026-03-16,2026-03-16,2026-03-16,2026-03-16,2026-03-16,2026-03-16,2026-03-16,33342.51,-0.17,317.19,851246326595,964,804,163,-43825438238,-38512,421,0.567531,1.956416,1.013088,1.216087,-13.534388499059757,-0.04999999999999982,-0.04999999999999982,0.5500000000000003,0.8380462709563163,-0.6476699102489492,-0.12720444888959515,1.1410082410649336,1.4467357043474793,0.05182799839245078,1.964861494668635,1.7013985707092116,1.647712189016981,1.6495177886520107,0.8567201807334834,33836.57,1.48177207,1,0.9544006468,0.0904977376,1.1990049751,-160875359263.0,-0.4174042588,1835.0,1950.0,-2.2620498977,3.8370410602,3.563091079,-0.2979473509,-0.1251367185,2.2241659601
2026-03-17,2026-03-18,2026-03-17,2026-03-17,2026-03-17,2026-03-18,2026-03-17,2026-03-17,2026-03-17,2026-03-17,2026-03-17,2026-03-17,2026-03-17,2026-03-17,2026-03-17,2026-03-17,2026-03-17,2026-03-17,2026-03-17,2026-03-17,2026-03-17,2026-03-17,2026-03-17,33836.57,1.48,321.03,989759879854,1221,557,153,472382101,-36158,300,1.690033,0.520634,0.249425,0.470854,-4.848997782007491,-0.03000000000000025,0.0,0.52,-0.6781109201310698,-0.13037534310660348,-0.09443112189317926,1.6330149682920903,0.13362044264246808,-0.7303795040531025,0.7163406221835533,0.7514194136320818,-0.704076266961684,-0.13735083423845884,-1.1110475563068212,34348.58,1.51318529,1,1.0982129917,0.3734533183,2.1921005386,-135317000097.0,0.4080714991,2354.0,698.0,0.7584749624,3.2488228472,4.7902418751,0.539234927,1.1205254114,2.241670207
2026-03-18,2026-03-19,2026-03-18,2026-03-18,2026-03-18,2026-03-19,2026-03-18,2026-03-18,2026-03-18,2026-03-18,2026-03-18,2026-03-18,2026-03-18,2026-03-18,2026-03-18,2026-03-18,2026-03-18,2026-03-18,2026-03-18,2026-03-18,2026-03-18,2026-03-18,2026-03-18,34348.58,1.51,329.4,1056258559653,1013,756,164,9020754435,-34549,-661,-1.852709,-0.532105,-1.360757,-1.455143,12.159138181989015,0.05999999999999961,0.07999999999999963,0.5,-0.18782115046350745,0.5121455085943749,2.8659154888596383,5.044779977463065,0.6064542686232244,0.45046700297353137,-0.5760445128811575,-0.8088065449469939,-0.8409821584632771,1.604609645177768,-1.6743969760329103,33689.68,-1.91827435,0,1.156085037,0.1452798191,1.3399470899,-163477193308.0,0.4989356618,1609.0,6409.0,2.8390745957,0.687074792,8.0100889053,1.9186179276,2.2614270667,2.2189395603
2026-03-19,2026-03-20,2026-03-19,2026-03-19,2026-03-19,2026-03-20,2026-03-19,2026-03-19,2026-03-19,2026-03-19,2026-03-19,2026-03-19,2026-03-19,2026-03-19,2026-03-19,2026-03-19,2026-03-19,2026-03-19,2026-03-19,2026-03-19,2026-03-19,2026-03-19,2026-03-19,33689.68,-1.92,329.79,1037958228213,469,1341,110,-90947630537,-40825,223,-0.229702,0.874519,-0.27488,-0.278662,-4.105223915430189,-0.009999999999999787,0.03000000000000025,0.45999999999999996,0.45852337777712027,-0.8592197146793823,-3.37959362394622,-2.7309494834587222,-2.0166431332347523,-1.6117380448750884,0.5646054018340063,0.3175248196112479,-1.0199536586162128,2.9128634127283615,1.2376171154227622,33543.88,-0.43277348,0,1.1217122511,-0.4817679558,0.3497390007,-183297236782.0,-1.2455789602,-6276.0,2239.0,1.0412233512,0.3210661947,5.9993229068,-0.1003809447,0.0158901792,2.2749273295
2026-03-20,2026-03-23,2026-03-20,2026-03-20,2026-03-20,2026-03-23,2026-03-20,2026-03-20,2026-03-20,2026-03-20,2026-03-20,2026-03-20,2026-03-20,2026-03-20,2026-03-19,2026-03-20,2026-03-20,2026-03-20,2026-03-20,2026-03-20,2026-03-20,2026-03-20,2026-03-20,33543.88,-0.43,328.4,1210134774946,781,991,147,-40311039107,-36366,-822,-2.818861,-2.450497,-1.513818,-2.005732,11.305075981208423,0.13999999999999968,0.08999999999999986,0.5099999999999998,-0.7152438188559485,0.4232572354498032,-3.37959362394622,0.3119780226762847,-0.8755085764363346,-0.35411510322914674,-2.260435674742556,-2.5777430485229624,-3.2818104225324163,-1.9194243481266637,-2.9170793769047854,32722.5,-2.4486732,0,1.2756056263,-0.118510158,0.7880928355,-165590971346.0,-0.2800994838,4459.0,3981.0,-0.8650108448,0.4298162413,3.5157332504,-0.617333769,-0.585070983,2.2483309733
2026-03-23,2026-03-24,2026-03-23,2026-03-23,2026-03-23,2026-03-24,2026-03-23,2026-03-23,2026-03-23,2026-03-23,2026-03-23,2026-03-23,2026-03-23,2026-03-23,2026-03-23,2026-03-23,2026-03-23,2026-03-23,2026-03-23,2026-03-23,2026-03-23,2026-03-23,2026-03-23,32722.5,-2.45,317.02,800642572317,298,1546,82,-83922601792,-37717,1059,2.797358,1.33653,1.14532,1.38191,-2.3525057952272554,-0.04999999999999982,-0.04999999999999982,0.5099999999999998,0.6905285819817086,-0.7024631880762522,-3.4793983445370102,-6.494329596420512,-3.540128456308256,-3.2629596299984076,1.227026691660038,1.7206412863801201,1.7023755028133358,0.6705363495001615,3.864609713889,32612.24,-0.33695469,0,0.8426680543,-0.6767895879,0.1927554981,-205688134900.0,-0.9843645128,-1351.0,795.0,-4.7340530526,-1.8595180747,-1.05968711,-2.6933968181,-2.969024783,2.2761128325
2026-03-24,2026-03-25,2026-03-24,2026-03-24,2026-03-24,2026-03-25,2026-03-24,2026-03-24,2026-03-24,2026-03-24,2026-03-24,2026-03-24,2026-03-24,2026-03-24,2026-03-24,2026-03-24,2026-03-24,2026-03-24,2026-03-24,2026-03-24,2026-03-24,2026-03-24,2026-03-24,32612.24,-0.34,312.74,839171313689,743,1008,172,-12305739413,-34108,678,1.418227,1.281081,-0.374257,-0.842353,3.059277843515873,0.04999999999999982,0.06999999999999984,0.48999999999999977,-0.49873146018064585,0.48509688907283355,1.4302358248600155,2.74096881792536,2.7939754041730103,1.2838437040233242,1.3161391378174292,0.825329902704941,-0.2505138026276832,1.3272165673053449,-1.308486897436112,33439.11,2.53545908,1,0.8795690337,-0.1513420902,0.7371031746,-218466256414.0,0.4643297962,3609.0,2050.0,-3.1981307035,-3.6183632088,-2.9562535652,-2.3099401331,-3.1533246767,2.2454054094
2026-03-25,2026-03-26,2026-03-25,2026-03-25,2026-03-25,2026-03-26,2026-03-25,2026-03-25,2026-03-25,2026-03-25,2026-03-25,2026-03-25,2026-03-25,2026-03-25,2026-03-25,2026-03-25,2026-03-25,2026-03-25,2026-03-25,2026-03-25,2026-03-25,2026-03-25,2026-03-25,33439.11,2.54,324.87,758143248450,1483,319,124,37474763788,-35947,177,1.310998,1.207209,0.541912,0.771669,-6.011134669284157,-0.05999999999999961,-0.06000000000000005,0.4900000000000002,0.20024107948439784,0.17097271288699645,2.865597076204218,1.5896887298420648,1.0861850502859038,1.4023223126184092,1.2403997192547367,1.1226824594883666,1.9862989658425256,7.255202565872021,0.16336956854192675,33337.62,-0.30350688,0,0.8055982533,0.6459489456,4.6489028213,-190012247061.0,1.3962464345,-1839.0,-1398.0,-0.3123371536,-2.6477659338,-0.9893921996,0.7157150395,-0.6485233286,2.3164312945
2026-03-26,2026-03-27,2026-03-26,2026-03-26,2026-03-26,2026-03-27,2026-03-26,2026-03-26,2026-03-26,2026-03-26,2026-03-26,2026-03-26,2026-03-26,2026-03-26,2026-03-26,2026-03-26,2026-03-26,2026-03-26,2026-03-26,2026-03-26,2026-03-26,2026-03-26,2026-03-26,33337.62,-0.3,322.8,958728620585,628,1108,153,-7920352703,-37065,-634,-6.222865,-4.79282,-1.740617,-2.379136,8.330045861456314,0.08999999999999986,0.1200000000000001,0.45999999999999996,0.03163401045052083,0.301207887905508,-0.27157894935742055,-3.2212555232489226,-1.8926448230135007,-1.3210098766359368,-4.7501792603865,-4.556160888260241,-4.163861365338873,-7.490806591890964,-2.945322983208387,33112.59,-0.67500319,0,1.0187933576,-0.2764976959,0.5667870036,-106984969227.0,0.632348465,-1118.0,3760.0,1.8798074719,-1.0450084418,-3.928437426,0.6234329287,-0.749067573,2.2278051217
2026-03-27,2026-03-30,2026-03-27,2026-03-27,2026-03-27,2026-03-30,2026-03-27,2026-03-27,2026-03-27,2026-03-27,2026-03-27,2026-03-27,2026-03-29,2026-03-27,2026-03-27,2026-03-27,2026-03-27,2026-03-27,2026-03-27,2026-03-27,2026-03-27,2026-03-27,2026-03-27,33112.59,-0.68,325,794131308725,773,919,198,-36355548400,-39919,-882,0.193188,-1.689987,-1.672184,-2.147417,13.155971693667867,0.020000000000000462,-0.08000000000000007,0.5600000000000005,0.14719379020335932,0.2502502464279077,-0.43015378938029425,-0.395385075697785,0.3840099848410716,0.5592377999474651,-1.6329618420311443,-1.7303845187635725,-2.172390271764868,-0.8735332688695641,-2.8246462325212107,32518.16,-1.79517821,0,0.8598112646,-0.0862884161,0.8411316649,-103029478520.0,0.1125078943,-2854.0,-3553.0,1.534239905,-1.2857486969,-6.4961326426,0.2051093527,-1.0802707112,2.1699877744
2026-03-30,2026-03-31,2026-03-30,2026-03-30,2026-03-30,2026-03-31,2026-03-30,2026-03-30,2026-03-30,2026-03-30,2026-03-30,2026-03-30,2026-03-30,2026-03-30,2026-03-30,2026-03-30,2026-03-30,2026-03-30,2026-03-30,2026-03-30,2026-03-30,2026-03-30,2026-03-30,32518.16,-1.8,320.4,785213255242,432,1374,109,-63936723763,-37282,-449,-3.133987,-4.228396,-0.394575,-0.733799,-1.4170648551379394,-0.09000000000000075,-0.06000000000000005,0.5299999999999998,0.1938961860005195,0.3594614127474971,-2.7864590537743372,-2.9706595123391133,-0.8059183915165469,-0.2358570620965894,-4.232101513680508,-3.131596852559282,-1.4028211816980884,-2.945696343986992,-2.417849271903838,31722.99,-2.44531056,0,0.8647143844,-0.5215946844,0.3144104803,-83043600491.0,-0.4987809211,2637.0,435.0,-2.7541103815,-0.6244632898,-7.342708054,-1.4718968133,-2.4806918013,2.1908200051
2026-03-31,2026-04-01,2026-03-31,2026-03-31,2026-03-31,2026-04-01,2026-03-31,2026-03-31,2026-03-31,2026-03-31,2026-03-31,2026-03-31,2026-03-31,2026-03-31,2026-03-31,2026-03-31,2026-03-31,2026-03-31,2026-03-31,2026-03-31,2026-03-31,2026-03-31,2026-03-31,31722.99,-2.45,307.73,993835908674,249,1587,90,-80745514607,-37214,1130,6.777255,6.242642,2.913114,3.827862,-17.510619090085676,-0.04999999999999982,-0.029999999999999805,0.5099999999999998,-0.31555578204207624,-0.5472122575545746,-1.5845028803462613,-4.2605092011313905,0.1509105928125365,-0.9327884059962321,6.09122134242468,5.756763629895589,5.588179348466227,3.769638666974573,5.48720422022706,33174.82,4.57658625,1,1.1074206137,-0.7287581699,0.156899811,-151483375685.0,-0.92059449,68.0,-3106.0,-4.8432671558,-2.7267369552,-7.576874837,-3.3604485505,-4.4929038398,2.2018432289
2026-04-01,2026-04-02,2026-04-01,2026-04-01,2026-04-01,2026-04-02,2026-04-01,2026-04-01,2026-04-01,2026-04-01,2026-04-01,2026-04-01,2026-04-01,2026-04-01,2026-04-01,2026-04-01,2026-04-01,2026-04-01,2026-04-01,2026-04-01,2026-04-01,2026-04-01,2026-04-01,33174.82,4.58,321.19,743277794644,1619,209,96,23251318053,-31373,178,1.047486,2.821616,0.716852,1.159384,-2.8118775622679504,0.03000000000000025,0.020000000000000018,0.52,0.20069684313648306,-0.3101216100770299,5.240434897820667,8.436291186282062,2.040849612434381,1.708295926287695,3.0061476214702454,2.2352653783642484,0.7740860956204632,3.332848784442355,1.2858971739763136,32572.43,-1.81580488,0,0.8456662094,0.7713347921,7.7464114833,-165706821420.0,1.382201282,5841.0,4574.0,0.187934559,-0.7903619444,1.0537672927,1.225341312,-0.1739239966,2.2532470614
2026-04-02,2026-04-07,2026-04-02,2026-04-02,2026-04-02,2026-04-07,2026-04-06,2026-04-06,2026-04-06,2026-04-06,2026-04-06,2026-04-06,2026-04-06,2026-04-06,2026-04-06,2026-04-06,2026-04-02,2026-04-03,2026-04-06,2026-04-06,2026-04-06,2026-04-06,2026-04-06,32572.43,-1.82,317.9,819279309478,430,1353,139,-38695561840,-34855,372,0.802266,1.055989,0.442678,0.535487,1.2568044680059565,-0.009999999999999787,0.0,0.5,-0.15330159053532633,-0.04998042884474252,0.546258191317639,1.3581216612441382,-0.7017466371873393,-0.8511025195338195,1.322110934784515,0.9329128246790441,0.14093240930164175,1.2321805405890895,-0.03814818688420152,33229.82,2.01824058,1,0.9348680437,-0.5176668536,0.317812269,-196482030557.0,-0.0847207839,-3482.0,2210.0,0.1668913616,-2.2952748277,-3.2682325927,-0.1464368794,-1.8240141223,2.2130146595
2026-04-07,2026-04-08,2026-04-07,2026-04-07,2026-04-07,2026-04-08,2026-04-07,2026-04-07,2026-04-07,2026-04-07,2026-04-07,2026-04-07,2026-04-07,2026-04-07,2026-04-07,2026-04-07,2026-04-02,2026-04-07,2026-04-07,2026-04-07,2026-04-07,2026-04-07,2026-04-07,33229.82,2.02,325.61,706998377439,904,831,194,10096606744,-31350,318,1.041666,1.108629,0.075925,0.097788,6.661152690399286,-0.009999999999999787,-0.029999999999999805,0.52,-0.06266985661774749,-0.34007197026322267,0.029728163914000127,0.8155415615955119,-0.7017466371873393,-0.0038263884017286642,1.063645334841512,0.9899446440218451,0.25895446715138437,0.6131375004192696,6.2144226060108165,34761.38,4.60899277,1,0.8081131826,0.042074928,1.0878459687,-150029875413.0,0.9832544486,3505.0,8569.0,4.7499620937,0.3540345228,-1.1003722075,1.7956818791,0.2132506098,2.2622761486
2026-04-08,2026-04-09,2026-04-08,2026-04-08,2026-04-08,2026-04-09,2026-04-08,2026-04-08,2026-04-08,2026-04-08,2026-04-08,2026-04-08,2026-04-08,2026-04-08,2026-04-08,2026-04-08,2026-04-08,2026-04-08,2026-04-08,2026-04-08,2026-04-08,2026-04-08,2026-04-08,34761.38,4.61,341.2,1000955375600,1499,316,116,117772619736,-32478,192,5.959686,6.335058,2.508141,2.802911,-18.386344627110763,-0.040000000000000036,-0.020000000000000018,0.5,-0.5443006460909006,-0.5118447805645521,5.38814722977472,6.871250047430499,3.091550688381184,3.4891510040805374,6.510232198957477,5.7564440816692874,2.234697131467711,4.644972961505522,4.988473096749679,34861.16,0.28704269,1,1.1337343515,0.6517906336,4.7436708861,31679468086.0,2.7677476423,-1128.0,4804.0,4.7824223312,6.8983607929,8.2557624597,5.043749166,4.4146917774,2.2406544947
2026-04-09,2026-04-10,2026-04-09,2026-04-09,2026-04-09,2026-04-10,2026-04-09,2026-04-09,2026-04-09,2026-04-09,2026-04-09,2026-04-09,2026-04-09,2026-04-09,2026-04-09,2026-04-09,2026-04-09,2026-04-09,2026-04-09,2026-04-09,2026-04-09,2026-04-09,2026-04-09,34861.16,0.29,342.57,1063402576065,742,1023,150,31779629982,-33399,298,-0.112053,2.098602,0.617002,0.828053,-7.366925270736524,0.0,-0.010000000000000231,0.5100000000000002,0.01702281183058041,-0.3127182156590469,-0.7336408102806558,-1.6063456924312103,-0.5430774130274263,-0.6384389144285962,2.221925248904877,1.7473715823860259,1.0050537196021558,2.079195890408436,1.2206595897938932,35417.83,1.59682007,1,1.1867384483,-0.1592067989,0.7253176931,144204612675.0,0.9698752636,-921.0,3815.0,7.0265865949,9.8924155636,6.3752541433,3.3844621586,4.3868553535,2.2089558517
2026-04-10,2026-04-13,2026-04-10,2026-04-10,2026-04-10,2026-04-13,2026-04-10,2026-04-10,2026-04-10,2026-04-10,2026-04-10,2026-04-10,2026-04-12,2026-04-10,2026-04-10,2026-04-10,2026-04-10,2026-04-10,2026-04-10,2026-04-10,2026-04-10,2026-04-10,2026-04-10,35417.83,1.6,349.5,1061370679008,965,793,169,28808271208,-34403,20,1.398127,2.305071,-0.113852,0.352595,-1.3340186348648642,0.019999999999999574,0.03000000000000025,0.49999999999999956,0.1298647737427494,-0.17202810106283772,1.8405638553428805,1.3994498943833644,0.5480602574289728,1.5406530142000108,2.1049576414763793,1.526807966697108,2.5664733438725884,3.549693170279733,4.688508060962238,35457.29,0.11141281,1,1.1662546909,0.0978384528,1.2168978562,149761565830.0,0.9277644398,-1004.0,-3030.0,6.5844774362,6.7611821255,3.8214010064,3.6563066055,5.8471349105,2.0581275587
2026-04-13,2026-04-14,2026-04-13,2026-04-13,2026-04-13,2026-04-14,2026-04-13,2026-04-13,2026-04-13,2026-04-13,2026-04-13,2026-04-13,2026-04-13,2026-04-13,2026-04-13,2026-04-13,2026-04-13,2026-04-13,2026-04-13,2026-04-13,2026-04-13,2026-04-13,2026-04-13,35457.29,0.11,352.23,983591310054,1014,789,130,-16178656824,-35996,567,-0.277927,1.683828,1.017327,1.226263,-0.5720161498773413,-0.009999999999999787,-0.03000000000000025,0.52,-0.39601185393721705,-0.28383048653417564,-0.7401781922916517,-0.8576739029013014,-0.8986390487733309,0.20684110009852041,1.7434014816260168,1.4786649383990325,0.36049019677633076,0.73049648790664,2.206974155951369,36296.12,2.36574764,1,1.0752294842,0.1247920133,1.2851711027,172278470846.0,-0.0091775177,-1593.0,-1141.0,2.0019630981,8.8567540094,5.584651952,2.0485935789,5.668936984,2.0181414658
2026-04-14,2026-04-15,2026-04-14,2026-04-14,2026-04-14,2026-04-15,2026-04-14,2026-04-14,2026-04-14,2026-04-14,2026-04-14,2026-04-14,2026-04-14,2026-04-14,2026-04-14,2026-04-14,2026-04-14,2026-04-14,2026-04-14,2026-04-14,2026-04-14,2026-04-14,2026-04-14,36296.12,2.37,356,1207957274725,1063,717,159,68907903398,-36664,348,2.792436,2.04215,1.178287,1.964048,-3.9748964201003045,-0.040000000000000036,-0.020000000000000018,0.5,-0.3925227774549067,-0.25414251603107507,2.432838434565121,2.739547080065363,0.8240986029072861,1.186348017558192,2.008439001890383,1.9533549270634998,3.8032840531909473,3.338332225433449,0.271230751625251,36722.14,1.17373427,1,1.2945596453,0.1943820225,1.4825662483,231089767500.0,1.5123520418,-668.0,-5314.0,4.1162141478,9.2275552501,8.6699768146,2.6510095547,7.7040548294,2.0572009681
2026-04-15,2026-04-16,2026-04-15,2026-04-15,2026-04-15,2026-04-16,2026-04-15,2026-04-15,2026-04-15,2026-04-15,2026-04-15,2026-04-15,2026-04-15,2026-04-15,2026-04-15,2026-04-15,2026-04-15,2026-04-15,2026-04-15,2026-04-15,2026-04-15,2026-04-15,2026-04-15,36722.14,1.17,359.86,1217856750058,993,774,168,55350193810,-36783,241,-1.260894,0.164459,0.797578,1.594561,-1.0348612622076536,0.03000000000000025,0.0,0.5300000000000002,0.22210138777056798,-0.06115489839850774,0.4437789151797933,2.0718048966319014,0.2898850937763209,-0.3409664152910441,0.15451977177682874,0.22123893805310324,1.2009570384825752,1.1957453661307627,4.18614488484339,37132.02,1.11616589,1,1.2800231803,0.1239388795,1.2829457364,168667341574.0,1.1285059293,-119.0,-4305.0,3.6826366833,5.640627616,10.1360995318,2.7166638677,8.4245401869,2.058153992
2026-04-16,2026-04-17,2026-04-16,2026-04-16,2026-04-16,2026-04-17,2026-04-16,2026-04-16,2026-04-16,2026-04-16,2026-04-16,2026-04-16,2026-04-16,2026-04-16,2026-04-16,2026-04-16,2026-04-16,2026-04-16,2026-04-16,2026-04-16,2026-04-16,2026-04-16,2026-04-16,37132.02,1.12,365.96,1152112086077,1166,596,150,44007512110,-39683,-506,-3.132498,0.974746,0.260996,0.360924,-1.2658202601573132,0.03000000000000025,0.020000000000000018,0.5400000000000005,-0.09180779659778704,0.1631691475555641,2.3808715886218357,2.2106557771931934,1.722487901418046,1.096203260898565,1.0177741015668929,0.39734829866859833,-0.26147182905368327,7.802578269573357,0.44111715936057116,36804.34,-0.88247286,0,1.2006783659,0.3234960272,1.9563758389,180895223702.0,0.8564172045,-2900.0,-6284.0,4.7232318093,6.5140115819,9.7393145936,2.5602484513,9.1039453989,2.0510073486
2026-04-17,2026-04-20,2026-04-17,2026-04-17,2026-04-17,2026-04-20,2026-04-17,2026-04-17,2026-04-17,2026-04-17,2026-04-17,2026-04-17,2026-04-19,2026-04-17,2026-04-17,2026-04-17,2026-04-17,2026-04-17,2026-04-17,2026-04-17,2026-04-17,2026-04-17,2026-04-17,36804.34,-0.88,372.34,1167548576997,912,870,158,-2039543335,-41151,664,1.967798,2.428146,1.204046,1.517595,-2.564108016318145,-0.0600000000000005,-0.06999999999999984,0.5499999999999998,-0.28518965390006423,-0.12217750467380384,-1.7514625054842914,-0.548178763150986,-0.8862900099386839,-0.16762920391230063,2.404231790752931,2.058051037899644,1.6788436953854902,0.04672064912309981,2.0252484000041315,36958.8,0.41967877,1,1.2097501458,0.0235690236,1.0482758621,150047409159.0,0.0140142118,-1468.0,-6748.0,1.4002047602,3.9147231776,7.1495240851,0.8825026831,7.7523788656,2.0575000008
2026-04-20,2026-04-21,2026-04-20,2026-04-20,2026-04-20,2026-04-21,2026-04-20,2026-04-20,2026-04-20,2026-04-20,2026-04-20,2026-04-20,2026-04-20,2026-04-20,2026-04-20,2026-04-20,2026-04-20,2026-04-20,2026-04-20,2026-04-20,2026-04-20,2026-04-20,2026-04-20,36958.8,0.42,383.5,1175992655695,856,947,140,4346379017,-42618,381,-1.1498,0.453439,-0.237437,-0.261928,7.951952708227816,0.0,0.010000000000000231,0.5399999999999996,-0.15571306004650287,-0.050963734088604884,0.5968137246715521,0.438796402695929,0.76734595387562,0.6084167431132936,0.44261537507199744,-0.043091219720181595,0.18841972263623497,-1.2356773807962962,-1.6997106107321414,37605.11,1.74873102,1,1.2098475929,-0.0504714365,0.903907075,170572445000.0,0.0475332152,-1467.0,-6622.0,0.6444613522,4.2347003959,9.703624374,0.4788013838,7.689244205,1.9896481701
2026-04-21,2026-04-22,2026-04-21,2026-04-21,2026-04-21,2026-04-22,2026-04-21,2026-04-21,2026-04-21,2026-04-21,2026-04-21,2026-04-21,2026-04-21,2026-04-21,2026-04-21,2026-04-21,2026-04-21,2026-04-21,2026-04-21,2026-04-21,2026-04-21,2026-04-21,2026-04-21,37605.11,1.75,390.57,1277092837342,995,789,161,60153727909,-41295,-144,0.502402,0.500041,-0.634822,-0.591818,3.338628154465928,0.040000000000000036,0.05999999999999961,0.52,0.20051473340130244,0.3671602235050697,0.8912575007443913,2.7235556222744206,0.4795334739881918,0.2219693516641419,0.7544065396127841,0.15087770926882627,-1.078883847432044,3.4697136220384506,0.635590049267365,37878.47,0.72692248,1,1.3093485182,0.115470852,1.2610899873,161818269511.0,1.0515640426,1323.0,-4631.0,1.2740755822,3.6064185373,12.107215981,1.5133913871,8.9279417486,1.9962011961
2026-04-22,2026-04-23,2026-04-22,2026-04-22,2026-04-22,2026-04-23,2026-04-22,2026-04-22,2026-04-22,2026-04-22,2026-04-22,2026-04-22,2026-04-22,2026-04-22,2026-04-22,2026-04-22,2026-04-22,2026-04-22,2026-04-22,2026-04-22,2026-04-22,2026-04-22,2026-04-22,37878.47,0.73,395.08,1208119399561,944,863,135,11609397320,-42555,530,5.259731,2.716429,1.046008,1.638953,-2.974358583107972,0.0,0.010000000000000231,0.5099999999999998,-0.04828048118112882,0.18290079167078144,0.3988050591480885,0.4611426514762318,-1.2241263745622732,0.6633784146916843,2.6313231484274224,2.619115657521931,1.3107839969903834,6.668073349461201,5.092368845254547,37714.15,-0.43380844,0,1.2132893067,0.0448256779,1.0938586327,118077473021.0,-0.0034664926,-1260.0,-5772.0,2.9184873306,3.1488633288,15.7566506227,1.6169279822,8.9065086113,1.8702899034
2026-04-23,2026-04-24,2026-04-23,2026-04-23,2026-04-23,2026-04-24,2026-04-23,2026-04-23,2026-04-23,2026-04-23,2026-04-23,2026-04-23,2026-04-23,2026-04-23,2026-04-23,2026-04-23,2026-04-23,2026-04-23,2026-04-23,2026-04-23,2026-04-23,2026-04-23,2026-04-23,37714.15,-0.43,381.32,1720721090865,263,1601,73,-2754993997,-44027,196,-1.233739,1.708509,-0.413287,-0.888451,2.061307547969271,0.040000000000000036,0.040000000000000036,0.5099999999999998,0.2008465924816294,0.21301016499426506,-0.7478769475245173,0.901846564659059,-0.9480515922454691,-0.277100630928373,2.1377148067685203,1.0527902339651174,-1.4123459804205263,0.6162245995661397,-0.6411904635545418,38932.4,3.23021996,1,1.6548316172,-0.7178111588,0.1642723298,71314966914.0,-0.3271997932,-1472.0,-4344.0,2.0437622434,1.5677304924,15.6441569178,0.8610785776,7.644555461,1.8732251936
2026-04-24,2026-04-27,2026-04-24,2026-04-24,2026-04-24,2026-04-27,2026-04-24,2026-04-24,2026-04-24,2026-04-24,2026-04-24,2026-04-24,2026-04-26,2026-04-24,2026-04-24,2026-04-24,2026-04-24,2026-04-24,2026-04-24,2026-04-24,2026-04-24,2026-04-24,2026-04-24,38932.4,3.23,381.54,1306565942162,590,1219,121,43907871828,-40633,544,5.174303,4.31698,0.797369,1.628985,-3.107200404267052,-0.03000000000000025,-0.050000000000000266,0.5299999999999998,-0.28544291350430795,-0.29352318478717,0.973870433349644,-0.0027822894683393606,0.24260316588464725,-0.3543416492525764,4.6712031980761015,5.103247074071415,4.322783464835034,13.91281985212871,0.67152624370721,39616.63,1.7574822,1,1.2242503408,-0.3477059149,0.4840032814,117262382077.0,0.6806110467,3394.0,518.0,3.5295469153,5.7820898296,16.4277398531,2.9473274824,10.2573451136,1.9121126929
2026-04-27,2026-04-28,2026-04-27,2026-04-27,2026-04-27,2026-04-28,2026-04-27,2026-04-27,2026-04-27,2026-04-27,2026-04-27,2026-04-27,2026-04-27,2026-04-27,2026-04-27,2026-04-27,2026-04-27,2026-04-27,2026-04-27,2026-04-27,2026-04-27,2026-04-27,2026-04-27,39616.63,1.76,377.05,1383871620421,481,1346,109,-51196158919,-44223,-202,0.626154,-1.004599,0.123238,0.203329,-3.6878602911403213,0.040000000000000036,0.0,0.5699999999999998,0.04993443489185179,-0.030452521212398498,1.3751376792643155,2.1526848332351856,-0.20178527983187866,0.03312970237527857,-1.3409883794538113,-0.035540769866826416,4.004415502378422,-3.7894231817073853,-1.0786255684689272,39521.73,-0.23954587,0,1.2713627473,-0.4734537493,0.3573551263,61719844141.0,-1.2850511137,-3590.0,-1605.0,4.588780909,7.1913319697,18.8346078694,3.3045617042,11.2063469362,1.9063916086
2026-04-28,2026-04-29,2026-04-28,2026-04-28,2026-04-28,2026-04-29,2026-04-28,2026-04-28,2026-04-28,2026-04-28,2026-04-28,2026-04-28,2026-04-28,2026-04-28,2026-04-28,2026-04-28,2026-04-28,2026-04-28,2026-04-28,2026-04-28,2026-04-28,2026-04-28,2026-04-28,39521.73,-0.24,382.06,1243375634842,1113,648,165,-39298034950,-45869,-272,-3.121145,-3.578579,-0.489417,-0.897247,-1.0543869546671303,0.010000000000000675,0.06000000000000005,0.5200000000000005,0.18216274879112593,0.1421602202236194,-1.0239931901555588,0.39289670975208857,-0.9483700121132199,-0.26703767286268,-3.66702796880628,-2.9727843440595536,-1.588108781548958,-3.4127284646018663,-4.3926411043889395,39303.5,-0.55217725,0,1.1191933813,0.2640545145,1.7175925926,-37731918718.0,-1.0306021659,-1646.0,-4574.0,4.7928430045,5.0967009537,19.3555985805,2.0371791508,9.9509013653,1.890879668
2026-04-29,2026-04-30,2026-04-29,2026-04-29,2026-04-29,2026-04-30,2026-04-29,2026-04-29,2026-04-29,2026-04-29,2026-04-29,2026-04-29,2026-04-29,2026-04-29,2026-04-28,2026-04-29,2026-04-29,2026-04-29,2026-04-29,2026-04-29,2026-04-29,2026-04-29,2026-04-29,39303.5,-0.55,382.75,1084549372889,891,850,191,-48147448725,-47074,-142,0.37977,2.34884,-0.039917,0.038272,5.496351914917064,0.05999999999999961,0.08000000000000007,0.5,0.3601646494638011,0.304193281290166,-1.0239931901555588,0.7510876742699679,1.6824932250394387,1.0957931059535797,2.571174351850125,1.7039545739681694,-1.838907070702589,4.300607736136852,1.4056038375075408,38926.63,-0.95887135,0,0.9632529676,0.0235496841,1.0482352941,-97488764763.0,-1.2600923594,-1205.0,-4519.0,0.9531906587,3.7621107716,20.8663097789,0.7325345468,8.3213826398,1.8201714186
2026-04-30,2026-05-04,2026-04-30,2026-04-30,2026-04-30,2026-05-04,2026-05-01,2026-05-01,2026-05-01,2026-05-01,2026-05-01,2026-05-01,2026-05-03,2026-05-01,2026-05-01,2026-04-30,2026-04-30,2026-04-30,2026-05-01,2026-05-01,2026-05-01,2026-05-01,2026-05-01,38926.63,-0.96,384.58,1273567809007,642,1152,144,-53561725108,-44044,761,0.406508,0.872451,0.292833,0.89236,0.592068591376127,-0.010000000000000675,0.0,0.5099999999999998,-0.047513033458257414,0.13254205851453982,0.38491948969949785,-1.3754470474743319,-1.2841322131318833,-0.06319787543075384,0.9340320595939255,0.6117789106503846,-0.5612117727474941,1.7066824105659073,0.92231180582798,40705.14,4.5688774,1,1.1172526317,-0.2842809365,0.5572916667,-148295495874.0,-1.4779196794,3030.0,-17.0,-1.7416928194,3.2149206598,22.7079477691,-0.8495835144,6.2282240407,1.7060313905
2026-05-04,2026-05-05,2026-05-04,2026-05-04,2026-05-04,2026-05-05,2026-05-04,2026-05-04,2026-05-04,2026-05-04,2026-05-04,2026-05-04,2026-05-04,2026-05-04,2026-05-01,2026-05-04,2026-05-04,2026-04-30,2026-05-04,2026-05-04,2026-05-04,2026-05-04,2026-05-04,40705.14,4.57,398.25,1214559543798,1013,790,143,66975700753,-43504,-268,0.990764,-0.572702,-0.406219,-0.185705,7.651566579883617,0.0600000000000005,0.07000000000000028,0.5,0.13943942787038033,0.2647410026008101,0.38491948969949785,5.123909262993798,1.2389238241578004,-0.06319787543075384,-0.7922710555890999,-0.594327161697672,0.015116543088034007,-5.269872843427493,-1.1346370093874403,40769.29,0.1575968,1,1.0439073969,0.123682751,1.282278481,-125227666949.0,1.1348741905,540.0,-2871.0,2.9943274244,4.5533797043,22.6989023603,2.752547121,9.9519191271,1.7052336345
2026-05-05,2026-05-06,2026-05-05,2026-05-05,2026-05-05,2026-05-06,2026-05-05,2026-05-05,2026-05-05,2026-05-05,2026-05-05,2026-05-05,2026-05-05,2026-05-05,2026-05-01,2026-05-04,2026-05-05,2026-04-30,2026-05-05,2026-05-05,2026-05-05,2026-05-05,2026-05-05,40769.29,0.16,407.44,1263939912742,1146,640,154,3990267133,-48687,521,-1.79278,4.232884,0.812002,1.030525,-4.975405736520189,-0.020000000000000462,-0.020000000000000018,0.49999999999999956,-0.16773054363118378,0.010157546568989595,0.38491948969949785,5.123909262993798,-0.7559487469997794,-0.06319787543075384,4.473447936837083,3.137392929694083,-0.9975794891980305,4.017099278984926,2.6074394601590667,41138.85,0.90646661,1,1.0659795737,0.2833146697,1.790625,-70041240897.0,-0.285530337,-5183.0,-4464.0,3.729413411,2.9095357177,25.1650245315,2.3190513662,8.9193969736,1.5902103888
2026-05-06,2026-05-07,2026-05-06,2026-05-06,2026-05-06,2026-05-07,2026-05-06,2026-05-06,2026-05-06,2026-05-06,2026-05-06,2026-05-06,2026-05-06,2026-05-06,2026-05-01,2026-05-06,2026-05-06,2026-05-06,2026-05-06,2026-05-06,2026-05-06,2026-05-06,2026-05-06,41138.85,0.91,410.29,1828799564097,735,1066,146,75104907794,-50967,806,6.3614,4.482185,1.458833,2.02482,0.05753871901450491,-0.0699999999999994,-0.06000000000000005,0.4900000000000002,-0.4644147517347985,-0.46710672033583034,0.38491948969949785,6.451931011822665,1.2169376251500053,1.4515349396178268,5.000721641800521,5.178979356363977,5.765904239722497,18.614536695655758,-0.44926595281886694,41933.78,1.93230973,1,1.4727035311,-0.1837867851,0.6894934334,44361701847.0,1.1896727304,-2280.0,-5098.0,5.6830503951,4.0917237176,23.8010016305,2.4152348339,8.7577009227,1.5779594768
2026-05-07,2026-05-08,2026-05-07,2026-05-07,2026-05-07,2026-05-08,2026-05-07,2026-05-07,2026-05-07,2026-05-07,2026-05-07,2026-05-07,2026-05-07,2026-05-07,2026-05-07,2026-05-07,2026-05-07,2026-05-07,2026-05-07,2026-05-07,2026-05-07,2026-05-07,2026-05-07,41933.78,1.93,416.41,1503279901174,1037,734,175,46411526570,-51132,-411,-1.275329,-2.717394,-0.38031,-0.126709,-1.782630689032183,0.04999999999999982,0.04999999999999982,0.4900000000000002,-0.020386521399129442,0.2346494233938179,5.57980944196983,1.4285176809007982,1.5735998816819752,0.48020279767888585,-2.8626689102538627,-1.757136570156459,1.7658654364679505,-3.0684218286820997,-3.027455060384543,41603.94,-0.7865735,0,1.1865684847,0.1710897798,1.4128065395,138920677142.0,0.7295427024,-165.0,-4058.0,3.0183903065,6.6922284275,20.633242984,3.0447228828,9.8180795594,1.3737305513
2026-05-08,2026-05-11,2026-05-08,2026-05-08,2026-05-08,2026-05-11,2026-05-08,2026-05-08,2026-05-08,2026-05-08,2026-05-08,2026-05-08,2026-05-10,2026-05-08,2026-05-08,2026-05-08,2026-05-08,2026-05-08,2026-05-08,2026-05-08,2026-05-08,2026-05-08,2026-05-08,41603.94,-0.79,409.44,1583743081194,684,1111,151,-12084537571,-54530,361,-0.596403,5.505871,0.84257,1.70843,0.6440316794081857,-0.03000000000000025,-0.020000000000000018,0.48,-0.29019653733958206,-0.41730652631997156,-0.19128451571459593,0.10614342387316178,-0.8734542170985793,-0.5836047828251312,5.6747102267979965,4.895390415954437,1.7494075405400489,11.440535661732598,4.227264529913466,41790.06,0.44736148,1,1.2249249069,-0.2378830084,0.6156615662,180397864679.0,-0.6350282108,-3398.0,-10486.0,2.0472517427,6.8778365864,19.3418119191,0.9064714699,8.0007251977,1.4188855902
2026-05-11,2026-05-12,2026-05-11,2026-05-11,2026-05-11,2026-05-12,2026-05-11,2026-05-11,2026-05-11,2026-05-11,2026-05-11,2026-05-11,2026-05-11,2026-05-11,2026-05-11,2026-05-11,2026-05-11,2026-05-11,2026-05-11,2026-05-11,2026-05-11,2026-05-11,2026-05-11,41790.06,0.45,422.01,1390817143477,959,871,120,-10983504002,-54225,309,-1.734353,2.59471,0.187996,0.103062,6.92262123175218,0.040000000000000036,0.050000000000000266,0.46999999999999975,0.16229616472482888,0.10221392810589869,-0.4716190791303809,4.324356286676445,0.04974255526661864,1.640623183444001,2.394776526040232,1.7245066385727315,1.9702628035742187,0.7908798708686549,-0.36511798237645054,41898.32,0.25905682,1,1.0621764754,0.0480874317,1.1010332951,102438659924.0,-0.557624074,305.0,-10721.0,1.5829562567,2.6653145033,17.9915878528,0.8272600619,7.5939779848,1.4126790444
2026-05-12,2026-05-13,2026-05-12,2026-05-12,2026-05-12,2026-05-13,2026-05-12,2026-05-12,2026-05-12,2026-05-12,2026-05-12,2026-05-12,2026-05-12,2026-05-12,2026-05-12,2026-05-12,2026-05-12,2026-05-12,2026-05-12,2026-05-12,2026-05-12,2026-05-12,2026-05-12,41898.32,0.26,425.71,1668137230348,637,1195,122,-30493779941,-53072,-568,-1.794633,-3.011167,-0.160261,-0.70766,-2.1218683757119994,0.040000000000000036,0.04999999999999982,0.45999999999999996,0.4762074815726436,0.3573600831085155,0.520189746815447,-2.289501813613881,-0.22316069567085428,-0.07653799763502889,-3.147762449104907,-2.613176523466887,0.6106436032548013,-2.28862874178567,-2.13103775153336,41374.5,-1.25021719,0,1.2415149775,-0.3045851528,0.5330543933,67954612850.0,-0.9948086975,1153.0,-4385.0,-0.0845618974,2.7693148446,18.1656014884,0.5407099419,6.9856215518,1.4092315408
2026-05-13,2026-05-14,2026-05-13,2026-05-13,2026-05-13,2026-05-14,2026-05-13,2026-05-13,2026-05-13,2026-05-13,2026-05-13,2026-05-13,2026-05-13,2026-05-13,2026-05-13,2026-05-13,2026-05-13,2026-05-13,2026-05-13,2026-05-13,2026-05-13,2026-05-13,2026-05-13,41374.5,-1.25,420.54,1412081728711,592,1215,129,-43429473975,-52760,308,0.634311,2.566476,0.584925,1.204148,-0.6670313141271755,0.0,-0.020000000000000018,0.48,0.18380143583822672,0.1933080065484427,0.843986881414871,2.627972313085958,0.15382357323465712,1.01636080976506,2.3837648066354467,1.9973313091592448,2.287346263103318,-0.6223668812021521,-0.5986118104268079,41751.75,0.9117935,1,1.0430222782,-0.3447703376,0.4872427984,-50579768919.0,-1.1832935707,312.0,-1793.0,-0.5514862294,0.5728162066,13.9915230609,-0.8284252298,4.9674894949,1.4346209923
2026-05-14,2026-05-15,2026-05-14,2026-05-14,2026-05-14,2026-05-15,2026-05-14,2026-05-14,2026-05-14,2026-05-14,2026-05-14,2026-05-14,2026-05-14,2026-05-14,2026-05-14,2026-05-14,2026-05-14,2026-05-14,2026-05-14,2026-05-14,2026-05-14,2026-05-14,2026-05-14,41751.75,0.91,426.57,1504495927535,677,1146,122,4542624703,-51068,723,4.482245,0.464303,0.76556,0.882046,-3.41354550477867,0.009999999999999787,0.020000000000000018,0.46999999999999975,0.01710987032821354,0.40616763083833884,-0.9768262823148577,1.7516601168337864,0.002272242646506051,-1.6753511908250807,0.32937427206714,1.0271468149951168,4.388258239276421,0.9427636828353014,5.5183664503610785,41172.36,-1.38770231,0,1.0996422365,-0.2572682392,0.5907504363,-92448670786.0,0.0296583888,1692.0,64.0,-0.0916725173,-0.4340891758,13.6963967786,0.163219621,5.2530529637,1.4311269328
2026-05-15,2026-05-18,2026-05-15,2026-05-15,2026-05-15,2026-05-18,2026-05-15,2026-05-15,2026-05-15,2026-05-15,2026-05-15,2026-05-15,2026-05-17,2026-05-15,2026-05-15,2026-05-15,2026-05-15,2026-05-15,2026-05-15,2026-05-15,2026-05-15,2026-05-15,2026-05-15,41172.36,-1.39,411.18,1571094267515,476,1366,107,-10426586381,-50963,-487,-3.200707,-4.019622,-1.236332,-1.539616,6.778679378787822,0.1200000000000001,0.08999999999999986,0.5,0.07160020197189976,0.3944168694189232,-1.986721853142348,-6.117089222465677,-1.6154760040345773,-1.1193230947210586,-4.058268229016726,-3.803990555455361,-4.420122985552178,-5.692685214277915,-3.3197675753982803,40891.82,-0.68137945,0,1.1310015778,-0.4831704669,0.3484626647,-90790719596.0,-0.2828644127,105.0,3567.0,-1.7326709042,-1.0373536737,10.8810132064,-1.0217898725,3.2665485536,1.4933806923
2026-05-18,2026-05-19,2026-05-18,2026-05-18,2026-05-18,2026-05-19,2026-05-18,2026-05-18,2026-05-18,2026-05-18,2026-05-18,2026-05-18,2026-05-18,2026-05-18,2026-05-18,2026-05-18,2026-05-18,2026-05-18,2026-05-18,2026-05-18,2026-05-18,2026-05-18,2026-05-18,40891.82,-0.68,409.63,1204482931166,850,965,129,-45240962622,-44996,81,-2.077407,-2.467458,-0.073567,-0.512524,-3.309824201035161,0.020000000000000462,-0.019999999999999574,0.54,-0.1041563196208406,-0.30220150348341246,-0.9662053621010358,0.3050755853320597,-1.1075521567198376,-0.536461410468192,-2.487609960233883,-1.8298258653933197,-1.3314396868819633,-0.7333213450559373,-1.0536491828604277,40175.56,-1.75159726,0,0.8659336995,-0.0633608815,0.8808290155,-125048178216.0,-1.0832256869,5967.0,9229.0,-1.1666122853,-2.1494106493,11.1059728282,-1.2698178921,2.0398540848,1.4844958177
2026-05-19,2026-05-20,2026-05-19,2026-05-19,2026-05-19,2026-05-20,2026-05-19,2026-05-19,2026-05-19,2026-05-19,2026-05-19,2026-05-19,2026-05-19,2026-05-19,2026-05-19,2026-05-19,2026-05-19,2026-05-19,2026-05-19,2026-05-19,2026-05-19,2026-05-19,2026-05-19,40175.56,-1.75,398.18,1313594904758,676,1100,162,-63234953627,-45376,-100,-0.843548,0.02637,-0.667832,-0.843286,1.346800085456068,0.05999999999999961,0.05999999999999961,0.54,0.5549209970649338,0.3334362200509533,-0.43633188071360296,-3.2514446642434636,0.477776293556853,0.40053342497849975,0.17544822751009992,-0.40280344222384246,-0.769164563481417,-1.6484958318231269,-2.2913608724904,40020.82,-0.38515953,0,0.939728927,-0.2387387387,0.6145454545,-157789351902.0,-1.372626009,-380.0,7696.0,-3.7751471495,-4.1117639084,8.703637564,-2.1854592379,-0.1482271761,1.5663749951
2026-05-20,2026-05-21,2026-05-20,2026-05-20,2026-05-20,2026-05-21,2026-05-20,2026-05-20,2026-05-20,2026-05-20,2026-05-20,2026-05-20,2026-05-20,2026-05-20,2026-05-20,2026-05-20,2026-05-20,2026-05-20,2026-05-20,2026-05-20,2026-05-20,2026-05-20,2026-05-20,40020.82,-0.39,396.42,1195002017599,838,924,173,-46620615982,-42744,866,2.294901,4.491531,1.079203,1.544791,-3.432995294678509,-0.09999999999999964,-0.08999999999999986,0.5300000000000002,-0.434932134128041,-0.19134182836552105,-1.2323243909357573,-0.8623884998750997,-0.5687701532172573,-0.04491534001737074,4.744938556909384,3.805417739488859,1.296405694410474,8.098055734290321,1.6274606082193888,41368.21,3.36672262,1,0.8574067326,-0.0488081725,0.9069264069,-160980493909.0,-0.8947878715,2632.0,10016.0,-2.796876351,-3.271773677,6.4238876046,-1.9156736179,-0.830521173,1.5454680021
2026-05-21,2026-05-22,2026-05-21,2026-05-21,2026-05-21,2026-05-22,2026-05-21,2026-05-21,2026-05-21,2026-05-21,2026-05-21,2026-05-21,2026-05-21,2026-05-21,2026-05-21,2026-05-21,2026-05-21,2026-05-21,2026-05-21,2026-05-21,2026-05-21,2026-05-21,2026-05-21,41368.21,3.37,409.8,1208149695939,1503,314,131,60340682960,-44454,288,1.376923,1.276444,0.171533,0.086562,-3.8990841992684877,0.0,0.040000000000000036,0.4900000000000002,-0.12788229491633718,0.08072024070426842,3.1431301869525363,8.415090020069172,-1.0315324174528517,-1.3936152500535037,0.8456544050101655,0.5702603144241314,-1.7720529342800773,0.4490839237514699,-0.7635968898018541,42267.97,2.17500346,1,0.8668391702,0.654375344,4.7866242038,-105182435652.0,1.5752092972,-1710.0,6614.0,1.1650007263,-0.9186201776,9.2129909154,1.5775177545,2.0669337382,1.6810588247
2026-05-22,2026-05-25,2026-05-22,2026-05-22,2026-05-22,2026-05-25,2026-05-22,2026-05-22,2026-05-22,2026-05-22,2026-05-22,2026-05-22,2026-05-24,2026-05-22,2026-05-22,2026-05-22,2026-05-22,2026-05-22,2026-05-22,2026-05-22,2026-05-22,2026-05-22,2026-05-22,42267.97,2.18,423.25,1415844744936,1167,641,144,76136532653,-46483,179,-0.645955,1.993132,0.372697,0.193477,-0.3579920353401156,-0.010000000000000675,0.04999999999999982,0.4299999999999997,-0.354352809800873,0.1310588267146695,2.682909530280897,0.410974959403565,0.8646705798122101,1.2962304516767276,2.405137044980088,1.4862299022392778,-1.904237975665879,3.9858567970152414,-0.10372016021047425,43644.4,3.25643744,1,1.0270926079,0.2909292035,1.8205928237,-18619316618.0,1.7028120842,-2029.0,4480.0,5.2081663579,2.66103279,12.0745661774,3.2314031187,3.7043058099,1.7079882915
2026-05-25,2026-05-26,2026-05-25,2026-05-25,2026-05-25,2026-05-26,2026-05-22,2026-05-22,2026-05-22,2026-05-22,2026-05-25,2026-05-22,2026-05-25,2026-05-22,2026-05-25,2026-05-22,2026-05-22,2026-05-25,2026-05-22,2026-05-22,2026-05-22,2026-05-22,2026-05-22,43644.4,3.26,434.99,1537112961435,948,889,115,49459164170,-51458,519,-0.645955,1.993132,0.372697,0.193477,-0.6586862594382348,-0.010000000000000675,0.04999999999999982,0.4299999999999997,0.029903373699946556,0.1310588267146695,2.872036303619363,0.410974959403565,0.8646705798122101,1.5789147480566257,2.405137044980088,1.4862299022392778,-1.904237975665879,3.9858567970152414,-0.10372016021047425,43525.37,-0.27272686,0,1.1058167744,0.032117583,1.0663667042,76080810174.0,1.1219961713,-4975.0,-6462.0,9.0542372695,6.731370724,12.1030298672,5.1789075761,6.4659519059,1.7100260747
2026-05-26,2026-05-27,2026-05-26,2026-05-26,2026-05-26,2026-05-27,2026-05-26,2026-05-26,2026-05-26,2026-05-26,2026-05-26,2026-05-26,2026-05-26,2026-05-26,2026-05-26,2026-05-26,2026-05-26,2026-05-26,2026-05-26,2026-05-26,2026-05-26,2026-05-26,2026-05-26,43525.37,-0.27,439.3,1768677358242,766,1032,154,35436395452,-54391,574,1.928216,5.526473,0.610826,1.185125,2.5316460062143387,-0.05999999999999961,-0.1200000000000001,0.4900000000000002,-0.007951228100844254,-0.1510285202776962,-0.24878155608912822,2.545963162273024,-0.025697377944511324,0.5333631233569891,6.096813638488285,4.480151130636223,-0.21827019769956602,7.78165261125654,1.9003223158400528,44256.8,1.6804682,1,1.2550350705,-0.147942158,0.742248062,174752159253.0,0.7431412575,-2933.0,-9015.0,5.2145355093,8.337929826,9.8664121608,3.2254347965,5.6718023171,1.6977631226
2026-05-27,2026-05-28,2026-05-27,2026-05-27,2026-05-27,2026-05-28,2026-05-27,2026-05-27,2026-05-27,2026-05-27,2026-05-27,2026-05-27,2026-05-27,2026-05-27,2026-05-27,2026-05-27,2026-05-27,2026-05-27,2026-05-27,2026-05-27,2026-05-27,2026-05-27,2026-05-27,44256.8,1.68,440.19,1910660961220,585,1250,113,38127903304,-56302,445,2.524739,-1.356845,0.016488,0.069593,-4.232800139132165,-0.019999999999999574,-0.009999999999999787,0.4800000000000004,0.06360275198662446,0.040335702597471546,0.005108480383952951,2.2515092862820385,-1.0594710365930404,-0.8019680264777285,-1.0717686854514685,-1.1027359894549282,-1.0518451551782437,-1.6571088651838872,-0.03554996578062353,43636.44,-1.4017281,0,1.3244293779,-0.3623978202,0.468,259500678539.0,0.7220687056,-1911.0,-13558.0,4.7052886618,10.5844407986,11.9809279604,2.8927603688,6.8335095775,1.7082862396
2026-05-28,2026-05-29,2026-05-28,2026-05-28,2026-05-28,2026-05-29,2026-05-28,2026-05-28,2026-05-28,2026-05-28,2026-05-28,2026-05-28,2026-05-28,2026-05-28,2026-05-28,2026-05-28,2026-05-28,2026-05-28,2026-05-28,2026-05-28,2026-05-28,2026-05-28,2026-05-28,43636.44,-1.4,432.48,1915469258173,704,1107,136,-38136681812,-58196,950,0.503862,0.999428,0.575372,0.910001,-3.376311316747249,-0.03000000000000025,-0.009999999999999787,0.45999999999999996,-0.1331620395565447,-0.19151541493763746,-0.47121821838648215,-0.527545726781109,-1.2715863151094187,0.12306092003009361,0.9734370765806188,0.7271229370014787,0.7761024690098095,4.550594890766058,1.1188549245242152,44732.94,2.5128081,1,1.2905948099,-0.2225289895,0.6359530262,161023313767.0,-0.9424902372,-1894.0,-13742.0,-0.0182383078,5.4830267009,11.024310812,0.3916698853,4.78798028,1.7460985599
2026-05-29,2026-06-01,2026-05-29,2026-05-29,2026-05-29,2026-06-01,2026-05-29,2026-05-29,2026-05-29,2026-05-29,2026-05-29,2026-05-29,2026-05-31,2026-05-29,2026-05-29,2026-05-29,2026-05-29,2026-05-29,2026-05-29,2026-05-29,2026-05-29,2026-05-29,2026-05-29,44732.94,2.51,443.64,2206730866199,1372,449,136,80145461140,-60650,-246,-1.508726,0.001873,0.217226,0.20488,-2.668361387556162,0.0,-0.010000000000000231,0.4700000000000002,-0.03531969758715503,-0.1110815842112367,2.5294480751340442,3.5534519873386516,0.7047482206337552,-0.4495095636041113,-0.06847658934495682,-0.15004657793371567,-1.4515755474219683,-0.3841130240645252,4.732993360434157,45337.91,1.35240384,1,1.4415222674,0.5068643602,3.0556792873,165032242254.0,1.4669228803,-2454.0,-14167.0,2.7744049045,5.8317681213,14.9160356291,1.7601552713,6.6773891899,1.761032999
2026-06-01,2026-06-02,2026-06-01,2026-06-01,2026-06-01,2026-06-02,2026-06-01,2026-06-01,2026-06-01,2026-06-01,2026-06-01,2026-06-01,2026-06-01,2026-06-01,2026-06-01,2026-06-01,2026-06-01,2026-06-01,2026-06-01,2026-06-01,2026-06-01,2026-06-01,2026-06-01,45337.91,1.35,446.02,1839876934572,1243,599,108,36817371952,-64673,505,4.105626,1.062175,0.26253,0.42336,4.765010161736205,0.019999999999999574,0.06999999999999984,0.41999999999999993,-0.2623166699323165,0.293189035887087,0.9118538885412919,3.683623789082824,0.856904595411101,-0.9783151356883457,0.5008040170715766,1.4826448819402316,6.261249056985307,-1.1567469454628831,2.954543172466151,45557.31,0.48392173,1,1.1778230853,0.3496199783,2.0751252087,152390450036.0,0.5861858642,-4023.0,-13215.0,2.4428110482,3.8802458047,11.3812899305,2.3477821473,7.526121259,1.5337503754
2026-06-02,2026-06-03,2026-06-02,2026-06-02,2026-06-02,2026-06-03,2026-06-02,2026-06-02,2026-06-02,2026-06-02,2026-06-02,2026-06-02,2026-06-02,2026-06-02,2026-06-02,2026-06-02,2026-06-02,2026-06-02,2026-06-02,2026-06-02,2026-06-02,2026-06-02,2026-06-02,45557.31,0.48,440.64,1957950660960,855,952,139,10842948180,-67018,583,2.538851,5.866417,0.129209,0.026175,-1.7445407639044563,-0.009999999999999787,0.0,0.41000000000000014,0.47142964549633515,0.020165597859223006,-0.2989287307498478,0.1491782528443064,2.5204193090855753,1.4512081591413262,5.785677841558301,4.014416431462253,-0.6863938678656645,2.2366794807830104,4.695959746546929,46459.16,1.97959449,1,1.226171424,-0.0536801328,0.8981092437,127797002764.0,0.0045820485,-2345.0,-12627.0,4.4019860465,4.6684037379,11.7441829377,1.9081618136,7.4364630913,1.5312007834
2026-06-03,2026-06-04,2026-06-03,2026-06-03,2026-06-03,2026-06-04,2026-06-03,2026-06-03,2026-06-03,2026-06-03,2026-06-03,2026-06-03,2026-06-03,2026-06-03,2026-06-03,2026-06-02,2026-06-03,2026-06-03,2026-06-03,2026-06-03,2026-06-03,2026-06-03,2026-06-03,46459.16,1.98,446.82,1749275345056,1290,563,103,43396335647,-66772,-320,-2.238689,1.389237,-0.737204,-0.885513,1.838928343441748,0.03000000000000025,0.03000000000000025,0.41000000000000014,0.08672630642823087,0.31243454422480443,2.499302562414374,0.1491782528443064,-1.555819922860091,0.4934317560652435,1.7619207299603534,0.9000177541716337,-3.621760640406191,4.022710125359996,-0.48590989935035633,45677.46,-1.68255302,0,1.0982226908,0.3923367512,2.2912966252,133065435107.0,0.7903031982,246.0,-10470.0,3.8589460027,4.9763200231,12.9325686061,2.9115410801,8.880223987,1.5606273251
2026-06-04,2026-06-05,2026-06-04,2026-06-04,2026-06-04,2026-06-05,2026-06-04,2026-06-04,2026-06-04,2026-06-04,2026-06-04,2026-06-04,2026-06-04,2026-06-04,2026-06-04,2026-06-04,2026-06-04,2026-06-04,2026-06-04,2026-06-04,2026-06-04,2026-06-04,2026-06-04,45677.46,-1.68,440.1,1495274193614,824,1009,114,-75685430944,-69476,32,1.884635,-2.151763,0.405496,-0.085721,-4.109588227644323,-0.020000000000000462,-0.03000000000000025,0.41999999999999993,-0.007936817364084803,-0.12056175892615206,-1.3617196923569996,-1.841507219902172,-1.4817127194914015,-0.6896409902317213,-2.104993198874505,-1.6256458254117145,1.8207234747889878,-3.5611602574429746,-12.586859324621802,45070.94,-1.32783215,0,0.9389927301,-0.1009274414,0.8166501487,95516685975.0,-1.699493436,-2704.0,-11280.0,0.7489317439,4.6773293147,8.9275996583,0.2733170598,6.5807098021,1.6070490433
2026-06-05,2026-06-08,2026-06-05,2026-06-05,2026-06-05,2026-06-08,2026-06-05,2026-06-05,2026-06-05,2026-06-05,2026-06-05,2026-06-05,2026-06-07,2026-06-05,2026-06-05,2026-06-05,2026-06-05,2026-06-05,2026-06-05,2026-06-05,2026-06-05,2026-06-05,2026-06-05,45070.94,-1.33,431.07,1478429678231,661,1166,120,-82631158863,-69146,-3006,-6.686595,-10.256951,-2.644536,-4.179989,39.67532962143463,0.08000000000000007,0.1200000000000001,0.3799999999999999,0.2701335531519966,0.6639130956660466,-1.3080796197608047,-5.542280130705535,-1.154106644518249,-1.790714677098726,-10.444311493186198,-9.217093072068028,-6.2014073591381225,-10.860092889626117,-7.920553910320094,43502.78,-3.47931505,0,0.9314949952,-0.2764094143,0.5668953688,-67259934028.0,-1.6465640943,330.0,-8496.0,-1.0676003478,0.7555953175,8.3333453514,-1.2047551547,4.7418337294,1.6318645195
2026-06-08,2026-06-09,2026-06-08,2026-06-08,2026-06-08,2026-06-09,2026-06-08,2026-06-08,2026-06-08,2026-06-08,2026-06-08,2026-06-08,2026-06-08,2026-06-08,2026-06-08,2026-06-08,2026-06-08,2026-06-08,2026-06-08,2026-06-08,2026-06-08,2026-06-08,2026-06-08,43502.78,-3.48,412.57,1248879183852,186,1696,57,-93851546891,-65501,916,2.801256,5.612832,0.297813,0.856614,-12.040911785348351,0.009999999999999787,-0.019999999999999574,0.40999999999999925,-0.01931012262229581,-0.019982655268702132,-3.849809445402408,-8.285916832566576,-1.2214137173469752,-2.144104258142787,5.869164927554316,4.997449592079373,1.7259839984335112,5.135293417107589,2.818031993256742,44704.44,2.76226025,1,0.7903993265,-0.8023379384,0.1096698113,-197928852871.0,-1.6563265216,3645.0,-828.0,-6.3633952917,-4.047672246,4.0983908614,-3.8687589675,0.8967384164,1.8391210118
2026-06-09,2026-06-10,2026-06-09,2026-06-09,2026-06-09,2026-06-10,2026-06-09,2026-06-09,2026-06-09,2026-06-09,2026-06-09,2026-06-09,2026-06-09,2026-06-09,2026-06-09,2026-06-09,2026-06-09,2026-06-09,2026-06-09,2026-06-09,2026-06-09,2026-06-09,2026-06-09,44704.44,2.76,424.71,1378746806542,1361,444,128,-91733415946,-61871,-799,0.262424,-1.928309,-0.257639,-0.967386,5.021145661250648,-0.02999999999999936,-0.020000000000000462,0.40000000000000036,-0.13014202626587812,-0.1399294206677948,2.1742069607276315,8.183945117168022,-0.3697121807228254,1.8705272213753732,-1.6291884433840553,-1.1953262839234813,-0.21568105327770537,-3.022449618111711,-1.1195164833778026,43225.54,-3.30817252,0,0.8806555144,0.508033241,3.0653153153,-300505216997.0,-1.4767408191,3630.0,5147.0,-2.130197257,-1.8720815606,6.6974523084,-0.8395988941,3.347461709,1.921016605
2026-06-10,2026-06-11,2026-06-10,2026-06-10,2026-06-10,2026-06-11,2026-06-10,2026-06-10,2026-06-10,2026-06-10,2026-06-10,2026-06-10,2026-06-10,2026-06-10,2026-06-10,2026-06-10,2026-06-10,2026-06-10,2026-06-10,2026-06-10,2026-06-10,2026-06-10,2026-06-10,43225.54,-3.31,405.91,1602917737889,466,1366,108,-93573711945,-61949,-752,-4.479812,-3.56578,-1.619945,-1.983426,11.826866506623457,0.019999999999999574,0.0,0.41999999999999993,0.3452662184263211,0.04002931104682972,-1.8915058689026765,-4.521594525510098,-0.6429214912280323,-1.1083365271498447,-3.6699050672837297,-3.400963822772607,-3.7321697398258857,-4.860048241788084,-5.115258407605927,43149.46,-0.17600706,0,1.017639406,-0.4912663755,0.3411420205,-437475264589.0,-1.401765327,-78.0,4823.0,-4.0944342408,-6.9601344493,4.4738667537,-2.7245604443,-0.2848024242,2.0541093472
2026-06-11,2026-06-12,2026-06-11,2026-06-11,2026-06-11,2026-06-12,2026-06-11,2026-06-11,2026-06-11,2026-06-11,2026-06-11,2026-06-11,2026-06-11,2026-06-11,2026-06-11,2026-06-11,2026-06-11,2026-06-11,2026-06-11,2026-06-11,2026-06-11,2026-06-11,2026-06-11,43149.46,-0.18,407.09,1485144169440,761,1035,138,-35779281338,-63168,1163,3.014069,7.90549,1.751889,2.543396,-12.511246018023325,-0.09999999999999964,-0.08000000000000007,0.40000000000000036,-0.22369454265829258,-0.09004136131912643,0.059209150053507464,0.4285492592902118,-0.6500824686105577,-0.5513149874263656,8.387653430416698,6.750633352965307,2.220335789291372,7.968616002854234,3.6199948937802207,44169.04,2.36290327,1,0.9434484168,-0.1525612472,0.7352657005,-397569114983.0,-0.3940576219,-1219.0,6308.0,-0.8121779803,-5.5344583521,3.3476680618,-1.7781943133,-0.6205237723,2.0500030161
2026-06-12,2026-06-15,2026-06-12,2026-06-12,2026-06-12,2026-06-15,2026-06-12,2026-06-12,2026-06-12,2026-06-12,2026-06-12,2026-06-12,2026-06-14,2026-06-12,2026-06-12,2026-06-12,2026-06-12,2026-06-12,2026-06-12,2026-06-12,2026-06-12,2026-06-12,2026-06-12,44169.04,2.36,419.72,1312169728919,1413,413,112,28690268352,-65039,487,0.679218,1.518659,0.502551,0.306783,-9.053498871043908,0.03000000000000025,0.040000000000000036,0.39000000000000057,0.10766774191464101,-0.11015482643623731,2.807297078199067,4.632563486717767,1.9332960470168414,1.1627466939964526,1.5879248701756277,1.724507269688047,0.15620019126554308,4.733339039694395,-0.9077469547720596,45396.99,2.78011476,1,0.8404774108,0.547645126,3.4213075061,-286247687768.0,0.6483206374,-1871.0,4107.0,-1.1976439029,-2.0010676502,7.2783780187,0.9572242007,1.3778727506,2.0689486677
2026-06-15,2026-06-16,2026-06-15,2026-06-15,2026-06-15,2026-06-16,2026-06-15,2026-06-15,2026-06-15,2026-06-15,2026-06-15,2026-06-15,2026-06-15,2026-06-15,2026-06-15,2026-06-15,2026-06-15,2026-06-15,2026-06-15,2026-06-15,2026-06-15,2026-06-15,2026-06-15,45396.99,2.78,429.37,1237438742230,1251,542,142,46531920437,-66734,649,4.120964,5.445552,1.652839,3.071206,-8.371037990327757,-0.010000000000000675,-0.019999999999999574,0.39999999999999947,-0.298612606480253,-0.12030350534539824,4.994636453302226,5.1991642330602605,0.5039639554359265,2.394441672898817,5.400421334512573,4.377694149846056,3.5381814028240033,6.976562724637403,3.1067592037170355,45809.19,0.90798971,1,0.7917746722,0.3954266592,2.3081180812,-145864220440.0,0.8589702953,-1695.0,-1233.0,5.0235346973,4.354227477,11.0172890324,2.8731521205,3.6603503719,2.1176905473
2026-06-16,2026-06-17,2026-06-16,2026-06-16,2026-06-16,2026-06-17,2026-06-16,2026-06-16,2026-06-16,2026-06-16,2026-06-16,2026-06-16,2026-06-16,2026-06-16,2026-06-16,2026-06-16,2026-06-16,2026-06-16,2026-06-16,2026-06-16,2026-06-16,2026-06-16,2026-06-16,45809.19,0.91,430.26,1444319333257,559,1224,144,40798197749,-69847,-744,-3.527414,-5.712213,-0.568418,-1.152752,1.2962905838441063,-0.040000000000000036,-0.020000000000000462,0.3799999999999999,0.143723164615861,-0.09033056345641999,0.12550943124030045,2.113498167769845,-1.403716686739609,-0.1529113649108571,-5.920919922012525,-4.8060542048045996,-2.3723197733726886,-7.3036583173364145,-4.373765263630691,45877.39,0.14887842,1,0.9202982635,-0.3729669097,0.4566993464,-13332606745.0,0.6871714571,-3113.0,-7976.0,6.1639937093,2.4712310455,14.0225301153,3.2900666344,3.9330813401,2.0516904155
2026-06-17,2026-06-18,2026-06-17,2026-06-17,2026-06-17,2026-06-18,2026-06-17,2026-06-17,2026-06-17,2026-06-17,2026-06-17,2026-06-17,2026-06-17,2026-06-17,2026-06-17,2026-06-17,2026-06-17,2026-06-17,2026-06-17,2026-06-17,2026-06-17,2026-06-17,2026-06-17,45877.39,0.15,433.34,1318000029254,1123,585,197,-20683737771,-67394,25,1.484162,1.375414,-1.214828,-1.344689,12.370510088491216,0.0600000000000005,0.15000000000000036,0.29000000000000004,0.2360263790704975,0.552537087909033,0.7171725176321475,1.5772538120361723,-0.7421794700253614,0.9655596980196579,1.4359634623174689,1.2938264128449672,-1.3307023368657411,1.0230778916215488,4.2977364043015776,46465.2,1.28126295,1,0.8365314771,0.3149882904,1.9196581197,59557367429.0,-0.3601694915,2453.0,-5445.0,3.8677544271,6.1349146824,14.6338081029,2.2214055334,3.4008439368,2.0411102837
2026-06-18,2026-06-22,2026-06-18,2026-06-18,2026-06-18,2026-06-22,2026-06-18,2026-06-18,2026-06-18,2026-06-18,2026-06-18,2026-06-18,2026-06-21,2026-06-18,2026-06-19,2026-06-19,2026-06-18,2026-06-18,2026-06-18,2026-06-18,2026-06-18,2026-06-18,2026-06-18,46465.2,1.28,447.06,1781025368203,1093,665,179,21146738929,-68337,813,6.935092,6.416157,1.084621,1.90714,-11.062911369007722,-0.03000000000000025,-0.009999999999999787,0.2699999999999996,0.2089372068782236,0.7593187771381293,0.27665116301571757,-0.12599430342841167,-1.593234031388291,0.20704021897350877,6.622985848937546,5.755090127049223,2.9513846689763534,4.856777941973722,4.695854541522904,47741.51,2.74680836,1,1.1102284462,0.2434584755,1.6436090226,116483387696.0,0.3851306689,-943.0,-5169.0,2.3530414682,7.68431401,12.3210310526,2.0236405751,4.1275790751,1.9539305722
2026-06-22,2026-06-23,2026-06-22,2026-06-22,2026-06-22,2026-06-23,2026-06-22,2026-06-22,2026-06-22,2026-06-22,2026-06-22,2026-06-22,2026-06-22,2026-06-22,2026-06-22,2026-06-22,2026-06-22,2026-06-22,2026-06-22,2026-06-22,2026-06-22,2026-06-22,2026-06-22,47741.51,2.75,453.5,1685582451731,963,847,124,68457583377,-70290,455,1.200991,2.04256,-0.370505,-1.324877,5.36586029624615,0.04999999999999982,0.04999999999999982,0.2699999999999996,-0.04731370199756446,0.16856536590721394,1.5493297812896545,0.6863345199261461,-0.6532591567184443,2.3891058819135225,2.4333407243029237,1.3684258039190489,-0.968251232276296,2.653666913895192,-4.672420307650715,47100.65,-1.34235386,0,1.0419725729,0.0640883978,1.1369539551,156250702721.0,1.2163588505,-1953.0,-5251.0,4.2181928997,8.0881766957,12.949616459,3.2069095165,6.3356029238,1.9807404398
2026-06-23,2026-06-24,2026-06-23,2026-06-23,2026-06-23,2026-06-24,2026-06-23,2026-06-23,2026-06-23,2026-06-23,2026-06-23,2026-06-23,2026-06-23,2026-06-23,2026-06-23,2026-06-23,2026-06-23,2026-06-23,2026-06-23,2026-06-23,2026-06-23,2026-06-23,2026-06-23,47100.65,-1.34,440.81,1870925891720,424,1381,124,-38592352641,-76502,-1230,-6.688476,-7.873126,-1.436279,-2.214887,12.789346045458249,-0.009999999999999787,-0.08000000000000007,0.33999999999999986,0.0476551235367495,0.38606912690859474,-3.5458710093510537,-9.991826041360085,-1.818540838467897,-2.7723209701738583,-7.880794850090633,-7.005424830381091,-4.126528091164561,-5.761113249020289,-3.0551120386485997,46043.6,-2.24423654,0,1.1447349569,-0.5301939058,0.3070238957,71126429643.0,-0.5726146191,-6212.0,-9768.0,2.6663678993,3.7528038753,7.9191144797,1.0769850924,4.5059503891,1.9287907176
2026-06-24,2026-06-25,2026-06-24,2026-06-24,2026-06-24,2026-06-25,2026-06-24,2026-06-24,2026-06-24,2026-06-24,2026-06-24,2026-06-24,2026-06-24,2026-06-24,2026-06-24,2026-06-24,2026-06-24,2026-06-24,2026-06-24,2026-06-24,2026-06-24,2026-06-24,2026-06-24,46043.6,-2.24,442.09,1635940878553,887,866,173,-177403206868,-83605,503,1.017432,-0.180304,-0.098293,-0.431462,-4.412522424068877,-0.08999999999999986,-0.04999999999999982,0.2999999999999998,0.3340466665395114,0.19721619270280932,-0.8789629989679693,3.2567638153436995,0.32524632422943345,0.48034171219974997,-0.31323266917810955,-0.5031757807628545,-0.519892681982459,-0.021157133159144248,0.5050673309381137,46255.26,0.45969472,1,1.0050394892,0.0119794638,1.0242494226,-147074974974.0,-2.3945450925,-7103.0,-13758.0,-0.9073457125,0.51170955,5.7856601793,-1.2907307366,1.8759789018,2.0093714918
2026-06-25,2026-06-26,2026-06-25,2026-06-25,2026-06-25,2026-06-26,2026-06-25,2026-06-25,2026-06-25,2026-06-25,2026-06-25,2026-06-25,2026-06-25,2026-06-25,2026-06-25,2026-06-25,2026-06-25,2026-06-25,2026-06-25,2026-06-25,2026-06-25,2026-06-25,2026-06-25,46255.26,0.46,439.84,1524199304032,688,1067,156,-40510043503,-81051,-722,-1.324773,3.586437,-0.009921,-0.46333,1.3955997884818938,-0.009999999999999787,-0.020000000000000462,0.3100000000000005,0.16348102632479655,-0.17714821778817003,4.613482387731471,5.421782723356894,-1.4320304035125964,1.559372161561856,3.940151655366786,2.901832622725853,-1.6381881943899224,2.4685452978244093,-0.8270745155423476,44571.76,-3.63958607,0,0.9476406692,-0.215954416,0.6447985005,-166901280706.0,-0.301388748,2554.0,-13657.0,-3.1131189608,0.8236519122,4.5155998626,-0.9973707036,2.1185241354,1.9849598815
2026-06-26,2026-06-29,2026-06-26,2026-06-26,2026-06-26,2026-06-29,2026-06-26,2026-06-26,2026-06-26,2026-06-26,2026-06-26,2026-06-26,2026-06-28,2026-06-26,2026-06-26,2026-06-26,2026-06-26,2026-06-26,2026-06-26,2026-06-26,2026-06-26,2026-06-26,2026-06-26,44571.76,-3.64,415.26,1766598446028,159,1714,64,-143189215451,-76391,543,-0.606907,-5.288765,-0.047166,-0.240473,-2.5410246572022843,-0.020000000000000462,-0.019999999999999574,0.3099999999999996,-0.04080504718203537,-0.06901281141044047,-4.15311978159737,-5.812681042102652,-1.7552210348242725,-3.0254353470642648,-5.6397967173981485,-3.967783465882202,-1.6399339040476746,-2.0635766346647655,-3.665781983635308,44999.9,0.96056337,1,1.1034541717,-0.8302189002,0.0927654609,-331237235086.0,-1.6467651028,4660.0,-8054.0,-5.3691191098,-4.0749636287,2.1434379157,-3.8211012789,-1.6996587071,2.1320238121
2026-06-29,2026-06-30,2026-06-29,2026-06-29,2026-06-29,2026-06-30,2026-06-29,2026-06-29,2026-06-29,2026-06-29,2026-06-29,2026-06-29,2026-06-29,2026-06-29,2026-06-29,2026-06-29,2026-06-29,2026-06-29,2026-06-29,2026-06-29,2026-06-29,2026-06-29,2026-06-29,44999.9,0.96,412.93,1142530854870,1098,673,144,-4336207557,-76627,805,5.26194,3.832977,1.175006,2.065497,-4.128192477897652,0.0,0.02999999999999936,0.28000000000000025,0.05934599029766563,-0.2466456180885923,0.1545922689448087,-0.1968750083448656,1.5650251998795328,1.2057734539671738,4.137704350190363,3.330553065689168,1.2673362368860186,3.43379204680041,2.0355113191023344,46125.91,2.50225001,1,0.738182861,0.2399774139,1.6315007429,-404031026020.0,0.382613777,-236.0,-6337.0,-2.2667645449,-5.7426126656,0.5967861714,-1.7345720861,-0.7846288679,2.0712167239
2026-06-30,2026-07-01,2026-06-30,2026-06-30,2026-06-30,2026-07-01,2026-06-30,2026-06-30,2026-06-30,2026-06-30,2026-06-30,2026-06-30,2026-06-30,2026-06-30,2026-06-30,2026-06-30,2026-06-30,2026-06-30,2026-06-30,2026-06-30,2026-06-30,2026-06-30,2026-06-30,46125.91,2.5,426.97,1365324357604,1365,412,142,-508728992,-83063,649,4.937377,3.919133,0.79202,1.524314,-6.798860518563254,0.0600000000000005,0.040000000000000036,0.3000000000000007,-0.09885131953493165,0.07912355906611879,0.8553722605179281,0.9747883987686556,-0.6325712531150218,1.0657825728628056,4.298858180062415,3.7833530995638576,2.6260425117358155,7.677618428501676,1.4230064758388838,47018.99,1.9361786,1,0.895862339,0.53629713,3.3131067961,-365947402371.0,0.4770668604,-6436.0,-6561.0,-0.2796438719,-2.0694831175,1.7380598268,1.1548952762,1.6097206543,2.121873143
2026-07-01,2026-07-02,2026-07-01,2026-07-01,2026-07-01,2026-07-02,2026-07-01,2026-07-01,2026-07-01,2026-07-01,2026-07-01,2026-07-01,2026-07-01,2026-07-01,2026-07-01,2026-07-01,2026-06-30,2026-07-01,2026-07-01,2026-07-01,2026-07-01,2026-07-01,2026-07-01,47018.99,1.94,431.23,1528862239863,744,1029,150,32375599806,-84168,-867,-6.981175,-6.272775,-0.215083,-0.662597,0.8510600799718215,0.040000000000000036,0.03000000000000025,0.3100000000000005,0.1897318900919931,0.197644968294175,0.5889622598273858,-2.041770911147067,-0.6325712531150218,-0.4106934848080557,-6.408015002935741,-5.401819189879264,-1.2544327816355838,-6.890907388804502,-2.226341141524657,46744.16,-0.58450851,0,1.0174919247,-0.1607445008,0.72303207,-156168595697.0,0.9476063609,-1105.0,-563.0,5.4905393011,2.1184051638,3.2084422895,2.6741849718,3.4105803722,2.1580086824
2026-07-02,2026-07-03,2026-07-02,2026-07-02,2026-07-02,2026-07-03,2026-07-02,2026-07-02,2026-07-02,2026-07-02,2026-07-02,2026-07-02,2026-07-02,2026-07-02,2026-07-02,2026-07-02,2026-07-02,2026-07-02,2026-07-02,2026-07-02,2026-07-02,2026-07-02,2026-07-02,46744.16,-0.58,439.51,1246353658700,1169,593,139,-89046513677,-84487,-938,-2.266845,-5.444809,0.000137,-0.79631,-2.6522033153145053,0.009999999999999787,-0.03000000000000025,0.35000000000000053,0.11318580885453233,-0.5227327966144446,-2.4715338282268906,-7.892182852207275,0.7604983046640257,-2.95786989177127,-5.566117092438693,-4.540186788465473,-1.3918412665829716,-4.263422080760771,-2.4069919908501825,46780.62,0.07799905,1,0.8435939429,0.3269012486,1.9713322091,-204705065871.0,-0.7862455475,-319.0,-3436.0,3.876141947,1.0569608732,0.6134419994,1.856561768,2.7739268163,2.1232583942
2026-07-03,2026-07-06,2026-07-03,2026-07-03,2026-07-03,2026-07-06,2026-07-02,2026-07-02,2026-07-02,2026-07-02,2026-07-02,2026-07-02,2026-07-05,2026-07-02,2026-07-03,2026-07-03,2026-07-03,2026-07-03,2026-07-02,2026-07-02,2026-07-02,2026-07-02,2026-07-02,46780.62,0.08,445.38,1268079853573,1438,408,95,-77782612615,-81052,116,-2.266845,-5.444809,0.000137,-0.79631,-2.6522033153145053,0.009999999999999787,-0.03000000000000025,0.35000000000000053,-0.009085485277215977,-0.5227327966144446,1.470792329438031,5.756339282020484,1.2795472788229567,0.6207035804046246,-5.566117092438693,-4.540186788465473,-1.3918412665829716,-4.263422080760771,-2.4069919908501825,46556.39,-0.47932242,0,0.8649497513,0.5579631636,3.5245098039,-139298463035.0,-0.6123315326,3435.0,-4661.0,1.419397471,4.9557387907,2.4151080205,0.9640972285,2.7295063527,2.0856325616
2026-07-06,2026-07-07,2026-07-06,2026-07-06,2026-07-06,2026-07-07,2026-07-06,2026-07-06,2026-07-06,2026-07-06,2026-07-06,2026-07-06,2026-07-06,2026-07-06,2026-07-06,2026-07-06,2026-07-06,2026-07-06,2026-07-06,2026-07-06,2026-07-06,2026-07-06,2026-07-06,46556.39,-0.48,439.8,1289814733398,938,823,165,-25504496320,-80087,466,4.060716,2.169453,0.724151,1.116765,-3.5913308817702494,-0.009999999999999787,-0.009999999999999787,0.35000000000000053,0.3974618785651973,-0.009916851249203162,-0.009151763685999459,-0.45756936948684324,1.140431184215429,-0.0035092092541488817,2.682229524818802,2.0277246300241414,0.36955356666652506,6.610401294772261,3.731441596325391,45479.11,-2.31392511,0,0.8854709145,0.0653038047,1.1397326853,-160466751798.0,0.1421360443,965.0,-3460.0,-0.9838577987,3.4588743531,3.2958043475,-0.1904246811,2.070622343,2.0638335949
2026-07-07,2026-07-08,2026-07-07,2026-07-07,2026-07-07,2026-07-08,2026-07-07,2026-07-07,2026-07-07,2026-07-07,2026-07-07,2026-07-07,2026-07-07,2026-07-07,2026-07-07,2026-07-07,2026-07-07,2026-07-07,2026-07-07,2026-07-07,2026-07-07,2026-07-07,2026-07-07,45479.11,-2.31,419.47,1379255528327,261,1586,84,-54731070648,-80042,-488,-4.254189,-4.648168,-0.445511,-1.157953,3.5966568845119395,0.0699999999999994,0.0600000000000005,0.35999999999999943,0.25268356539331904,0.2875566880665481,-2.123280274385353,-4.906270339164164,-0.5057082810516644,-1.027266302664187,-5.128029926129319,-3.781230522507606,0.7056965494693257,-6.510280452154371,-0.834446420999746,45734.41,0.56135663,1,0.9426543296,-0.7173795344,0.1645649433,-214689093454.0,-0.3451310443,45.0,3021.0,-2.7063273787,-1.4022487578,4.5429970223,-2.2287970893,-0.5067636653,1.9740921603
2026-07-08,2026-07-09,2026-07-08,2026-07-08,2026-07-08,2026-07-09,2026-07-08,2026-07-08,2026-07-08,2026-07-08,2026-07-08,2026-07-08,2026-07-08,2026-07-08,2026-07-08,2026-07-08,2026-07-08,2026-07-08,2026-07-08,2026-07-08,2026-07-08,2026-07-08,2026-07-08,45734.41,0.56,421.39,1143544681510,724,1057,142,-37948987989,-81268,164,1.019489,2.231208,-0.281724,0.201253,4.77371666352322,0.009999999999999787,0.019999999999999574,0.34999999999999964,-0.08308174762022835,-0.08898194426906203,-2.106618933439819,-5.348790950173033,2.990056530086105,-0.7664438545718077,1.8742458282207108,1.9864111360369696,3.651044893523969,0.25188193018261806,4.830358628047282,45354.61,-0.83044692,0,0.7878900227,-0.1869736103,0.6849574267,-285013681249.0,-0.1265058074,-1226.0,2900.0,-2.2364175592,-2.7320450737,2.303954596,-1.1338954647,-0.0608449051,1.8900874216
2026-07-09,2026-07-13,2026-07-09,2026-07-09,2026-07-09,2026-07-13,2026-07-10,2026-07-10,2026-07-10,2026-07-10,2026-07-10,2026-07-10,2026-07-12,2026-07-10,2026-07-10,2026-07-10,2026-07-10,2026-07-10,2026-07-10,2026-07-10,2026-07-10,2026-07-10,2026-07-10,45354.61,-0.83,424.99,1172484093340,732,999,160,-47252816429,-80730,633,-0.652235,0.055248,0.420884,0.285111,-5.113638963471622,0.019999999999999574,0.04999999999999982,0.34999999999999964,0.005918645015356994,0.029719416060336457,1.201400542230946,2.5237527782554503,0.6031559272958509,-1.9588586120136142,-0.06188505140246603,0.5430123466312553,4.033932332484791,2.0431015042210676,-0.28420736767752475,45380.52,0.0571276,1,0.8199879187,-0.1542461005,0.7327327327,-243219984001.0,-0.3213833782,538.0,3757.0,-2.5813427545,-2.9726708106,4.9254908094,-1.3623401373,-1.1208022376,1.7354206042
2026-07-13,2026-07-14,2026-07-13,2026-07-13,2026-07-13,2026-07-14,2026-07-13,2026-07-13,2026-07-13,2026-07-13,2026-07-13,2026-07-13,2026-07-13,2026-07-13,2026-07-13,2026-07-13,2026-07-13,2026-07-13,2026-07-13,2026-07-13,2026-07-13,2026-07-13,2026-07-13,45380.52,0.06,419.9,1209865894779,567,1259,105,-19559763888,-81066,-507,-2.886365,-4.776527,-0.792702,-1.554051,14.171657699822537,0.0600000000000005,0.04999999999999982,0.3600000000000003,0.19595735310091733,0.30701946602551544,-1.9180916082466526,-8.948838151034655,0.15967475599791836,-1.7865280749026269,-4.77002102433941,-4.158557347652348,-3.521998340020871,-4.212299805152253,-3.9803018674267387,44737.95,-1.41595998,0,0.8543551959,-0.3789704272,0.4503574265,-184997135274.0,0.12191554,-336.0,-14.0,-0.2167808473,-2.9929060367,5.1705397935,-0.7012711842,-1.3043434149,1.7332627944
2026-07-14,2026-07-15,2026-07-14,2026-07-14,2026-07-14,2026-07-15,2026-07-14,2026-07-14,2026-07-14,2026-07-14,2026-07-14,2026-07-14,2026-07-14,2026-07-14,2026-07-14,2026-07-14,2026-07-14,2026-07-14,2026-07-14,2026-07-14,2026-07-14,2026-07-14,2026-07-14,44737.95,-1.42,407.41,1385102880497,349,1464,100,-51892812507,-83390,225,-0.282265,2.544177,0.375898,0.903755,-3.846152991147278,-0.040000000000000036,-0.08000000000000007,0.40000000000000036,-0.08736726929839955,-0.3356993897990934,0.7447250626200441,0.733074984686799,0.5245363452491159,2.1536088604385606,2.584851779634434,2.5084530179791065,4.063285177645359,2.5711539994650146,1.3175361852430179,45631.59,1.99749877,1,0.975587761,-0.6150027579,0.2383879781,-211385451461.0,-0.3516088335,-2324.0,-3303.0,-2.1787971027,-3.9058870329,1.2880288999,-1.3220234456,-2.7619903068,1.7001890696
2026-07-15,2026-07-16,2026-07-15,2026-07-15,2026-07-15,2026-07-16,2026-07-15,2026-07-15,2026-07-15,2026-07-15,2026-07-15,2026-07-15,2026-07-15,2026-07-15,2026-07-15,2026-07-15,2026-07-15,2026-07-15,2026-07-15,2026-07-15,2026-07-15,2026-07-15,2026-07-15,45631.59,2,416.41,1159852880511,1523,293,104,-1415388772,-79557,-249,-0.216467,-2.077409,0.381914,0.621368,-5.030302567915479,-0.03000000000000025,-0.04999999999999982,0.41999999999999993,0.23962128796235493,-0.4359049244739843,1.4879771675511355,6.235827244561398,1.39835220254374,-0.20265224317210784,-2.2274200168278746,-1.589175270467258,0.33049902651376417,-3.464504782662825,1.3286766267545769,45624.98,-0.01448558,0,0.8191727303,0.6773127753,5.1979522184,-158069769585.0,0.5585716523,3833.0,485.0,0.6106986699,0.3352748108,0.51677435,0.5814121623,-0.8449420166,1.6456922253
2026-07-16,2026-07-17,2026-07-16,2026-07-16,2026-07-16,2026-07-17,2026-07-16,2026-07-16,2026-07-16,2026-07-16,2026-07-16,2026-07-16,2026-07-16,2026-07-16,2026-07-16,2026-07-16,2026-07-16,2026-07-16,2026-07-16,2026-07-16,2026-07-16,2026-07-16,2026-07-16,45624.98,-0.01,407.01,1073427296094,626,1113,159,-48334970779,-84453,-976,-2.321927,-4.285784,-0.510141,-1.474277,6.7645147465313915,0.020000000000000462,0.03000000000000025,0.41000000000000014,0.16578843836740909,0.22885906162546377,-2.7868025167175348,-6.367160122028581,1.3269262925206249,-1.8454962984497558,-4.46089625947399,-3.6985689690940626,-2.400002872242646,-5.329404585999309,-5.029417326179331,42671.27,-6.47388777,0,0.7681941386,-0.2800460035,0.5624438455,-168455752375.0,-0.1919858983,-4896.0,-3185.0,0.5386892878,-0.2392727926,-0.4021245519,0.6153804763,-0.839459275,1.6335834549
2026-07-17,2026-07-20,2026-07-17,2026-07-17,2026-07-17,2026-07-20,2026-07-17,2026-07-17,2026-07-17,2026-07-17,2026-07-17,2026-07-17,2026-07-19,2026-07-17,2026-07-17,2026-07-16,2026-07-17,2026-07-17,2026-07-17,2026-07-17,2026-07-17,2026-07-17,2026-07-17,42671.27,-6.47,378.44,1315378258408,145,1745,48,-188314549057,-86189,877,-2.774929,-1.631433,-1.009854,-1.397534,12.193669882519643,-0.020000000000000462,0.019999999999999574,0.3700000000000001,0.15093593640875813,0.019851724808894744,-4.031415032398211,-6.367160122028581,-1.7848235485871555,-3.6041717221422243,-1.638077745788169,-2.177802500433157,-2.2131130535045007,-1.034054507632809,-0.9667580496069306,42449.7,-0.51924867,0,0.941433738,-0.8465608466,0.0830945559,-309517485003.0,-2.2361570186,-1736.0,-5459.0,-4.6195232459,-5.9163555811,-6.9884533536,-4.7713171442,-6.9347562375,2.156134973
2026-07-20,2026-07-21,2026-07-20,2026-07-20,2026-07-20,2026-07-21,2026-07-20,2026-07-20,2026-07-20,2026-07-20,2026-07-20,2026-07-20,2026-07-20,2026-07-20,2026-07-17,2026-07-20,2026-07-20,2026-07-17,2026-07-20,2026-07-20,2026-07-20,2026-07-20,2026-07-20,42449.7,-0.52,368.53,1101999609109,622,1168,143,-6083677676,-78337,317,0.986518,0.599286,-0.193225,-0.047687,-0.6393225162856231,0.04999999999999982,0.03000000000000025,0.3899999999999997,-0.11480806865203919,0.23821127917571516,-4.031415032398211,-4.461925252436016,2.3646480994113483,-3.6041717221422243,0.44652595786689453,0.413272900273598,0.23174460152899368,1.5753585212098908,1.9766516612095275,44232.87,4.20066573,1,0.8083584124,-0.305027933,0.5325342466,-296041398791.0,0.665323224,7852.0,2729.0,-6.972998311,-6.4583217645,-8.6419513959,-4.010117066,-7.0108091334,2.1239994342
2026-07-21,2026-07-22,2026-07-21,2026-07-21,2026-07-21,2026-07-22,2026-07-21,2026-07-21,2026-07-21,2026-07-21,2026-07-21,2026-07-21,2026-07-21,2026-07-21,2026-07-21,2026-07-21,2026-07-21,2026-07-17,2026-07-21,2026-07-21,2026-07-21,2026-07-21,2026-07-21,44232.87,4.2,381.96,962022667867,1540,289,99,-4331862847,-78490,586,5.545612,5.213883,0.885637,1.290339,-8.579090692741875,0.03000000000000025,0.04999999999999982,0.3700000000000001,0.15336368301654968,0.1881398608033935,3.260102677646759,3.555410918928059,-0.04280196084249788,-3.6041717221422243,5.44701549110278,4.518368596499456,1.9726458731385677,8.114062544883694,2.2054147073000685,44825.78,1.34042851,1,0.724917844,0.6839803171,5.3287197232,-248480449131.0,0.8165766335,-153.0,4900.0,-3.0512013375,-1.1289743942,-7.349243876,0.2510942253,-2.7308418937,2.2524065441
2026-07-22,2026-07-23,2026-07-22,2026-07-22,2026-07-22,2026-07-23,2026-07-22,2026-07-22,2026-07-22,2026-07-22,2026-07-22,2026-07-22,2026-07-22,2026-07-22,2026-07-22,2026-07-22,2026-07-22,2026-07-17,2026-07-22,2026-07-22,2026-07-22,2026-07-22,2026-07-22,44825.78,1.34,395.18,1136933316452,1065,721,142,17343992601,-76595,389,-0.800733,0.441155,-0.136369,-0.566278,-2.4046912947709553,0.040000000000000036,0.04999999999999982,0.3600000000000003,0.16612166048495247,-0.039534409376051904,-0.17602610135744046,0.7372609245776429,-0.9534702774350645,-3.6041717221422243,0.5120441978944124,0.4845151300994166,2.301126164771805,1.4510634095001196,2.667528475703418,44850.81,0.0558384,1,0.8810850873,0.1926091825,1.4771151179,-229721067758.0,1.109091064,1895.0,2962.0,5.0490880632,-1.7659038399,-4.8298059581,1.9673382632,-1.1798447251,2.2694458601
2026-07-23,2026-07-24,2026-07-23,2026-07-23,2026-07-23,2026-07-24,2026-07-23,2026-07-23,2026-07-23,2026-07-23,2026-07-23,2026-07-23,2026-07-23,2026-07-23,2026-07-23,2026-07-23,2026-07-23,2026-07-17,2026-07-23,2026-07-23,2026-07-23,2026-07-23,2026-07-23,44850.81,0.06,392.11,1065211364127,644,1080,174,6957913275,-75198,-521,-1.336627,-0.538489,-1.20897,-2.153334,12.379816399347465,0.040000000000000036,0.0600000000000005,0.33999999999999986,-0.2473849217723867,0.28673217053334366,0.46433820875060317,4.401340641832996,1.2780891581212428,-3.6041717221422243,-0.7704545554427567,-1.1483857052664526,-1.556164807012217,-2.288489536570204,-1.0937215202723727,43654.84,-2.66655162,0,0.8441716817,-0.252900232,0.5962962963,-174428183704.0,0.8798369965,1397.0,9255.0,5.6563650627,-1.6968117027,-2.5905663328,2.3848832329,-0.9944950953,2.2217870134
2026-07-24,2026-07-27,2026-07-24,2026-07-24,2026-07-24,2026-07-27,2026-07-24,2026-07-24,2026-07-24,2026-07-24,2026-07-24,2026-07-24,2026-07-26,2026-07-24,2026-07-24,2026-07-24,2026-07-24,2026-07-17,2026-07-24,2026-07-24,2026-07-24,2026-07-24,2026-07-24,43654.84,-2.67,377.63,944473450817,556,1216,150,-60950489295,-76260,-445,-2.928433,-4.252809,0.049676,-0.64393,-0.6417156916443623,-0.019999999999999574,-0.040000000000000036,0.3600000000000003,0.0721389858897803,0.039436966782013805,-2.7271637701446028,-5.724620385896085,-0.9820393424664786,-3.6041717221422243,-4.395541125100144,-3.271451648281709,-0.9197155678610791,-3.2870703837618365,-2.688100430645657,43634.19,-0.04730289,0,0.7660859026,-0.3724604966,0.4572368421,-47064123942.0,-0.3934174747,-1062.0,9929.0,-1.306788368,2.3049935003,-5.6218903537,-0.7907678602,-3.3571498156,2.2855408625
2026-07-27,2026-07-28,2026-07-27,2026-07-27,2026-07-27,2026-07-28,2026-07-27,2026-07-27,2026-07-27,2026-07-27,2026-07-27,2026-07-27,2026-07-27,2026-07-27,2026-07-27,2026-07-27,2026-07-27,2026-07-17,2026-07-27,2026-07-27,2026-07-27,2026-07-27,2026-07-27,43634.19,-0.05,378.09,851077935128,767,977,173,8040249858,-78699,-708,-1.070873,-2.233714,0.016193,-0.17513,0.4843926423974798,-0.040000000000000036,-0.020000000000000462,0.34000000000000075,-0.06281056383515837,0.039421420169638566,0.4953370687406755,0.9734506170091528,0.9772341726980605,-3.6041717221422243,-2.0455075040546444,-2.2523591998161563,-4.994199387907427,-5.172909161517647,0.3403822128359657,41603.36,-4.65421725,0,0.7169509169,-0.120412844,0.7850562948,-32940196408.0,0.8479311859,-2439.0,-362.0,-2.6582694155,2.7903377409,-2.1035067944,-1.3686983125,-3.3025126301,2.1502279241
2026-07-28,2026-07-29,2026-07-28,2026-07-28,2026-07-28,2026-07-29,2026-07-28,2026-07-28,2026-07-28,2026-07-28,2026-07-28,2026-07-28,2026-07-28,2026-07-28,2026-07-28,2026-07-28,2026-07-28,2026-07-17,2026-07-28,2026-07-28,2026-07-28,2026-07-28,2026-07-28,41603.36,-4.65,352.42,886955404714,147,1705,73,-87484625299,-82255,316,-1.698865,-4.493341,0.210431,-0.221281,-2.463851044143117,-0.040000000000000036,-0.04999999999999982,0.35000000000000053,0.1913253481581556,-0.128071007857955,-3.9522908415368763,-10.836544332605557,0.4112714042595167,-3.6041717221422243,-4.798246895924196,-3.454564329364873,0.2544399847217882,-8.148301059738984,-0.6027862719157451,40039.18,-3.75974441,0,0.7553049863,-0.8412526998,0.0862170088,-116092958860.0,-1.0347552156,-3556.0,-3765.0,-7.2405604269,-5.9446967832,-7.5478834397,-4.8278488558,-7.4547271611,2.3526869008
2026-07-29,2026-07-30,2026-07-29,2026-07-29,2026-07-29,2026-07-30,2026-07-29,2026-07-29,2026-07-29,2026-07-29,2026-07-29,2026-07-29,2026-07-29,2026-07-29,2026-07-29,2026-07-29,2026-07-29,2026-07-17,2026-07-29,2026-07-29,2026-07-29,2026-07-29,2026-07-29,40039.18,-3.76,334.24,1149551025912,339,1510,87,-22251858551,-82785,-683,-4.49644,-5.329889,-1.516129,-1.744472,13.454150939680854,0.05999999999999961,-0.040000000000000036,0.4500000000000002,-0.04603973420009844,-0.5720992477543207,-1.4923941869365187,-5.983403985715185,1.963862612955869,-3.6041717221422243,-5.383956357614661,-4.792291453026321,-3.553119230079016,-5.512295505641807,-2.7801833073632265,39933.3,-0.26444098,0,0.9880007179,-0.6333153056,0.2245033113,-155688810012.0,0.3236082997,-530.0,-6190.0,-8.282380602,-10.6782302505,-13.1959022597,-6.3552852204,-10.3271197721,2.3671049388
2026-07-30,2026-07-31,2026-07-30,2026-07-30,2026-07-30,2026-07-31,2026-07-30,2026-07-30,2026-07-30,2026-07-30,2026-07-30,2026-07-30,2026-07-30,2026-07-30,2026-07-30,2026-07-30,2026-07-30,2026-07-17,2026-07-30,2026-07-30,2026-07-30,2026-07-30,2026-07-30,39933.3,-0.26,326.23,1201675334032,453,1342,111,-48311819675,-81017,1573,7.644056,8.18857,1.660436,2.778881,-17.27976631747846,0.009999999999999787,0.010000000000000675,0.4499999999999993,0.14251061606802562,-0.783731043263658,0.7052071026459883,-1.2303941365281013,0.19746239779985242,-3.6041717221422243,8.501075006300397,6.877954684344134,2.6472285272951313,12.997024259045054,4.731040361622418,43119.75,7.9794307,1,1.0475283951,-0.495264624,0.3375558867,-210958542962.0,-0.1395529116,1768.0,-5819.0,-8.4816287411,-10.9641498113,-15.0698473106,-4.4039813876,-9.8489339281,2.2930845032
2026-07-31,2026-08-03,2026-07-31,2026-07-31,2026-07-31,2026-08-03,2026-07-31,2026-07-31,2026-07-31,2026-07-31,2026-07-31,2026-07-31,2026-08-02,2026-07-31,2026-07-31,2026-07-31,2026-07-31,2026-07-17,2026-07-31,2026-07-31,2026-07-31,2026-07-31,2026-07-31,43119.75,7.98,347.85,856073926513,1651,222,75,67553825161,-82515,-1077,0.233072,0.071573,0.700362,1.001784,-6.436514755110501,0.07000000000000028,0.04999999999999982,0.46999999999999975,-0.3145609094511337,-0.20997808217881886,4.032153681428952,17.911493328465845,0.09880098161996198,-3.6041717221422243,0.07135668245925597,0.3024688827180544,2.9276081370092744,-1.9036281079341077,0.37128776170669564,43386.41,0.61841731,1,0.7591737439,0.7629471436,7.4369369369,-82454228506.0,2.0292300113,-1498.0,-6255.0,3.6448738756,-1.2257289226,-7.7537172558,3.4891651112,-2.2555069237,2.985808909
2026-08-03,2026-08-04,2026-08-03,2026-08-03,2026-08-03,2026-08-04,2026-08-03,2026-08-03,2026-08-03,2026-08-03,2026-08-03,2026-08-03,2026-08-03,2026-08-03,2026-08-03,2026-08-03,2026-08-03,2026-07-17,2026-08-03,2026-08-03,2026-08-03,2026-08-03,2026-08-03,43386.41,0.62,362.89,920722011824,1207,586,133,-19190915634,-90038,-67,0.460108,1.054449,1.479091,2.128375,-0.8130088574218153,-0.04999999999999982,-0.03000000000000025,0.4500000000000002,0.3186484533235223,0.16031666114466603,-0.9432909317819371,-5.1247449376575105,0.4828026139024777,-3.6041717221422243,0.5525912468850258,0.9120663808806828,2.9339972053043173,1.7830559405192181,0.7578124271172104,43360.66,-0.05935038,0,0.8292767412,0.3463469046,2.0597269625,-109685393998.0,0.243913258,-7523.0,-11339.0,8.3598864912,-0.5678574531,-7.2555900285,4.2531550062,-1.2712261956,2.9920752528
2026-08-04,2026-08-05,2026-08-04,2026-08-04,2026-08-04,2026-08-05,2026-08-04,2026-08-04,2026-08-04,2026-08-04,2026-08-04,2026-08-04,2026-08-04,2026-08-04,2026-08-04,2026-08-04,2026-08-04,2026-07-17,2026-08-04,2026-08-04,2026-08-04,2026-08-04,2026-08-04,43360.66,-0.06,375.03,1170439624872,1164,611,144,-5731532826,-87858,1195,2.723407,6.551944,1.789619,2.589691,4.035311205402881,-0.07000000000000028,-0.04999999999999982,0.4299999999999997,-0.002778949738335701,-0.07002770654795931,0.3178309705859528,1.6220664461066736,-0.6016304351499135,-3.6041717221422243,6.801534390764696,5.545777652155115,2.564848561465549,7.0031366407139695,6.6109150114688875,44611.6,2.88496531,1,1.0598905409,0.3115492958,1.9050736498,-27932301525.0,0.4945189063,2180.0,-5603.0,8.5827116717,4.223937682,-6.8642134839,3.3187300949,-0.9697429143,2.9924373831
2026-08-05,2026-08-06,2026-08-05,2026-08-05,2026-08-05,2026-08-06,2026-08-05,2026-08-05,2026-08-05,2026-08-05,2026-08-05,2026-08-05,2026-08-05,2026-08-05,2026-08-05,2026-08-05,2026-08-05,2026-07-17,2026-08-05,2026-08-05,2026-08-05,2026-08-05,2026-08-05,44611.6,2.88,383.75,1283442671543,1260,504,173,90308325824,-87199,-259,-0.759885,-1.398935,-0.167649,-0.833368,-4.18181563868667,0.0,-0.020000000000000462,0.4500000000000002,-0.4022170511909673,-0.200217188371421,3.6632218351923873,3.763350285223299,0.2433009146165288,-3.6041717221422243,-2.1227954665517856,-1.0439300231446125,3.43493379986608,-7.04424160072219,0.028695981475190813,44396.7,-0.48171328,0,1.1672842157,0.4285714286,2.5,84627882850.0,2.0371802189,659.0,-4414.0,3.4597835099,11.419864243,-1.9074911536,4.0325594142,1.9882794728,3.0326462716
2026-08-06,2026-08-07,2026-08-06,2026-08-06,2026-08-06,2026-08-07,2026-08-06,2026-08-06,2026-08-06,2026-08-06,2026-08-06,2026-08-06,2026-08-06,2026-08-06,2026-08-06,2026-08-06,2026-08-06,2026-07-17,2026-08-06,2026-08-06,2026-08-06,2026-08-06,2026-08-06,44396.7,-0.48,391.37,1137206097968,965,775,185,2019818140,-89383,285,1.014496,0.331509,-0.175953,-0.057238,-4.174578011190377,0.0600000000000005,0.07000000000000028,0.4400000000000004,-0.17977012124817948,0.2808694677898682,-0.9308832803705092,-4.575143955156258,-1.487666649081687,-3.6041717221422243,0.3429446546740822,0.3124395688220316,-0.10491548501886383,1.4998467315454622,0.5474822013017633,44225.91,-0.38469075,0,1.0345810508,0.1091954023,1.2451612903,134959520665.0,0.4120217241,-2184.0,-8366.0,2.3285863016,11.1771378774,-2.9249530058,1.4201614144,1.6524245957,3.030643945
